run_id,round,logical_round,physical_round,phase,client_id,num_examples,distance_m,train_loss,phase1_loss,phase2_loss,local_steps,local_precision_mean,local_precision_min,local_precision_max,local_precision_delta_l2,local_precision_delta_max_abs,local_precision_changed_fraction,local_precision_gradient_l2_mean,local_precision_gradient_max_abs,local_nu_l2,local_implied_mean_l2,sparse_enabled,sparse_selection,sparse_keep_ratio,sparse_kept_coordinates,sparse_total_coordinates,sparse_score_threshold,sparse_score_mean,sparse_selected_score_mean,sparse_dropped_score_mean
fig2_default_proposed_rep00_seed12025,1,1,1,precision,0,13,199.1267461978683,2.9209249815879725,2.9209249815879725,0.0,6,400.00000047182687,399.99972477343925,400.00022770588293,0.003212430078496745,0.00027522656068867946,1.0,0.013070056125277667,0.0013300869747309096,0.0,0.0,False,,1.0,0,0,nan,nan,nan,nan
fig2_default_proposed_rep00_seed12025,1,1,1,precision,1,9,147.8602172950435,4.0724569108751085,4.0724569108751085,0.0,3,400.00000027706017,399.9998980889904,400.00009606423055,0.0016898706018101993,0.00010191100955125876,1.0,0.009689621184138172,0.000839589947399956,0.0,0.0,False,,1.0,0,0,nan,nan,nan,nan
fig2_default_proposed_rep00_seed12025,1,1,1,precision,2,9,80.22145196199898,3.338320004498517,3.338320004498517,0.0,3,400.00000015331483,399.99989327942427,400.0000935376882,0.001397323893120891,0.00010672057567262527,1.0,0.008061217567666088,0.0007760258503564715,0.0,0.0,False,,1.0,0,0,nan,nan,nan,nan
fig2_default_proposed_rep00_seed12025,1,1,1,precision,3,7,154.96644013227524,2.4402882984706333,2.4402882984706333,0.0,3,400.0000000757863,399.9999152956028,400.0000696719174,0.0011599396111302508,8.470439712482403e-05,1.0,0.0066329919706705,0.0006364517371522362,0.0,0.0,False,,1.0,0,0,nan,nan,nan,nan
fig2_default_proposed_rep00_seed12025,1,1,1,precision,4,10,146.94350765929232,2.5743189016977945,2.5743189016977945,0.0,3,400.0000001434071,399.99987219353443,400.00013393182616,0.0016660010167830208,0.00013393182621257438,1.0,0.00944483761109288,0.0009162233070419982,0.0,0.0,False,,1.0,0,0,nan,nan,nan,nan
fig2_default_proposed_rep00_seed12025,1,1,1,precision,5,4,38.38001072858655,4.496781857808432,4.496781857808432,0.0,3,400.00000015296007,399.9999389496368,400.00008867104975,0.0010092017978805296,8.867104980936347e-05,1.0,0.005868232729228591,0.0005188835767573598,0.0,0.0,False,,1.0,0,0,nan,nan,nan,nan
fig2_default_proposed_rep00_seed12025,1,1,1,precision,6,8,165.44306199848342,3.789230473836263,3.789230473836263,0.0,3,400.00000018562406,399.99991726297225,400.0000914027182,0.0014734033884952035,9.140271828300683e-05,1.0,0.008532519920368136,0.0007162427731532252,0.0,0.0,False,,1.0,0,0,nan,nan,nan,nan
fig2_default_proposed_rep00_seed12025,1,1,1,precision,7,15,104.851163315962,4.134274414910211,4.134274414910211,0.0,6,400.00000089395957,399.9996916217159,400.00030081372176,0.004761105693754423,0.00030837828404628453,1.0,0.019444755312604426,0.0024769586268248754,0.0,0.0,False,,1.0,0,0,nan,nan,nan,nan
fig2_default_proposed_rep00_seed12025,1,1,1,precision,8,10,187.13523385314198,3.0866560490926105,3.0866560490926105,0.0,3,400.00000016743127,399.99990054045395,400.0000994332806,0.0014454205043903877,9.945954599288598e-05,1.0,0.008310927236187572,0.0008275668708633624,0.0,0.0,False,,1.0,0,0,nan,nan,nan,nan
fig2_default_proposed_rep00_seed12025,1,1,1,precision,9,18,186.7160387868168,3.826021459367541,3.826021459367541,0.0,6,400.00000089140156,399.99962525923695,400.000322782571,0.004401519138478538,0.00037474076299304215,1.0,0.01770183650004685,0.0016385416104594463,0.0,0.0,False,,1.0,0,0,nan,nan,nan,nan
fig2_default_proposed_rep00_seed12025,1,1,1,precision,10,9,76.48746966673045,2.7781394958496093,2.7781394958496093,0.0,3,400.0000001252602,399.9999056533997,400.0001014011707,0.0014634570594277117,0.0001014011707525242,1.0,0.008531457177469273,0.0009621876069792878,0.0,0.0,False,,1.0,0,0,nan,nan,nan,nan
fig2_default_proposed_rep00_seed12025,1,1,1,precision,11,11,126.25830709920183,3.3086020614161633,3.3086020614161633,0.0,6,400.0000004456685,399.9997515619902,400.00019664547995,0.0031916911720384104,0.0002484380097484973,1.0,0.012416329950510811,0.001433376939792396,0.0,0.0,False,,1.0,0,0,nan,nan,nan,nan
fig2_default_proposed_rep00_seed12025,1,1,1,precision,12,16,78.58449000029097,2.8427562236785886,2.8427562236785886,0.0,6,400.000000612185,399.9996534925314,400.0003082450228,0.003952316405694224,0.00034650746852094017,1.0,0.01598040294533856,0.001831250079756218,0.0,0.0,False,,1.0,0,0,nan,nan,nan,nan
fig2_default_proposed_rep00_seed12025,1,1,1,precision,13,5,48.8084696173102,2.7151978747049967,2.7151978747049967,0.0,3,400.00000006089357,399.9999541075807,400.00004954137955,0.0006629660603539767,4.954137961021843e-05,1.0,0.003839532176498736,0.0004230905961326235,0.0,0.0,False,,1.0,0,0,nan,nan,nan,nan
fig2_default_proposed_rep00_seed12025,1,1,1,precision,14,13,119.26954171183182,3.41616151760786,3.41616151760786,0.0,6,400.00000052485416,399.9997797839322,400.0002041693462,0.00303231904909164,0.00022021606775979308,1.0,0.012413251691346605,0.0011299502771285456,0.0,0.0,False,,1.0,0,0,nan,nan,nan,nan
fig2_default_proposed_rep00_seed12025,1,1,1,precision,15,8,100.4250603790487,2.812438718477885,2.812438718477885,0.0,3,400.00000013246,399.9999105899421,400.0000984296098,0.0013343681687092374,9.842960986361504e-05,1.0,0.007607386748711301,0.0008017785447033559,0.0,0.0,False,,1.0,0,0,nan,nan,nan,nan
fig2_default_proposed_rep00_seed12025,1,1,1,precision,16,6,90.49749114284397,3.338832177056206,3.338832177056206,0.0,3,400.0000001317427,399.9999302008501,400.00007540236,0.0010253484339796904,7.540236003933387e-05,1.0,0.0059771001248060006,0.0005730659556800752,0.0,0.0,False,,1.0,0,0,nan,nan,nan,nan
fig2_default_proposed_rep00_seed12025,1,1,1,precision,17,11,176.3272124719311,3.4523498390660134,3.4523498390660134,0.0,6,400.00000045413464,399.99981109400545,400.00017704630983,0.003297982483436219,0.00018890599449150614,1.0,0.013073734444673135,0.001443437511329515,0.0,0.0,False,,1.0,0,0,nan,nan,nan,nan
fig2_default_proposed_rep00_seed12025,1,1,1,precision,18,9,183.80621348290236,3.5666193714848267,3.5666193714848267,0.0,3,400.0000001858081,399.99988434734354,400.0001137858467,0.0015805436830519588,0.00011565265640456346,1.0,0.009139269456998257,0.0009191734270076049,0.0,0.0,False,,1.0,0,0,nan,nan,nan,nan
fig2_default_proposed_rep00_seed12025,1,1,1,precision,19,14,146.5471548736308,3.1250429993584046,3.1250429993584046,0.0,6,400.0000005511115,399.9997606179757,400.0002506371406,0.0034465652903897595,0.00025063714065254317,1.0,0.013838593175343734,0.0015694301465866791,0.0,0.0,False,,1.0,0,0,nan,nan,nan,nan
fig2_default_proposed_rep00_seed12025,1,1,1,precision,20,8,121.60861817890071,3.0873739957809447,3.0873739957809447,0.0,3,400.00000012418326,399.9998936557897,400.0001018081998,0.001268452431428961,0.00010634421022359675,1.0,0.007288106072980968,0.0008775914572625401,0.0,0.0,False,,1.0,0,0,nan,nan,nan,nan
fig2_default_proposed_rep00_seed12025,1,1,1,precision,21,7,91.85509693882746,3.892726026262556,3.892726026262556,0.0,3,400.000000210194,399.9999222762892,400.00014537917775,0.0013147045546762397,0.0001453791778089908,1.0,0.007458039643037107,0.0005968229331688909,0.0,0.0,False,,1.0,0,0,nan,nan,nan,nan
fig2_default_proposed_rep00_seed12025,1,1,1,precision,22,9,174.2546140238567,3.522656843397352,3.522656843397352,0.0,3,400.0000002537262,399.9998624033643,400.0001310218039,0.00179200295811641,0.00013759663562495916,1.0,0.010295890162681794,0.0016319577312553515,0.0,0.0,False,,1.0,0,0,nan,nan,nan,nan
fig2_default_proposed_rep00_seed12025,1,1,1,precision,23,7,164.91225899090807,4.092079421452113,4.092079421452113,0.0,3,400.00000019311955,399.9998748953037,400.000155902661,0.0015286765591661802,0.00015590266104936745,1.0,0.008799437444364178,0.0014761185022719014,0.0,0.0,False,,1.0,0,0,nan,nan,nan,nan
fig2_default_proposed_rep00_seed12025,1,1,1,precision,24,12,44.81289455641567,3.0863030327690972,3.0863030327690972,0.0,6,400.00000039294804,399.9998406918329,400.0001587500611,0.002602466808497501,0.00015930816704212702,1.0,0.0103077339407959,0.0013145871908732123,0.0,0.0,False,,1.0,0,0,nan,nan,nan,nan
fig2_default_proposed_rep00_seed12025,1,1,1,precision,25,12,184.73020771882352,3.224340665340423,3.224340665340423,0.0,6,400.0000004491141,399.9997841653447,400.00017403200616,0.0030988148416061997,0.00021583465525054635,1.0,0.01279522667697102,0.0012855453310449735,0.0,0.0,False,,1.0,0,0,nan,nan,nan,nan
fig2_default_proposed_rep00_seed12025,1,1,1,precision,26,8,173.26949428474987,3.806718850135803,3.806718850135803,0.0,3,400.0000002066763,399.99990631679776,400.00009676964964,0.0012842138744486396,9.676964970140034e-05,1.0,0.007355264892343631,0.0006486950152923177,0.0,0.0,False,,1.0,0,0,nan,nan,nan,nan
fig2_default_proposed_rep00_seed12025,1,1,1,precision,27,10,155.07535332677747,3.5829786809285484,3.5829786809285484,0.0,3,400.00000023719934,399.99988629666694,400.0001225175975,0.0018015233472698953,0.00012251759756054525,1.0,0.010453684486635239,0.0011960605573711422,0.0,0.0,False,,1.0,0,0,nan,nan,nan,nan
fig2_default_proposed_rep00_seed12025,1,1,1,precision,28,7,198.03686922870116,2.812286996841431,2.812286996841431,0.0,3,400.00000012871124,399.9998866580121,400.0000938585365,0.001309593544283329,0.00011334198785561966,1.0,0.007617340224330333,0.0008918702412658722,0.0,0.0,False,,1.0,0,0,nan,nan,nan,nan
fig2_default_proposed_rep00_seed12025,1,1,1,precision,29,13,19.6410334914344,3.6952501199184318,3.6952501199184318,0.0,6,400.0000006697043,399.9998108250615,400.0002308912109,0.0034325715655418435,0.00023089121094699294,1.0,0.013969992370574514,0.001405382009199457,0.0,0.0,False,,1.0,0,0,nan,nan,nan,nan
fig2_default_proposed_rep00_seed12025,1,1,1,precision,30,12,15.946149824897818,3.9873679081598916,3.9873679081598916,0.0,6,400.0000007005305,399.9996597136051,400.0002892611533,0.004056069247537429,0.0003402863948167578,1.0,0.01653168087851745,0.0017195038129389746,0.0,0.0,False,,1.0,0,0,nan,nan,nan,nan
fig2_default_proposed_rep00_seed12025,1,1,1,precision,31,9,171.47159806050794,3.7039354536268445,3.7039354536268445,0.0,3,400.00000022150624,399.99988251243894,400.0001155165506,0.001542648879534249,0.00011748756099905222,1.0,0.008893705608155876,0.0007552449608136703,0.0,0.0,False,,1.0,0,0,nan,nan,nan,nan
fig2_default_proposed_rep00_seed12025,1,1,1,precision,32,11,126.55076390080153,3.5387563040762235,3.5387563040762235,0.0,6,400.0000005866517,399.99976550447417,400.0002497573024,0.0040708103819826705,0.00024975730246978856,1.0,0.01611670494737587,0.0015494970828919246,0.0,0.0,False,,1.0,0,0,nan,nan,nan,nan
fig2_default_proposed_rep00_seed12025,1,1,1,precision,33,8,133.81360418862667,4.222631963094076,4.222631963094076,0.0,3,400.00000024548694,399.99985130452717,400.0001576826183,0.0017393124064100003,0.00015768261835091835,1.0,0.009932189132831394,0.0012275276793583293,0.0,0.0,False,,1.0,0,0,nan,nan,nan,nan
fig2_default_proposed_rep00_seed12025,1,1,1,precision,34,8,94.42302068121415,3.2241165518760675,3.2241165518760675,0.0,3,400.0000001641852,399.9998902412284,400.0001026914195,0.0013485442284476255,0.0001097587715435111,1.0,0.007812380519333616,0.0007480726824137421,0.0,0.0,False,,1.0,0,0,nan,nan,nan,nan
fig2_default_proposed_rep00_seed12025,1,1,1,precision,35,7,75.9230467264176,3.6684699013119655,3.6684699013119655,0.0,3,400.00000016390396,399.9998939079181,400.0001171325381,0.0013116404918853402,0.00011713253815059943,1.0,0.007526333637635898,0.000817644787143488,0.0,0.0,False,,1.0,0,0,nan,nan,nan,nan
fig2_default_proposed_rep00_seed12025,1,1,1,precision,36,12,67.50948316017727,3.0829925921228196,3.0829925921228196,0.0,6,400.0000004123386,399.99982513884345,400.0001895211585,0.0029092303431829175,0.00018952115857473473,1.0,0.011603072774821437,0.0013589732551355406,0.0,0.0,False,,1.0,0,0,nan,nan,nan,nan
fig2_default_proposed_rep00_seed12025,1,1,1,precision,37,11,127.50943930052077,2.8148653579480722,2.8148653579480722,0.0,6,400.00000026925363,399.999818545276,400.00015486522335,0.0021414724156175726,0.00018145472392916417,1.0,0.00840785485307778,0.0010546373999745303,0.0,0.0,False,,1.0,0,0,nan,nan,nan,nan
fig2_default_proposed_rep00_seed12025,1,1,1,precision,38,7,146.23854371638723,3.0852531160627095,3.0852531160627095,0.0,3,400.000000129169,399.99989863584267,400.00011579873023,0.0013504838345538824,0.00011579873029177179,1.0,0.007730820193249479,0.0007715261610124426,0.0,0.0,False,,1.0,0,0,nan,nan,nan,nan
fig2_default_proposed_rep00_seed12025,1,1,1,precision,39,5,180.54694275290697,2.9366815821329753,2.9366815821329753,0.0,3,400.00000007709343,399.9999462958698,400.00005449239956,0.0006291523406539221,5.449239961308194e-05,1.0,0.003576948924124513,0.00037452544105223565,0.0,0.0,False,,1.0,0,0,nan,nan,nan,nan
fig2_default_proposed_rep00_seed12025,1,1,2,natural_mean,0,13,199.1267461978683,0.49579578697785287,0.0,0.49579578697785287,6,400.00000047182687,399.99972477343925,400.00022770588293,nan,nan,nan,nan,nan,6.066745281219482,6.066745281219482,False,,1.0,0,0,nan,nan,nan,nan
fig2_default_proposed_rep00_seed12025,1,1,2,natural_mean,1,9,147.8602172950435,1.1761042947997211,0.0,1.1761042947997211,3,400.00000027706017,399.9998980889904,400.00009606423055,nan,nan,nan,nan,nan,6.05722188949585,6.05722188949585,False,,1.0,0,0,nan,nan,nan,nan
fig2_default_proposed_rep00_seed12025,1,1,2,natural_mean,2,9,80.22145196199898,0.9762231123950617,0.0,0.9762231123950617,3,400.00000015331483,399.99989327942427,400.0000935376882,nan,nan,nan,nan,nan,6.05897331237793,6.05897331237793,False,,1.0,0,0,nan,nan,nan,nan
fig2_default_proposed_rep00_seed12025,1,1,2,natural_mean,3,7,154.96644013227524,0.8882663117027186,0.0,0.8882663117027186,3,400.0000000757863,399.9999152956028,400.0000696719174,nan,nan,nan,nan,nan,6.062118053436279,6.062118053436279,False,,1.0,0,0,nan,nan,nan,nan
fig2_default_proposed_rep00_seed12025,1,1,2,natural_mean,4,10,146.94350765929232,1.274760324850731,0.0,1.274760324850731,3,400.0000001434071,399.99987219353443,400.00013393182616,nan,nan,nan,nan,nan,6.056007385253906,6.056007385253906,False,,1.0,0,0,nan,nan,nan,nan
fig2_default_proposed_rep00_seed12025,1,1,2,natural_mean,5,4,38.38001072858655,1.4230414019377413,0.0,1.4230414019377413,3,400.00000015296007,399.9999389496368,400.00008867104975,nan,nan,nan,nan,nan,6.052303314208984,6.052303314208984,False,,1.0,0,0,nan,nan,nan,nan
fig2_default_proposed_rep00_seed12025,1,1,2,natural_mean,6,8,165.44306199848342,1.0625656839389401,0.0,1.0625656839389401,3,400.00000018562406,399.99991726297225,400.0000914027182,nan,nan,nan,nan,nan,6.055366516113281,6.055366516113281,False,,1.0,0,0,nan,nan,nan,nan
fig2_default_proposed_rep00_seed12025,1,1,2,natural_mean,7,15,104.851163315962,0.7969705686909591,0.0,0.7969705686909591,6,400.00000089395957,399.9996916217159,400.00030081372176,nan,nan,nan,nan,nan,6.047905445098877,6.047905445098877,False,,1.0,0,0,nan,nan,nan,nan
fig2_default_proposed_rep00_seed12025,1,1,2,natural_mean,8,10,187.13523385314198,0.8999818959010742,0.0,0.8999818959010742,3,400.00000016743127,399.99990054045395,400.0000994332806,nan,nan,nan,nan,nan,6.058926105499268,6.058926105499268,False,,1.0,0,0,nan,nan,nan,nan
fig2_default_proposed_rep00_seed12025,1,1,2,natural_mean,9,18,186.7160387868168,0.6162421924057482,0.0,0.6162421924057482,6,400.00000089140156,399.99962525923695,400.000322782571,nan,nan,nan,nan,nan,6.0619049072265625,6.0619049072265625,False,,1.0,0,0,nan,nan,nan,nan
fig2_default_proposed_rep00_seed12025,1,1,2,natural_mean,10,9,76.48746966673045,0.8081379960051946,0.0,0.8081379960051946,3,400.0000001252602,399.9999056533997,400.0001014011707,nan,nan,nan,nan,nan,6.0609283447265625,6.0609283447265625,False,,1.0,0,0,nan,nan,nan,nan
fig2_default_proposed_rep00_seed12025,1,1,2,natural_mean,11,11,126.25830709920183,0.8472229454201284,0.0,0.8472229454201284,6,400.0000004456685,399.9997515619902,400.00019664547995,nan,nan,nan,nan,nan,6.053908824920654,6.053908824920654,False,,1.0,0,0,nan,nan,nan,nan
fig2_default_proposed_rep00_seed12025,1,1,2,natural_mean,12,16,78.58449000029097,0.48920986819575435,0.0,0.48920986819575435,6,400.000000612185,399.9996534925314,400.0003082450228,nan,nan,nan,nan,nan,6.060007095336914,6.060007095336914,False,,1.0,0,0,nan,nan,nan,nan
fig2_default_proposed_rep00_seed12025,1,1,2,natural_mean,13,5,48.8084696173102,1.0773432815416841,0.0,1.0773432815416841,3,400.00000006089357,399.9999541075807,400.00004954137955,nan,nan,nan,nan,nan,6.059897422790527,6.059897422790527,False,,1.0,0,0,nan,nan,nan,nan
fig2_default_proposed_rep00_seed12025,1,1,2,natural_mean,14,13,119.26954171183182,0.5977487069506595,0.0,0.5977487069506595,6,400.00000052485416,399.9997797839322,400.0002041693462,nan,nan,nan,nan,nan,6.054450988769531,6.054450988769531,False,,1.0,0,0,nan,nan,nan,nan
fig2_default_proposed_rep00_seed12025,1,1,2,natural_mean,15,8,100.4250603790487,0.959541036502368,0.0,0.959541036502368,3,400.00000013246,399.9999105899421,400.0000984296098,nan,nan,nan,nan,nan,6.062662601470947,6.062662601470947,False,,1.0,0,0,nan,nan,nan,nan
fig2_default_proposed_rep00_seed12025,1,1,2,natural_mean,16,6,90.49749114284397,1.1328663293243013,0.0,1.1328663293243013,3,400.0000001317427,399.9999302008501,400.00007540236,nan,nan,nan,nan,nan,6.057584762573242,6.057584762573242,False,,1.0,0,0,nan,nan,nan,nan
fig2_default_proposed_rep00_seed12025,1,1,2,natural_mean,17,11,176.3272124719311,0.5474874421431983,0.0,0.5474874421431983,6,400.00000045413464,399.99981109400545,400.00017704630983,nan,nan,nan,nan,nan,6.057896614074707,6.057896614074707,False,,1.0,0,0,nan,nan,nan,nan
fig2_default_proposed_rep00_seed12025,1,1,2,natural_mean,18,9,183.80621348290236,1.4394504122840583,0.0,1.4394504122840583,3,400.0000001858081,399.99988434734354,400.0001137858467,nan,nan,nan,nan,nan,6.051270961761475,6.051270961761475,False,,1.0,0,0,nan,nan,nan,nan
fig2_default_proposed_rep00_seed12025,1,1,2,natural_mean,19,14,146.5471548736308,0.5325990475998525,0.0,0.5325990475998525,6,400.0000005511115,399.9997606179757,400.0002506371406,nan,nan,nan,nan,nan,6.059669494628906,6.059669494628906,False,,1.0,0,0,nan,nan,nan,nan
fig2_default_proposed_rep00_seed12025,1,1,2,natural_mean,20,8,121.60861817890071,1.0406152169175051,0.0,1.0406152169175051,3,400.00000012418326,399.9998936557897,400.0001018081998,nan,nan,nan,nan,nan,6.055742263793945,6.055742263793945,False,,1.0,0,0,nan,nan,nan,nan
fig2_default_proposed_rep00_seed12025,1,1,2,natural_mean,21,7,91.85509693882746,0.7923154553848296,0.0,0.7923154553848296,3,400.000000210194,399.9999222762892,400.00014537917775,nan,nan,nan,nan,nan,6.061445713043213,6.061445713043213,False,,1.0,0,0,nan,nan,nan,nan
fig2_default_proposed_rep00_seed12025,1,1,2,natural_mean,22,9,174.2546140238567,0.8301089887333912,0.0,0.8301089887333912,3,400.0000002537262,399.9998624033643,400.0001310218039,nan,nan,nan,nan,nan,6.062143325805664,6.062143325805664,False,,1.0,0,0,nan,nan,nan,nan
fig2_default_proposed_rep00_seed12025,1,1,2,natural_mean,23,7,164.91225899090807,1.0888144772609218,0.0,1.0888144772609218,3,400.00000019311955,399.9998748953037,400.000155902661,nan,nan,nan,nan,nan,6.059656620025635,6.059656620025635,False,,1.0,0,0,nan,nan,nan,nan
fig2_default_proposed_rep00_seed12025,1,1,2,natural_mean,24,12,44.81289455641567,0.48783670669009793,0.0,0.48783670669009793,6,400.00000039294804,399.9998406918329,400.0001587500611,nan,nan,nan,nan,nan,6.075943946838379,6.075943946838379,False,,1.0,0,0,nan,nan,nan,nan
fig2_default_proposed_rep00_seed12025,1,1,2,natural_mean,25,12,184.73020771882352,0.5934094339788889,0.0,0.5934094339788889,6,400.0000004491141,399.9997841653447,400.00017403200616,nan,nan,nan,nan,nan,6.055087089538574,6.055087089538574,False,,1.0,0,0,nan,nan,nan,nan
fig2_default_proposed_rep00_seed12025,1,1,2,natural_mean,26,8,173.26949428474987,0.9418937046931211,0.0,0.9418937046931211,3,400.0000002066763,399.99990631679776,400.00009676964964,nan,nan,nan,nan,nan,6.058689594268799,6.058689594268799,False,,1.0,0,0,nan,nan,nan,nan
fig2_default_proposed_rep00_seed12025,1,1,2,natural_mean,27,10,155.07535332677747,1.0150778129103621,0.0,1.0150778129103621,3,400.00000023719934,399.99988629666694,400.0001225175975,nan,nan,nan,nan,nan,6.059641361236572,6.059641361236572,False,,1.0,0,0,nan,nan,nan,nan
fig2_default_proposed_rep00_seed12025,1,1,2,natural_mean,28,7,198.03686922870116,1.0609833574291099,0.0,1.0609833574291099,3,400.00000012871124,399.9998866580121,400.0000938585365,nan,nan,nan,nan,nan,6.059359550476074,6.059359550476074,False,,1.0,0,0,nan,nan,nan,nan
fig2_default_proposed_rep00_seed12025,1,1,2,natural_mean,29,13,19.6410334914344,0.7192390880889992,0.0,0.7192390880889992,6,400.0000006697043,399.9998108250615,400.0002308912109,nan,nan,nan,nan,nan,6.056041240692139,6.0560407638549805,False,,1.0,0,0,nan,nan,nan,nan
fig2_default_proposed_rep00_seed12025,1,1,2,natural_mean,30,12,15.946149824897818,0.6083531052872192,0.0,0.6083531052872192,6,400.0000007005305,399.9996597136051,400.0002892611533,nan,nan,nan,nan,nan,6.055876731872559,6.055876731872559,False,,1.0,0,0,nan,nan,nan,nan
fig2_default_proposed_rep00_seed12025,1,1,2,natural_mean,31,9,171.47159806050794,0.9966245103542531,0.0,0.9966245103542531,3,400.00000022150624,399.99988251243894,400.0001155165506,nan,nan,nan,nan,nan,6.056109428405762,6.056109428405762,False,,1.0,0,0,nan,nan,nan,nan
fig2_default_proposed_rep00_seed12025,1,1,2,natural_mean,32,11,126.55076390080153,0.6370948034075785,0.0,0.6370948034075785,6,400.0000005866517,399.99976550447417,400.0002497573024,nan,nan,nan,nan,nan,6.059189796447754,6.059189796447754,False,,1.0,0,0,nan,nan,nan,nan
fig2_default_proposed_rep00_seed12025,1,1,2,natural_mean,33,8,133.81360418862667,1.7747754264272733,0.0,1.7747754264272733,3,400.00000024548694,399.99985130452717,400.0001576826183,nan,nan,nan,nan,nan,6.048624515533447,6.048624515533447,False,,1.0,0,0,nan,nan,nan,nan
fig2_default_proposed_rep00_seed12025,1,1,2,natural_mean,34,8,94.42302068121415,0.845462677079604,0.0,0.845462677079604,3,400.0000001641852,399.9998902412284,400.0001026914195,nan,nan,nan,nan,nan,6.064829349517822,6.064829349517822,False,,1.0,0,0,nan,nan,nan,nan
fig2_default_proposed_rep00_seed12025,1,1,2,natural_mean,35,7,75.9230467264176,0.9852752944889648,0.0,0.9852752944889648,3,400.00000016390396,399.9998939079181,400.0001171325381,nan,nan,nan,nan,nan,6.056982040405273,6.056982040405273,False,,1.0,0,0,nan,nan,nan,nan
fig2_default_proposed_rep00_seed12025,1,1,2,natural_mean,36,12,67.50948316017727,0.5026749222041867,0.0,0.5026749222041867,6,400.0000004123386,399.99982513884345,400.0001895211585,nan,nan,nan,nan,nan,6.057845592498779,6.057845592498779,False,,1.0,0,0,nan,nan,nan,nan
fig2_default_proposed_rep00_seed12025,1,1,2,natural_mean,37,11,127.50943930052077,0.553066334325636,0.0,0.553066334325636,6,400.00000026925363,399.999818545276,400.00015486522335,nan,nan,nan,nan,nan,6.073676109313965,6.073676109313965,False,,1.0,0,0,nan,nan,nan,nan
fig2_default_proposed_rep00_seed12025,1,1,2,natural_mean,38,7,146.23854371638723,1.0333611758562442,0.0,1.0333611758562442,3,400.000000129169,399.99989863584267,400.00011579873023,nan,nan,nan,nan,nan,6.060665607452393,6.060665607452393,False,,1.0,0,0,nan,nan,nan,nan
fig2_default_proposed_rep00_seed12025,1,1,2,natural_mean,39,5,180.54694275290697,0.7722281384972597,0.0,0.7722281384972597,3,400.00000007709343,399.9999462958698,400.00005449239956,nan,nan,nan,nan,nan,6.063107967376709,6.063107967376709,False,,1.0,0,0,nan,nan,nan,nan
fig2_default_proposed_rep00_seed12025,2,2,3,precision,0,13,199.1267461978683,2.454820620707977,2.454820620707977,0.0,6,400.00000072242693,399.99983204156666,400.0001588404973,0.0028299399419570246,0.0001666820965056104,1.0,0.011527767546849504,0.001446831620996427,0.0,0.0,False,,1.0,0,0,nan,nan,nan,nan
fig2_default_proposed_rep00_seed12025,2,2,3,precision,1,9,147.8602172950435,3.146402320155391,3.146402320155391,0.0,3,400.00000055503625,399.9998958773174,400.00012131795575,0.0014403426406298168,0.00011230946415707876,1.0,0.008207961988763413,0.0007510543243012737,0.0,0.0,False,,1.0,0,0,nan,nan,nan,nan
fig2_default_proposed_rep00_seed12025,2,2,3,precision,2,9,80.22145196199898,2.764022480999982,2.764022480999982,0.0,3,400.00000047218975,399.9998632464376,400.0000846902131,0.0011538903893025792,0.0001331286306367474,1.0,0.006665764547080206,0.000604281342852949,0.0,0.0,False,,1.0,0,0,nan,nan,nan,nan
fig2_default_proposed_rep00_seed12025,2,2,3,precision,3,7,154.96644013227524,4.592794781639462,4.592794781639462,0.0,3,400.0000006073821,399.9999208080005,400.00009883897053,0.0013183355594173444,9.252621202904265e-05,1.0,0.007578161684282588,0.0008592868072873619,0.0,0.0,False,,1.0,0,0,nan,nan,nan,nan
fig2_default_proposed_rep00_seed12025,2,2,3,precision,4,10,146.94350765929232,3.3811704889933267,3.3811704889933267,0.0,3,400.0000006010831,399.9998970192133,400.00011668708675,0.0015466001673741499,0.00010929367419976188,1.0,0.008952811327705451,0.0009790406061832729,0.0,0.0,False,,1.0,0,0,nan,nan,nan,nan
fig2_default_proposed_rep00_seed12025,2,2,3,precision,5,4,38.38001072858655,5.275596602757772,5.275596602757772,0.0,3,400.0000005194953,399.999928621628,400.0000685721492,0.0009983554782234678,7.114605244851191e-05,1.0,0.005703971026172097,0.000525460441569391,0.0,0.0,False,,1.0,0,0,nan,nan,nan,nan
fig2_default_proposed_rep00_seed12025,2,2,3,precision,6,8,165.44306199848342,3.6673380772272743,3.6673380772272743,0.0,3,400.00000056527546,399.99989823776514,400.00011548281583,0.0013543813873309904,0.00011115007322359816,1.0,0.007792731279677311,0.0006892978964091274,0.0,0.0,False,,1.0,0,0,nan,nan,nan,nan
fig2_default_proposed_rep00_seed12025,2,2,3,precision,7,15,104.851163315962,2.6739991675482853,2.6739991675482853,0.0,6,400.00000084683796,399.9997404107511,400.00028824876665,0.0038955316491147496,0.00029043108139603646,1.0,0.015890937910192856,0.001498600830364186,0.0,0.0,False,,1.0,0,0,nan,nan,nan,nan
fig2_default_proposed_rep00_seed12025,2,2,3,precision,8,10,187.13523385314198,1.595405880610148,1.595405880610148,0.0,3,400.0000004136639,399.99992747541813,400.00008043701547,0.0009999192231882384,7.518805614381563e-05,1.0,0.00575420483915834,0.0006195727460618268,0.0,0.0,False,,1.0,0,0,nan,nan,nan,nan
fig2_default_proposed_rep00_seed12025,2,2,3,precision,9,18,186.7160387868168,3.6279133761370623,3.6279133761370623,0.0,6,400.0000011782422,399.9997695342712,400.00030596941116,0.003895371414231562,0.00030377646311308126,1.0,0.01587889790465919,0.001603757937686675,0.0,0.0,False,,1.0,0,0,nan,nan,nan,nan
fig2_default_proposed_rep00_seed12025,2,2,3,precision,10,9,76.48746966673045,3.304700738412363,3.304700738412363,0.0,3,400.00000054732203,399.9999036075563,400.00010219208974,0.0013776116200583056,9.986534763584132e-05,1.0,0.008005370753040994,0.0007181496382939231,0.0,0.0,False,,1.0,0,0,nan,nan,nan,nan
fig2_default_proposed_rep00_seed12025,2,2,3,precision,11,11,126.25830709920183,2.87195278225523,2.87195278225523,0.0,6,400.0000006659384,399.99986029422695,400.0001631144691,0.0025380416839418623,0.00016462950935647314,1.0,0.010090467127274747,0.0013390798231412322,0.0,0.0,False,,1.0,0,0,nan,nan,nan,nan
fig2_default_proposed_rep00_seed12025,2,2,3,precision,12,16,78.58449000029097,4.008079727490744,4.008079727490744,0.0,6,400.0000012301199,399.9997609041171,400.0002240666784,0.0038612476211013847,0.00023751737171551213,1.0,0.015713976388448028,0.0017460568079695502,0.0,0.0,False,,1.0,0,0,nan,nan,nan,nan
fig2_default_proposed_rep00_seed12025,2,2,3,precision,13,5,48.8084696173102,2.35457447052002,2.35457447052002,0.0,3,400.0000004156504,399.9999585484281,400.000052199934,0.0006042113376136511,4.843946317123482e-05,1.0,0.003435493785685136,0.00032365289354713403,0.0,0.0,False,,1.0,0,0,nan,nan,nan,nan
fig2_default_proposed_rep00_seed12025,2,2,3,precision,14,13,119.26954171183182,2.8627532482147213,2.8627532482147213,0.0,6,400.00000078777424,399.9998237774199,400.0001862455037,0.002733532475052984,0.00018421698973725142,1.0,0.01089125623473923,0.0012607233437766621,0.0,0.0,False,,1.0,0,0,nan,nan,nan,nan
fig2_default_proposed_rep00_seed12025,2,2,3,precision,15,8,100.4250603790487,2.8980148951212565,2.8980148951212565,0.0,3,400.00000051878095,399.9999251736444,400.0000745946106,0.0011911403496394607,7.474101960269763e-05,1.0,0.006935914630108769,0.0007436945326806527,0.0,0.0,False,,1.0,0,0,nan,nan,nan,nan
fig2_default_proposed_rep00_seed12025,2,2,3,precision,16,6,90.49749114284397,2.4041370762719048,2.4041370762719048,0.0,3,400.0000004601578,399.99994522832657,400.0000688381822,0.0008585300499511398,6.826042960028644e-05,1.0,0.004897158522421713,0.0005091743939621288,0.0,0.0,False,,1.0,0,0,nan,nan,nan,nan
fig2_default_proposed_rep00_seed12025,2,2,3,precision,17,11,176.3272124719311,3.572890244108258,3.572890244108258,0.0,6,400.0000009354963,399.99982587858693,400.00020817224924,0.0032405636311020293,0.00020993366820221127,1.0,0.012330606631846819,0.0014185450548778499,0.0,0.0,False,,1.0,0,0,nan,nan,nan,nan
fig2_default_proposed_rep00_seed12025,2,2,3,precision,18,9,183.80621348290236,3.0624290254380973,3.0624290254380973,0.0,3,400.00000054102054,399.999881536192,400.0001098574975,0.0013946236497379492,0.00012484078871466409,1.0,0.007985333700196145,0.0011540144203617054,0.0,0.0,False,,1.0,0,0,nan,nan,nan,nan
fig2_default_proposed_rep00_seed12025,2,2,3,precision,19,14,146.5471548736308,1.9261583725611366,1.9261583725611366,0.0,6,400.00000060014264,399.99986477152476,400.0001828809954,0.0024875859671362297,0.00018136684099090417,1.0,0.009987659599670982,0.0011779906485873332,0.0,0.0,False,,1.0,0,0,nan,nan,nan,nan
fig2_default_proposed_rep00_seed12025,2,2,3,precision,20,8,121.60861817890071,2.9754108826319374,2.9754108826319374,0.0,3,400.00000049455946,399.9999156309537,400.00008393988685,0.0011019102236558438,8.744588001263764e-05,1.0,0.006323313048931217,0.0006037419929521482,0.0,0.0,False,,1.0,0,0,nan,nan,nan,nan
fig2_default_proposed_rep00_seed12025,2,2,3,precision,21,7,91.85509693882746,3.0974399430411204,3.0974399430411204,0.0,3,400.0000004645069,399.99993724553997,400.00006762462056,0.0010447164062037657,6.398384630301734e-05,1.0,0.006051284512429827,0.0004999557413436871,0.0,0.0,False,,1.0,0,0,nan,nan,nan,nan
fig2_default_proposed_rep00_seed12025,2,2,3,precision,22,9,174.2546140238567,3.987107580679434,3.987107580679434,0.0,3,400.00000059897087,399.9998934507711,400.00009418965664,0.0015502411200832883,0.00011236850531304299,1.0,0.008954653967295839,0.0007926273117363071,0.0,0.0,False,,1.0,0,0,nan,nan,nan,nan
fig2_default_proposed_rep00_seed12025,2,2,3,precision,23,7,164.91225899090807,5.035063244047619,5.035063244047619,0.0,3,400.0000006080631,399.99985693520875,400.00008993810917,0.00153116973380336,0.00014450148046307731,1.0,0.00875734488385491,0.000875027114287101,0.0,0.0,False,,1.0,0,0,nan,nan,nan,nan
fig2_default_proposed_rep00_seed12025,2,2,3,precision,24,12,44.81289455641567,2.1535635378625657,2.1535635378625657,0.0,6,400.00000061264456,399.99987381124396,400.0001823089586,0.0020769113829090004,0.0001810510649988828,1.0,0.008202541857073949,0.000948826400496503,0.0,0.0,False,,1.0,0,0,nan,nan,nan,nan
fig2_default_proposed_rep00_seed12025,2,2,3,precision,25,12,184.73020771882352,3.213378530078464,3.213378530078464,0.0,6,400.0000008139543,399.99980753545196,400.0001968855232,0.002947763868681604,0.00019607147777378486,1.0,0.011930879843924139,0.0013622885895076336,0.0,0.0,False,,1.0,0,0,nan,nan,nan,nan
fig2_default_proposed_rep00_seed12025,2,2,3,precision,26,8,173.26949428474987,3.064175097147624,3.064175097147624,0.0,3,400.00000051108435,399.99992088902525,400.00008310854656,0.0011088643806464733,8.545246009816765e-05,1.0,0.006417196374818062,0.0007519444897847919,0.0,0.0,False,,1.0,0,0,nan,nan,nan,nan
fig2_default_proposed_rep00_seed12025,2,2,3,precision,27,10,155.07535332677747,2.799602305094401,2.799602305094401,0.0,3,400.00000050571475,399.9998644553489,400.000144533886,0.0014939065707741295,0.00014229071047111574,1.0,0.00859203311956253,0.0008911784228176816,0.0,0.0,False,,1.0,0,0,nan,nan,nan,nan
fig2_default_proposed_rep00_seed12025,2,2,3,precision,28,7,198.03686922870116,2.7437850566137407,2.7437850566137407,0.0,3,400.0000004897665,399.99992472634716,400.000087114523,0.0011265256564701599,8.317965136939165e-05,1.0,0.006495631909455253,0.0007237806487193878,0.0,0.0,False,,1.0,0,0,nan,nan,nan,nan
fig2_default_proposed_rep00_seed12025,2,2,3,precision,29,13,19.6410334914344,2.390582385429969,2.390582385429969,0.0,6,400.0000006524022,399.9998064992404,400.0001769852924,0.00273014942564612,0.00019658879369899296,1.0,0.011087687113856074,0.0011587403458391083,0.0,0.0,False,,1.0,0,0,nan,nan,nan,nan
fig2_default_proposed_rep00_seed12025,2,2,3,precision,30,12,15.946149824897818,3.0147309621175133,3.0147309621175133,0.0,6,400.0000008594598,399.99979709368154,400.00020614184007,0.003540254477867829,0.00020510751835445262,1.0,0.014163629660463632,0.0015228154620295874,0.0,0.0,False,,1.0,0,0,nan,nan,nan,nan
fig2_default_proposed_rep00_seed12025,2,2,3,precision,31,9,171.47159806050794,3.3714363663284868,3.3714363663284868,0.0,3,400.0000005450928,399.9999108703779,400.0000886000335,0.001280894039061526,8.986031775748415e-05,1.0,0.007399226106514163,0.0010216763513149745,0.0,0.0,False,,1.0,0,0,nan,nan,nan,nan
fig2_default_proposed_rep00_seed12025,2,2,3,precision,32,11,126.55076390080153,4.194019863822243,4.194019863822243,0.0,6,400.0000009841732,399.9997950691607,400.00021653828327,0.0035272625101240105,0.0002143517817785323,1.0,0.01379150405496459,0.0017896326526583215,0.0,0.0,False,,1.0,0,0,nan,nan,nan,nan
fig2_default_proposed_rep00_seed12025,2,2,3,precision,33,8,133.81360418862667,3.1239982684453325,3.1239982684453325,0.0,3,400.0000005316889,399.9999115184877,400.00009872324057,0.0013489671595647013,9.413751553211114e-05,1.0,0.007751935902197151,0.0006829338742931008,0.0,0.0,False,,1.0,0,0,nan,nan,nan,nan
fig2_default_proposed_rep00_seed12025,2,2,3,precision,34,8,94.42302068121415,3.8962359587351485,3.8962359587351485,0.0,3,400.0000005550049,399.99991732594367,400.00009423591297,0.001266872334752751,9.139193457485817e-05,1.0,0.007310787831973951,0.0009678544328558281,0.0,0.0,False,,1.0,0,0,nan,nan,nan,nan
fig2_default_proposed_rep00_seed12025,2,2,3,precision,35,7,75.9230467264176,4.3100329081217446,4.3100329081217446,0.0,3,400.0000005927885,399.99991079935995,400.000077559303,0.0011597062080089674,8.688293524983237e-05,1.0,0.006666455017058642,0.000675202784616925,0.0,0.0,False,,1.0,0,0,nan,nan,nan,nan
fig2_default_proposed_rep00_seed12025,2,2,3,precision,36,12,67.50948316017727,2.8723230282465617,2.8723230282465617,0.0,6,400.0000007109464,399.99981591337763,400.00015469423613,0.0025219943157341954,0.00019147720848877725,1.0,0.010327330888220633,0.0011162471052401084,0.0,0.0,False,,1.0,0,0,nan,nan,nan,nan
fig2_default_proposed_rep00_seed12025,2,2,3,precision,37,11,127.50943930052077,2.0985389622774995,2.0985389622774995,0.0,6,400.0000006020476,399.9997714505508,400.00015322332985,0.0025458398742339242,0.00022535562345638027,1.0,0.009550266894437996,0.0011537900132424198,0.0,0.0,False,,1.0,0,0,nan,nan,nan,nan
fig2_default_proposed_rep00_seed12025,2,2,3,precision,38,7,146.23854371638723,3.8553980872744607,3.8553980872744607,0.0,3,400.00000053262676,399.9998988409932,400.00012903908123,0.001267061693746443,0.0001231023039736101,1.0,0.007319376252901744,0.0009933927342839672,0.0,0.0,False,,1.0,0,0,nan,nan,nan,nan
fig2_default_proposed_rep00_seed12025,2,2,3,precision,39,5,180.54694275290697,1.8947976938883464,1.8947976938883464,0.0,3,400.0000003958919,399.9999657738097,400.0000381203452,0.00047480272836917826,3.287138588348171e-05,1.0,0.002725297621866038,0.000279547998676466,0.0,0.0,False,,1.0,0,0,nan,nan,nan,nan
fig2_default_proposed_rep00_seed12025,2,2,4,natural_mean,0,13,199.1267461978683,0.3719417440703489,0.0,0.3719417440703489,6,400.00000072242693,399.99983204156666,400.0001588404973,nan,nan,nan,nan,nan,6.062695503234863,6.062695503234863,False,,1.0,0,0,nan,nan,nan,nan
fig2_default_proposed_rep00_seed12025,2,2,4,natural_mean,1,9,147.8602172950435,1.3786475842657033,0.0,1.3786475842657033,3,400.00000055503625,399.9998958773174,400.00012131795575,nan,nan,nan,nan,nan,6.0478596687316895,6.0478596687316895,False,,1.0,0,0,nan,nan,nan,nan
fig2_default_proposed_rep00_seed12025,2,2,4,natural_mean,2,9,80.22145196199898,1.1019572273049627,0.0,1.1019572273049627,3,400.00000047218975,399.9998632464376,400.0000846902131,nan,nan,nan,nan,nan,6.054376125335693,6.054376125335693,False,,1.0,0,0,nan,nan,nan,nan
fig2_default_proposed_rep00_seed12025,2,2,4,natural_mean,3,7,154.96644013227524,1.176543825654101,0.0,1.176543825654101,3,400.0000006073821,399.9999208080005,400.00009883897053,nan,nan,nan,nan,nan,6.045318126678467,6.045318126678467,False,,1.0,0,0,nan,nan,nan,nan
fig2_default_proposed_rep00_seed12025,2,2,4,natural_mean,4,10,146.94350765929232,0.9362946514411473,0.0,0.9362946514411473,3,400.0000006010831,399.9998970192133,400.00011668708675,nan,nan,nan,nan,nan,6.054975986480713,6.054975986480713,False,,1.0,0,0,nan,nan,nan,nan
fig2_default_proposed_rep00_seed12025,2,2,4,natural_mean,5,4,38.38001072858655,1.7567685764040222,0.0,1.7567685764040222,3,400.0000005194953,399.999928621628,400.0000685721492,nan,nan,nan,nan,nan,6.036118984222412,6.036118984222412,False,,1.0,0,0,nan,nan,nan,nan
fig2_default_proposed_rep00_seed12025,2,2,4,natural_mean,6,8,165.44306199848342,1.5335750236662316,0.0,1.5335750236662316,3,400.00000056527546,399.99989823776514,400.00011548281583,nan,nan,nan,nan,nan,6.04871940612793,6.04871940612793,False,,1.0,0,0,nan,nan,nan,nan
fig2_default_proposed_rep00_seed12025,2,2,4,natural_mean,7,15,104.851163315962,0.45343693642211674,0.0,0.45343693642211674,6,400.00000084683796,399.9997404107511,400.00028824876665,nan,nan,nan,nan,nan,6.0563063621521,6.0563063621521,False,,1.0,0,0,nan,nan,nan,nan
fig2_default_proposed_rep00_seed12025,2,2,4,natural_mean,8,10,187.13523385314198,0.7715997747538501,0.0,0.7715997747538501,3,400.0000004136639,399.99992747541813,400.00008043701547,nan,nan,nan,nan,nan,6.067580223083496,6.067580223083496,False,,1.0,0,0,nan,nan,nan,nan
fig2_default_proposed_rep00_seed12025,2,2,4,natural_mean,9,18,186.7160387868168,0.5637374309323643,0.0,0.5637374309323643,6,400.0000011782422,399.9997695342712,400.00030596941116,nan,nan,nan,nan,nan,6.066057205200195,6.066057205200195,False,,1.0,0,0,nan,nan,nan,nan
fig2_default_proposed_rep00_seed12025,2,2,4,natural_mean,10,9,76.48746966673045,0.8209448017602865,0.0,0.8209448017602865,3,400.00000054732203,399.9999036075563,400.00010219208974,nan,nan,nan,nan,nan,6.056490898132324,6.056490898132324,False,,1.0,0,0,nan,nan,nan,nan
fig2_default_proposed_rep00_seed12025,2,2,4,natural_mean,11,11,126.25830709920183,0.45576620464318296,0.0,0.45576620464318296,6,400.0000006659384,399.99986029422695,400.0001631144691,nan,nan,nan,nan,nan,6.053477764129639,6.053477764129639,False,,1.0,0,0,nan,nan,nan,nan
fig2_default_proposed_rep00_seed12025,2,2,4,natural_mean,12,16,78.58449000029097,0.5837264510805694,0.0,0.5837264510805694,6,400.0000012301199,399.9997609041171,400.0002240666784,nan,nan,nan,nan,nan,6.046756267547607,6.046756267547607,False,,1.0,0,0,nan,nan,nan,nan
fig2_default_proposed_rep00_seed12025,2,2,4,natural_mean,13,5,48.8084696173102,0.8254305390051845,0.0,0.8254305390051845,3,400.0000004156504,399.9999585484281,400.000052199934,nan,nan,nan,nan,nan,6.060540676116943,6.060540676116943,False,,1.0,0,0,nan,nan,nan,nan
fig2_default_proposed_rep00_seed12025,2,2,4,natural_mean,14,13,119.26954171183182,0.4965218485462957,0.0,0.4965218485462957,6,400.00000078777424,399.9998237774199,400.0001862455037,nan,nan,nan,nan,nan,6.053673267364502,6.053673267364502,False,,1.0,0,0,nan,nan,nan,nan
fig2_default_proposed_rep00_seed12025,2,2,4,natural_mean,15,8,100.4250603790487,0.9679092715026587,0.0,0.9679092715026587,3,400.00000051878095,399.9999251736444,400.0000745946106,nan,nan,nan,nan,nan,6.05179500579834,6.05179500579834,False,,1.0,0,0,nan,nan,nan,nan
fig2_default_proposed_rep00_seed12025,2,2,4,natural_mean,16,6,90.49749114284397,0.553151157889676,0.0,0.553151157889676,3,400.0000004601578,399.99994522832657,400.0000688381822,nan,nan,nan,nan,nan,6.067543029785156,6.067543029785156,False,,1.0,0,0,nan,nan,nan,nan
fig2_default_proposed_rep00_seed12025,2,2,4,natural_mean,17,11,176.3272124719311,0.687278041926509,0.0,0.687278041926509,6,400.0000009354963,399.99982587858693,400.00020817224924,nan,nan,nan,nan,nan,6.056344985961914,6.056344985961914,False,,1.0,0,0,nan,nan,nan,nan
fig2_default_proposed_rep00_seed12025,2,2,4,natural_mean,18,9,183.80621348290236,0.9419711139033463,0.0,0.9419711139033463,3,400.00000054102054,399.999881536192,400.0001098574975,nan,nan,nan,nan,nan,6.0557942390441895,6.0557942390441895,False,,1.0,0,0,nan,nan,nan,nan
fig2_default_proposed_rep00_seed12025,2,2,4,natural_mean,19,14,146.5471548736308,0.32487738197758137,0.0,0.32487738197758137,6,400.00000060014264,399.99986477152476,400.0001828809954,nan,nan,nan,nan,nan,6.069990634918213,6.069990634918213,False,,1.0,0,0,nan,nan,nan,nan
fig2_default_proposed_rep00_seed12025,2,2,4,natural_mean,20,8,121.60861817890071,0.9085232631958738,0.0,0.9085232631958738,3,400.00000049455946,399.9999156309537,400.00008393988685,nan,nan,nan,nan,nan,6.053481101989746,6.053481101989746,False,,1.0,0,0,nan,nan,nan,nan
fig2_default_proposed_rep00_seed12025,2,2,4,natural_mean,21,7,91.85509693882746,1.2036134787427681,0.0,1.2036134787427681,3,400.0000004645069,399.99993724553997,400.00006762462056,nan,nan,nan,nan,nan,6.046098709106445,6.046098709106445,False,,1.0,0,0,nan,nan,nan,nan
fig2_default_proposed_rep00_seed12025,2,2,4,natural_mean,22,9,174.2546140238567,1.2135475418824742,0.0,1.2135475418824742,3,400.00000059897087,399.9998934507711,400.00009418965664,nan,nan,nan,nan,nan,6.045577526092529,6.045577526092529,False,,1.0,0,0,nan,nan,nan,nan
fig2_default_proposed_rep00_seed12025,2,2,4,natural_mean,23,7,164.91225899090807,1.5820716098754282,0.0,1.5820716098754282,3,400.0000006080631,399.99985693520875,400.00008993810917,nan,nan,nan,nan,nan,6.035348892211914,6.035348892211914,False,,1.0,0,0,nan,nan,nan,nan
fig2_default_proposed_rep00_seed12025,2,2,4,natural_mean,24,12,44.81289455641567,0.38884760748928365,0.0,0.38884760748928365,6,400.00000061264456,399.99987381124396,400.0001823089586,nan,nan,nan,nan,nan,6.075509548187256,6.075509548187256,False,,1.0,0,0,nan,nan,nan,nan
fig2_default_proposed_rep00_seed12025,2,2,4,natural_mean,25,12,184.73020771882352,0.580266622670325,0.0,0.580266622670325,6,400.0000008139543,399.99980753545196,400.0001968855232,nan,nan,nan,nan,nan,6.052513599395752,6.052513599395752,False,,1.0,0,0,nan,nan,nan,nan
fig2_default_proposed_rep00_seed12025,2,2,4,natural_mean,26,8,173.26949428474987,1.0097250662865447,0.0,1.0097250662865447,3,400.00000051108435,399.99992088902525,400.00008310854656,nan,nan,nan,nan,nan,6.053740501403809,6.053740501403809,False,,1.0,0,0,nan,nan,nan,nan
fig2_default_proposed_rep00_seed12025,2,2,4,natural_mean,27,10,155.07535332677747,1.171328516809771,0.0,1.171328516809771,3,400.00000050571475,399.9998644553489,400.000144533886,nan,nan,nan,nan,nan,6.052065849304199,6.052065849304199,False,,1.0,0,0,nan,nan,nan,nan
fig2_default_proposed_rep00_seed12025,2,2,4,natural_mean,28,7,198.03686922870116,0.885870854754054,0.0,0.885870854754054,3,400.0000004897665,399.99992472634716,400.000087114523,nan,nan,nan,nan,nan,6.053781509399414,6.053781509399414,False,,1.0,0,0,nan,nan,nan,nan
fig2_default_proposed_rep00_seed12025,2,2,4,natural_mean,29,13,19.6410334914344,0.5771876591629209,0.0,0.5771876591629209,6,400.0000006524022,399.9998064992404,400.0001769852924,nan,nan,nan,nan,nan,6.055722236633301,6.055722236633301,False,,1.0,0,0,nan,nan,nan,nan
fig2_default_proposed_rep00_seed12025,2,2,4,natural_mean,30,12,15.946149824897818,0.7520854408089958,0.0,0.7520854408089958,6,400.0000008594598,399.99979709368154,400.00020614184007,nan,nan,nan,nan,nan,6.050470352172852,6.050470352172852,False,,1.0,0,0,nan,nan,nan,nan
fig2_default_proposed_rep00_seed12025,2,2,4,natural_mean,31,9,171.47159806050794,1.5130509875634743,0.0,1.5130509875634743,3,400.0000005450928,399.9999108703779,400.0000886000335,nan,nan,nan,nan,nan,6.058228492736816,6.058228492736816,False,,1.0,0,0,nan,nan,nan,nan
fig2_default_proposed_rep00_seed12025,2,2,4,natural_mean,32,11,126.55076390080153,0.7721726629207706,0.0,0.7721726629207706,6,400.0000009841732,399.9997950691607,400.00021653828327,nan,nan,nan,nan,nan,6.04257345199585,6.04257345199585,False,,1.0,0,0,nan,nan,nan,nan
fig2_default_proposed_rep00_seed12025,2,2,4,natural_mean,33,8,133.81360418862667,0.9923169968903425,0.0,0.9923169968903425,3,400.0000005316889,399.9999115184877,400.00009872324057,nan,nan,nan,nan,nan,6.053525924682617,6.053525924682617,False,,1.0,0,0,nan,nan,nan,nan
fig2_default_proposed_rep00_seed12025,2,2,4,natural_mean,34,8,94.42302068121415,1.3192833185757988,0.0,1.3192833185757988,3,400.0000005550049,399.99991732594367,400.00009423591297,nan,nan,nan,nan,nan,6.04419469833374,6.04419469833374,False,,1.0,0,0,nan,nan,nan,nan
fig2_default_proposed_rep00_seed12025,2,2,4,natural_mean,35,7,75.9230467264176,1.1954742371571938,0.0,1.1954742371571938,3,400.0000005927885,399.99991079935995,400.000077559303,nan,nan,nan,nan,nan,6.046151161193848,6.046151161193848,False,,1.0,0,0,nan,nan,nan,nan
fig2_default_proposed_rep00_seed12025,2,2,4,natural_mean,36,12,67.50948316017727,0.48605199453704145,0.0,0.48605199453704145,6,400.0000007109464,399.99981591337763,400.00015469423613,nan,nan,nan,nan,nan,6.056967735290527,6.056967735290527,False,,1.0,0,0,nan,nan,nan,nan
fig2_default_proposed_rep00_seed12025,2,2,4,natural_mean,37,11,127.50943930052077,0.28583618853362114,0.0,0.28583618853362114,6,400.0000006020476,399.9997714505508,400.00015322332985,nan,nan,nan,nan,nan,6.070481300354004,6.070481300354004,False,,1.0,0,0,nan,nan,nan,nan
fig2_default_proposed_rep00_seed12025,2,2,4,natural_mean,38,7,146.23854371638723,1.5904680512864733,0.0,1.5904680512864733,3,400.00000053262676,399.9998988409932,400.00012903908123,nan,nan,nan,nan,nan,6.046723365783691,6.046723365783691,False,,1.0,0,0,nan,nan,nan,nan
fig2_default_proposed_rep00_seed12025,2,2,4,natural_mean,39,5,180.54694275290697,0.7276022970053089,0.0,0.7276022970053089,3,400.0000003958919,399.9999657738097,400.0000381203452,nan,nan,nan,nan,nan,6.063130855560303,6.063130855560303,False,,1.0,0,0,nan,nan,nan,nan
