round,Nt,accuracy,loss,distortion,rho_ref,m0
0.0,0.0,0.0716,2.3026980838775635,nan,0.0,20.0
1.0,301.0,0.0702,2.3026916915893554,7.208206199869733e-05,1.032966480316497e-11,20.0
2.0,602.0,0.0699,2.302685359954834,7.170205968312759e-05,1.0296686183401163e-11,20.0
3.0,903.0,0.0714,2.3026791374206543,7.390978120022988e-05,1.0424234700506578e-11,20.0
4.0,1204.0,0.0702,2.3026734649658205,7.453105551830598e-05,1.0454858372261587e-11,20.0
5.0,1505.0,0.0692,2.3026670402526856,7.60918244694614e-05,1.0306609984213275e-11,20.0
6.0,1806.0,0.07,2.302660717010498,7.609794943710272e-05,1.0437144542105326e-11,20.0
7.0,2107.0,0.0713,2.302654312133789,7.96027941609013e-05,1.0279249055876422e-11,20.0
8.0,2408.0,0.072,2.302648340988159,7.702320912169407e-05,1.0278596721152766e-11,20.0
9.0,2709.0,0.0704,2.302642771911621,7.883530566118382e-05,1.042689324226809e-11,20.0
10.0,3010.0,0.0706,2.3026364551544187,7.860935128744094e-05,1.0531882123142482e-11,20.0
11.0,3311.0,0.0715,2.302630263900757,8.311561439657442e-05,1.0553623749030572e-11,20.0
12.0,3612.0,0.0721,2.3026238021850585,8.19902741895463e-05,1.0825435463687197e-11,20.0
13.0,3913.0,0.0729,2.302617401123047,8.493044794572579e-05,1.0654833658482755e-11,20.0
14.0,4214.0,0.0737,2.302611254119873,8.50297404885297e-05,1.0766780782213888e-11,20.0
15.0,4515.0,0.0748,2.302604178237915,8.81197736616391e-05,1.1065789270593851e-11,20.0
16.0,4816.0,0.0759,2.30259787940979,8.610607585157934e-05,1.0813392442599538e-11,20.0
17.0,5117.0,0.0763,2.3025914085388184,9.227467261796543e-05,1.1072398100659822e-11,20.0
18.0,5418.0,0.0793,2.3025854259490965,9.24897348032746e-05,1.095010275698454e-11,20.0
19.0,5719.0,0.0814,2.302578981781006,9.487354058836582e-05,1.0945067846663048e-11,20.0
20.0,6020.0,0.083,2.302572617340088,9.660669954405505e-05,1.1354859122309637e-11,20.0
21.0,6321.0,0.0842,2.3025659942626953,9.716991681139388e-05,1.1720366893300712e-11,20.0
22.0,6622.0,0.0847,2.3025589656829832,9.63195061391549e-05,1.1566982914769441e-11,20.0
23.0,6923.0,0.0869,2.302552423858643,0.00010202953555362988,1.1538668058711858e-11,20.0
24.0,7224.0,0.0888,2.3025461544036867,0.00010358177409451141,1.1596889038678865e-11,20.0
25.0,7525.0,0.0895,2.302539333343506,0.00010462984433296202,1.1802680735263938e-11,20.0
26.0,7826.0,0.0901,2.302532448577881,0.0001037980907053544,1.2002990928395414e-11,20.0
27.0,8127.0,0.091,2.3025253005981448,0.00010903664748841502,1.2280838588927484e-11,20.0
28.0,8428.0,0.0925,2.302518864440918,0.00011191451498055589,1.2226587729322235e-11,20.0
29.0,8729.0,0.0928,2.302511981201172,0.00011313469581673946,1.2401517451673239e-11,20.0
30.0,9030.0,0.094,2.302504991531372,0.00011590110842195597,1.24396970833371e-11,20.0
31.0,9331.0,0.0947,2.302498101806641,0.0001212486272245657,1.2572878461313499e-11,20.0
32.0,9632.0,0.0953,2.3024908100128174,0.00012127477416957513,1.286884611657e-11,20.0
33.0,9933.0,0.0964,2.3024835441589357,0.00012613814803614997,1.3112396196634943e-11,20.0
34.0,10234.0,0.0975,2.302476755523682,0.0001277341871590332,1.29724254108502e-11,20.0
35.0,10535.0,0.0987,2.302469644546509,0.000130502363529018,1.3185559387892883e-11,20.0
36.0,10836.0,0.0992,2.302462839889526,0.0001336322564999599,1.3295201549029909e-11,20.0
37.0,11137.0,0.0993,2.3024554832458497,0.00013819737947647667,1.3376663124281599e-11,20.0
38.0,11438.0,0.0995,2.302448331069946,0.000141793077015311,1.3765080787264274e-11,20.0
39.0,11739.0,0.0998,2.3024407890319822,0.000151898088289229,1.394523189398644e-11,20.0
40.0,12040.0,0.0999,2.302433068847656,0.00015140582071938047,1.4052031113529767e-11,20.0
41.0,12341.0,0.0996,2.3024252250671386,0.00015561408131086707,1.437863552720913e-11,20.0
42.0,12642.0,0.0995,2.3024177711486815,0.0001616374251326922,1.4568299199306472e-11,20.0
43.0,12943.0,0.0995,2.302410153198242,0.00016471719505883282,1.4715087719085816e-11,20.0
44.0,13244.0,0.0997,2.302402421569824,0.00017207437523127252,1.4457819493859912e-11,20.0
45.0,13545.0,0.1001,2.3023954376220703,0.00017862806365776988,1.47017899387274e-11,20.0
46.0,13846.0,0.1001,2.3023876991271974,0.00018436005177885868,1.474958528194173e-11,20.0
47.0,14147.0,0.1002,2.302379470062256,0.00019411448959669248,1.5296054318538505e-11,20.0
48.0,14448.0,0.1001,2.302371202850342,0.00019974122993301327,1.5196898879381434e-11,20.0
49.0,14749.0,0.1002,2.3023627830505373,0.00020586900351749924,1.5200709170583026e-11,20.0
50.0,15050.0,0.1003,2.302354829406738,0.0002165327841053116,1.539817662686076e-11,20.0
51.0,15351.0,0.1002,2.302346859741211,0.00022797388250149847,1.5611592534382715e-11,20.0
52.0,15652.0,0.1001,2.30233837890625,0.00022850086314065996,1.6195821282978892e-11,20.0
53.0,15953.0,0.1002,2.302330530166626,0.00024042216100057128,1.623667668075764e-11,20.0
54.0,16254.0,0.1001,2.302321683502197,0.0002537114607699893,1.687079361377974e-11,20.0
55.0,16555.0,0.1001,2.3023131160736083,0.0002622630840331544,1.7259041820976945e-11,20.0
56.0,16856.0,0.0999,2.3023046447753908,0.0002748607802739586,1.7011768797323284e-11,20.0
57.0,17157.0,0.0999,2.302296704864502,0.00028844316096816565,1.711435477663481e-11,20.0
58.0,17458.0,0.0999,2.302288621520996,0.0003013382387752672,1.7511292473288912e-11,20.0
59.0,17759.0,0.0999,2.302280172729492,0.00032008246400944915,1.7618968214986472e-11,20.0
60.0,18060.0,0.0999,2.3022715766906736,0.0003300801938833692,1.8090658921174103e-11,20.0
61.0,18361.0,0.1,2.302263562011719,0.0003502943350490212,1.8586277506171815e-11,20.0
62.0,18662.0,0.1,2.3022558322906495,0.0003710179668039797,1.9131515550526514e-11,20.0
63.0,18963.0,0.1,2.3022483215332032,0.00038778555799146827,1.951897964749699e-11,20.0
64.0,19264.0,0.1,2.302241122817993,0.00041273873550486226,1.9958077682527674e-11,20.0
65.0,19565.0,0.1,2.302234027862549,0.00043910332902319713,2.0066771163091284e-11,20.0
66.0,19866.0,0.1,2.3022260833740233,0.00046214121931781896,2.0331630682797493e-11,20.0
67.0,20167.0,0.1,2.302219361495972,0.000496537986810015,2.091844651217337e-11,20.0
68.0,20468.0,0.1,2.302212870788574,0.0005227690355454966,2.154805613050184e-11,20.0
69.0,20769.0,0.1,2.302205135345459,0.0005594175296264977,2.1827326401370498e-11,20.0
70.0,21070.0,0.1,2.302199062347412,0.0005975878859527569,2.26726469416584e-11,20.0
71.0,21371.0,0.1,2.302193550872803,0.0006379015533664577,2.297708300516389e-11,20.0
72.0,21672.0,0.1,2.302187461471558,0.0006829640709323607,2.358882580878832e-11,20.0
73.0,21973.0,0.1,2.3021828392028807,0.0007423640676238346,2.381196238535164e-11,20.0
74.0,22274.0,0.1,2.302177184295654,0.0007973369543860956,2.46331782691124e-11,20.0
75.0,22575.0,0.1,2.3021728118896485,0.0008605922449219588,2.5279457691905168e-11,20.0
76.0,22876.0,0.1,2.3021688110351564,0.0009280774730155029,2.6248668045960946e-11,20.0
77.0,23177.0,0.1,2.3021651359558106,0.000999365689194731,2.7096623664903927e-11,20.0
78.0,23478.0,0.1001,2.3021631690979003,0.0010961699607258601,2.8279818111673005e-11,20.0
79.0,23779.0,0.1001,2.302162466430664,0.0012002483044323239,2.956944161120466e-11,20.0
80.0,24080.0,0.1001,2.3021599250793456,0.0013192860552109964,3.112527746470851e-11,20.0
81.0,24381.0,0.1001,2.302159790420532,0.0014407859980949747,3.2764296926662416e-11,20.0
82.0,24682.0,0.1001,2.302158570098877,0.0015979678110722983,3.4338491182559345e-11,20.0
83.0,24983.0,0.1001,2.3021610481262207,0.0017752665843110014,3.61101375753201e-11,20.0
84.0,25284.0,0.1001,2.30216358795166,0.0020090680732200755,3.7704824533051655e-11,20.0
85.0,25585.0,0.1003,2.3021689552307127,0.0022320665236872967,3.962858268396735e-11,20.0
86.0,25886.0,0.1003,2.302177878952026,0.002505929507677912,4.1780475689980765e-11,20.0
87.0,26187.0,0.1002,2.3021893936157225,0.00282341111794138,4.435136555046672e-11,20.0
88.0,26488.0,0.1,2.302204133224487,0.00319882310517192,4.7849088057793105e-11,20.0
89.0,26789.0,0.0999,2.3022244159698486,0.0036620273293476216,5.083824333652523e-11,20.0
90.0,27090.0,0.0998,2.3022471935272217,0.00424886588819468,5.4459688667495333e-11,20.0
91.0,27391.0,0.0997,2.302277442932129,0.004930873724706783,5.898719934963664e-11,20.0
92.0,27692.0,0.0998,2.302314735031128,0.00572457955670393,6.363330586991588e-11,20.0
93.0,27993.0,0.0996,2.302363953781128,0.006609379350715414,7.071377377568476e-11,20.0
94.0,28294.0,0.0995,2.3024214721679686,0.007863534306089118,7.87094703395755e-11,20.0
95.0,28595.0,0.0996,2.3024963497161863,0.009233346110418261,8.751515398182722e-11,20.0
96.0,28896.0,0.0997,2.302588338470459,0.010778939307378391,9.760856988189364e-11,20.0
97.0,29197.0,0.0994,2.302711189651489,0.012790874811696471,1.1045172240349356e-10,20.0
98.0,29498.0,0.0991,2.3028694664001463,0.015171592672472698,1.245318072673335e-10,20.0
99.0,29799.0,0.0984,2.3030711738586427,0.017436393246592782,1.4472252992685086e-10,20.0
100.0,30100.0,0.0983,2.3033391799926757,0.01992230502912097,1.679778163075803e-10,20.0
101.0,30401.0,0.0986,2.303682443237305,0.022039375454605152,1.98563225488255e-10,20.0
102.0,30702.0,0.0986,2.3041642547607424,0.023642006741490924,2.3830557390363343e-10,20.0
103.0,31003.0,0.0989,2.3048161399841307,0.024095803258512308,2.9164947563949365e-10,20.0
104.0,31304.0,0.0989,2.3057331943511965,0.02313954382770446,3.658383178735522e-10,20.0
105.0,31605.0,0.099,2.306993904876709,0.01924673016826901,4.737540927299572e-10,20.0
106.0,31906.0,0.0991,2.3085408016204836,0.013747186397569547,6.26114926599738e-10,20.0
107.0,32207.0,0.0995,2.3106926719665526,0.00923589916157371,8.292419888529029e-10,20.0
108.0,32508.0,0.0998,2.3130882595062254,0.005969026868087625,1.1175196565852692e-09,20.0
109.0,32809.0,0.0991,2.315143049621582,0.002889455282458232,1.4653270318713813e-09,20.0
110.0,33110.0,0.1002,2.316251891326904,0.0018521473552252717,1.7841164815635859e-09,20.0
111.0,33411.0,0.1012,2.317296912765503,0.0015486685473635271,1.9826516940600356e-09,20.0
112.0,33712.0,0.1024,2.3177528060913084,0.001190150928347658,2.2024947029467322e-09,20.0
113.0,34013.0,0.1025,2.317338900756836,0.001404036485802291,2.2989623956482314e-09,20.0
114.0,34314.0,0.1015,2.317377473449707,0.001612158948600928,2.3188989599601918e-09,20.0
115.0,34615.0,0.1027,2.3181438110351564,0.001194704721377678,2.2836003222007033e-09,20.0
116.0,34916.0,0.105,2.318955531692505,0.0011720511546588338,2.3870154400281997e-09,20.0
117.0,35217.0,0.1048,2.3188184051513674,0.00156381278637586,2.49832397474573e-09,20.0
118.0,35518.0,0.1043,2.3196359191894533,0.001206842807607688,2.4757575527550315e-09,20.0
119.0,35819.0,0.1048,2.319492974090576,0.001180829924164618,2.5517570443901965e-09,20.0
120.0,36120.0,0.1046,2.319721670913696,0.0011230878752916543,2.4670876032579316e-09,20.0
121.0,36421.0,0.1049,2.3195013656616212,0.001332600049391549,2.4139972003703235e-09,20.0
122.0,36722.0,0.1051,2.3196959033966063,0.0012354713280853585,2.3981021331078665e-09,20.0
123.0,37023.0,0.1042,2.319677024078369,0.0013547341294869923,2.4197128767051503e-09,20.0
124.0,37324.0,0.1062,2.3196775802612306,0.0012195056500303538,2.3277654844965094e-09,20.0
125.0,37625.0,0.1056,2.318325196456909,0.0013357591228141557,2.334804830738781e-09,20.0
126.0,37926.0,0.1046,2.319099669647217,0.0011984960110206057,2.1400999365892517e-09,20.0
127.0,38227.0,0.1045,2.319666997909546,0.0013711624045515758,2.1854690919352914e-09,20.0
128.0,38528.0,0.1027,2.3204642684936525,0.0011181371111751452,2.248005022587833e-09,20.0
129.0,38829.0,0.1029,2.319391638946533,0.0015437235528148092,2.358137908125194e-09,20.0
130.0,39130.0,0.1018,2.320107167816162,0.001272406321413436,2.2048785094646604e-09,20.0
131.0,39431.0,0.1013,2.31982144241333,0.0013875472774159505,2.305865639662249e-09,20.0
132.0,39732.0,0.1015,2.319555470275879,0.0013978540861835308,2.2962890761633467e-09,20.0
133.0,40033.0,0.1016,2.319238780212402,0.0013671718223145725,2.2383638146379793e-09,20.0
134.0,40334.0,0.1027,2.319676915740967,0.0014139873979799786,2.163231484605621e-09,20.0
135.0,40635.0,0.1018,2.3195000343322754,0.0012681289320063697,2.2876593505312325e-09,20.0
136.0,40936.0,0.1015,2.319827055358887,0.0012562981323773644,2.2583685217312633e-09,20.0
137.0,41237.0,0.1014,2.3203755279541016,0.0011331511658304947,2.280935339256808e-09,20.0
138.0,41538.0,0.1013,2.3205268089294435,0.00140576711495038,2.388114728943608e-09,20.0
139.0,41839.0,0.1013,2.320926879119873,0.0009529503435502864,2.4448692218119465e-09,20.0
140.0,42140.0,0.1008,2.321041297912598,0.0011758742721076952,2.455323855553094e-09,20.0
141.0,42441.0,0.1007,2.3198324409484865,0.0016182750645830158,2.459879769347889e-09,20.0
142.0,42742.0,0.1008,2.3209719566345215,0.0011768110524647626,2.305794762963193e-09,20.0
143.0,43043.0,0.1006,2.3207499671936036,0.001129979725316172,2.5121707220242867e-09,20.0
144.0,43344.0,0.1006,2.3212634841918947,0.0012595451795343003,2.4734119687880414e-09,20.0
145.0,43645.0,0.1005,2.3218417453765867,0.001141007138134872,2.5339071403177247e-09,20.0
146.0,43946.0,0.1006,2.3216532951354982,0.0012125223188228645,2.6385634627721545e-09,20.0
147.0,44247.0,0.0999,2.3208541778564453,0.001722310025540949,2.6080973292166484e-09,20.0
148.0,44548.0,0.0999,2.3215601943969726,0.001586649832441174,2.5716191041089816e-09,20.0
149.0,44849.0,0.0999,2.3210396465301515,0.0017276167953034576,2.677453578965085e-09,20.0
150.0,45150.0,0.0997,2.3203820613861086,0.0013253624357178954,2.684278955891872e-09,20.0
151.0,45451.0,0.0997,2.320500002670288,0.001369859078190144,2.5520996133364574e-09,20.0
152.0,45752.0,0.0998,2.321059666442871,0.0012819929000298358,2.5350894646691333e-09,20.0
153.0,46053.0,0.0997,2.3204313995361328,0.0016150568698405146,2.660843729828355e-09,20.0
154.0,46354.0,0.1,2.3205121158599855,0.0014608102266375834,2.6079413602183284e-09,20.0
155.0,46655.0,0.1001,2.321646573638916,0.0011611550778805049,2.6869609498294605e-09,20.0
156.0,46956.0,0.1,2.320648818206787,0.0016694010903810913,2.841345462358546e-09,20.0
157.0,47257.0,0.1,2.3207726810455322,0.0012443525975580922,2.7670176153653157e-09,20.0
158.0,47558.0,0.1,2.320938801956177,0.0017664081509874627,2.844072783367995e-09,20.0
159.0,47859.0,0.1,2.320898123931885,0.0014016126199610946,2.913012373376015e-09,20.0
160.0,48160.0,0.0996,2.320895174407959,0.001592787722921951,2.9492208034327033e-09,20.0
161.0,48461.0,0.1,2.3191896110534667,0.0017371569392780968,2.9690470935996876e-09,20.0
162.0,48762.0,0.1,2.3186967376708982,0.0017285616885950456,2.7778204811279103e-09,20.0
163.0,49063.0,0.0999,2.317939099884033,0.001412692489710846,2.7541346442945467e-09,20.0
164.0,49364.0,0.0998,2.317595227432251,0.0015198021101866695,2.7263646577859934e-09,20.0
165.0,49665.0,0.1,2.3164791206359863,0.0016636327338558988,2.760673031168609e-09,20.0
166.0,49966.0,0.0999,2.3155611568450927,0.0017154470777513125,2.7071079876061795e-09,20.0
167.0,50267.0,0.0999,2.3167321716308593,0.0014525735688927848,2.7231631449500865e-09,20.0
168.0,50568.0,0.0998,2.317134688568115,0.001639529459925855,2.9167731800876974e-09,20.0
169.0,50869.0,0.0998,2.316014903259277,0.0015466735655730178,3.0394982973722593e-09,20.0
170.0,51170.0,0.0997,2.316512092590332,0.0016975972575545596,2.91658794046305e-09,20.0
171.0,51471.0,0.0997,2.3154035888671873,0.0017819265952020004,3.0973861700564496e-09,20.0
172.0,51772.0,0.1,2.3153699531555176,0.0016843617413408339,2.9372685891513808e-09,20.0
173.0,52073.0,0.1,2.315390184020996,0.0014453550040525239,2.953293779548744e-09,20.0
174.0,52374.0,0.1,2.3145041076660156,0.001484584693169812,3.018610029972123e-09,20.0
175.0,52675.0,0.1,2.313913670349121,0.0016231158826099951,2.9137947524203776e-09,20.0
176.0,52976.0,0.1,2.3131179927825927,0.0016657188472457164,2.8478783925443757e-09,20.0
177.0,53277.0,0.1,2.3130906021118163,0.0016098415573707237,2.865101926231191e-09,20.0
178.0,53578.0,0.1002,2.3127368286132812,0.0015359849090680745,2.9523290853809455e-09,20.0
179.0,53879.0,0.1004,2.31257918548584,0.0014065189447948596,3.0183048204311e-09,20.0
180.0,54180.0,0.1005,2.3126350631713866,0.0015894899628420374,3.0795826351507004e-09,20.0
181.0,54481.0,0.1004,2.3126680381774904,0.0015791322925016087,3.1778143170211795e-09,20.0
182.0,54782.0,0.1005,2.3120992668151854,0.0015732214123354749,3.2758592411008424e-09,20.0
183.0,55083.0,0.1009,2.3100070816040037,0.002104400093551112,3.3925504213248994e-09,20.0
184.0,55384.0,0.1009,2.3094373336791993,0.0015222864086775658,3.1445118063461856e-09,20.0
185.0,55685.0,0.1012,2.3091561447143554,0.0016794654658470352,3.0748559082996017e-09,20.0
186.0,55986.0,0.1015,2.3086990219116212,0.0015993064645386148,3.0670103809050276e-09,20.0
187.0,56287.0,0.1019,2.306651965332031,0.0016960225910877217,3.0865137333144335e-09,20.0
188.0,56588.0,0.1024,2.3066341079711914,0.0016327380082242614,2.837341596232438e-09,20.0
189.0,56889.0,0.1025,2.306425551223755,0.0017127089387100102,2.908861995931789e-09,20.0
190.0,57190.0,0.1024,2.3065910163879395,0.001690201578967628,2.980540965660446e-09,20.0
191.0,57491.0,0.1028,2.3054426177978518,0.0016731807522917654,3.1146997315823244e-09,20.0
192.0,57792.0,0.1028,2.3057084976196287,0.0015504037472328894,3.064391588218202e-09,20.0
193.0,58093.0,0.1032,2.3054985710144043,0.0014579550283890077,3.2083495620761837e-09,20.0
194.0,58394.0,0.1035,2.3055584159851072,0.0015535733877637197,3.189859000255034e-09,20.0
195.0,58695.0,0.1038,2.304522567367554,0.0019112207713159854,3.2914883254437618e-09,20.0
196.0,58996.0,0.1043,2.304270007324219,0.0016644228841998924,3.251737571211206e-09,20.0
197.0,59297.0,0.1054,2.301963040161133,0.0018563903831120808,3.39714054303756e-09,20.0
198.0,59598.0,0.1064,2.301939354324341,0.0017075929520472795,3.058419580572119e-09,20.0
199.0,59899.0,0.1064,2.299945307159424,0.0019030166214084058,3.290074286395009e-09,20.0
200.0,60200.0,0.1066,2.300343830871582,0.0015735664099835538,3.1170935282843805e-09,20.0
201.0,60501.0,0.1075,2.29918967590332,0.0019051459490449579,3.3579781457892287e-09,20.0
202.0,60802.0,0.1074,2.2990321144104002,0.0016480453568786242,3.288411034780256e-09,20.0
203.0,61103.0,0.1071,2.299181721878052,0.0016782179652123977,3.387057441749301e-09,20.0
204.0,61404.0,0.1074,2.2987446559906006,0.0016967229916907574,3.490409295615399e-09,20.0
205.0,61705.0,0.1078,2.2976177101135256,0.002351603404081124,3.568663096215444e-09,20.0
206.0,62006.0,0.1098,2.2975291927337644,0.0018553556974797083,3.5396188868738616e-09,20.0
207.0,62307.0,0.1105,2.296141929244995,0.002040111143748224,3.822619736376599e-09,20.0
208.0,62608.0,0.1115,2.2945317016601563,0.0018777185116916554,3.783686889176149e-09,20.0
209.0,62909.0,0.1113,2.2943916316986086,0.0018711258967303,3.644729221117988e-09,20.0
210.0,63210.0,0.1128,2.2933743587493898,0.0018718368774775453,3.737436083593898e-09,20.0
211.0,63511.0,0.1135,2.291909005737305,0.0019488210538440038,3.7219590312741537e-09,20.0
212.0,63812.0,0.1135,2.292458100891113,0.0020385685954896738,3.562163827401255e-09,20.0
213.0,64113.0,0.1143,2.2907990203857422,0.00186132670059691,3.802605608233917e-09,20.0
214.0,64414.0,0.1158,2.289496762084961,0.0015562593374695644,3.6405139541313547e-09,20.0
215.0,64715.0,0.1153,2.2898627689361573,0.0017277171485628054,3.6059356853294956e-09,20.0
216.0,65016.0,0.1167,2.2888400005340577,0.00204693363143179,3.773758225378942e-09,20.0
217.0,65317.0,0.1175,2.2877183776855468,0.0017792535932619393,3.788732042558216e-09,20.0
218.0,65618.0,0.1184,2.286947487640381,0.0019109849721878171,3.6956011667420838e-09,20.0
219.0,65919.0,0.1202,2.285489633178711,0.0018280793941382232,3.7209337947597242e-09,20.0
220.0,66220.0,0.12,2.285274215698242,0.001679214599987406,3.655922229290667e-09,20.0
221.0,66521.0,0.1209,2.2847389266967775,0.001510349729686973,3.8997650717515056e-09,20.0
222.0,66822.0,0.1217,2.2836236083984374,0.001776915635611554,3.898740670925511e-09,20.0
223.0,67123.0,0.1214,2.283304970550537,0.001990736658467401,3.9250546960139155e-09,20.0
224.0,67424.0,0.1222,2.2824585494995118,0.0019576258524795875,3.97819987295151e-09,20.0
225.0,67725.0,0.1237,2.280195989990234,0.0019460388797931268,4.0362100775987766e-09,20.0
226.0,68026.0,0.1242,2.278845928955078,0.0020062071898351284,4.037143212223047e-09,20.0
227.0,68327.0,0.1243,2.2786280910491943,0.0020087128168067934,4.100527675634662e-09,20.0
228.0,68628.0,0.1265,2.2767460540771483,0.0019170737597402,4.228281210930301e-09,20.0
229.0,68929.0,0.126,2.275268984222412,0.001944041994274209,4.1431805221673145e-09,20.0
230.0,69230.0,0.1269,2.2744745613098143,0.001866092429056069,3.923873197526701e-09,20.0
231.0,69531.0,0.1269,2.274233755493164,0.0015424188749477519,4.005326892879844e-09,20.0
232.0,69832.0,0.1283,2.272307954406738,0.0018738111829674337,4.191842468301159e-09,20.0
233.0,70133.0,0.129,2.2714316146850586,0.001731761344011342,4.096784068042706e-09,20.0
234.0,70434.0,0.129,2.270217098617554,0.0018419496638266207,3.9968079951318305e-09,20.0
235.0,70735.0,0.1296,2.269830451583862,0.00177525319558541,4.167123670125272e-09,20.0
236.0,71036.0,0.131,2.2678092586517336,0.0017963735662158413,4.426605328182681e-09,20.0
237.0,71337.0,0.1324,2.2662893692016604,0.0019031535813552507,4.348724772749774e-09,20.0
238.0,71638.0,0.133,2.265242139816284,0.0017717013877425743,4.276564196543169e-09,20.0
239.0,71939.0,0.1344,2.26345198135376,0.001992781320238317,4.349793818240727e-09,20.0
240.0,72240.0,0.1349,2.261917679977417,0.002069995104694802,4.14518501137326e-09,20.0
241.0,72541.0,0.1358,2.2616068031311034,0.0018660381109197148,4.1815743232404894e-09,20.0
242.0,72842.0,0.1365,2.2613658950805666,0.0015332855125030887,4.3099133869983585e-09,20.0
243.0,73143.0,0.1367,2.2595272075653074,0.0023859998292373847,4.235346253287425e-09,20.0
244.0,73444.0,0.1374,2.258575631713867,0.001601856801620201,4.252768446266211e-09,20.0
245.0,73745.0,0.1367,2.256923468017578,0.001828516650900691,4.276916975660228e-09,20.0
246.0,74046.0,0.1374,2.256230128479004,0.0014816375391012257,4.1637108151219234e-09,20.0
247.0,74347.0,0.1369,2.2556963249206543,0.0018668656354547683,4.388047184267651e-09,20.0
248.0,74648.0,0.1372,2.254281987762451,0.002171742505640338,4.54849223694226e-09,20.0
249.0,74949.0,0.1375,2.2528460956573486,0.001889957851247514,4.666496197316106e-09,20.0
250.0,75250.0,0.1376,2.251009027862549,0.0017698647965581863,4.608881581362886e-09,20.0
251.0,75551.0,0.1393,2.2490112659454344,0.0020105953892126287,4.709424837659985e-09,20.0
252.0,75852.0,0.1388,2.2478003196716307,0.0019634495124512593,4.586896655017981e-09,20.0
253.0,76153.0,0.1391,2.246981184005737,0.0019268502261828937,4.540703239427313e-09,20.0
254.0,76454.0,0.1393,2.245803010559082,0.0019060959694283044,4.582629418971539e-09,20.0
255.0,76755.0,0.14,2.2450383834838865,0.001739664983369007,4.6132187967676685e-09,20.0
256.0,77056.0,0.1408,2.2431895713806154,0.00222278743863928,4.986081779490927e-09,20.0
257.0,77357.0,0.1415,2.242086354446411,0.0016870496529722795,4.858403221673336e-09,20.0
258.0,77658.0,0.1409,2.2419457023620604,0.0015657373418059828,4.770076901819717e-09,20.0
259.0,77959.0,0.1405,2.241087724304199,0.0017206536409749592,5.114968231002387e-09,20.0
260.0,78260.0,0.1409,2.2400685661315918,0.0015981346174706564,4.93438831175855e-09,20.0
261.0,78561.0,0.1414,2.2393440979003905,0.0015724774267708642,5.207812659299773e-09,20.0
262.0,78862.0,0.1423,2.2379909580230715,0.002392165217842951,5.645581685370031e-09,20.0
263.0,79163.0,0.143,2.236535861206055,0.0020021909613127625,5.309358092685834e-09,20.0
264.0,79464.0,0.1435,2.235464150238037,0.0017503545187138741,5.220821785012122e-09,20.0
265.0,79765.0,0.1456,2.2341883056640626,0.0019211719628932124,5.234617881794584e-09,20.0
266.0,80066.0,0.1477,2.2317313041687012,0.0017349707641357167,5.432296945901772e-09,20.0
267.0,80367.0,0.1478,2.2307206470489502,0.0018292605726976795,5.144272898010808e-09,20.0
268.0,80668.0,0.1474,2.2307900272369383,0.0018056756515372906,5.645666485534687e-09,20.0
269.0,80969.0,0.1484,2.2292255504608156,0.0016811140632414046,5.781701521890694e-09,20.0
270.0,81270.0,0.1504,2.2276332878112792,0.0017360538077920006,5.564998049693869e-09,20.0
271.0,81571.0,0.1506,2.227286014556885,0.0016206523235619836,5.248001709472363e-09,20.0
272.0,81872.0,0.1511,2.2255898666381837,0.001926003481022713,5.710669995336421e-09,20.0
273.0,82173.0,0.1523,2.223991593170166,0.0018403814641425717,5.72728970729702e-09,20.0
274.0,82474.0,0.1532,2.2230174263000486,0.0017184109942763846,5.911161558633181e-09,20.0
275.0,82775.0,0.1535,2.2217491008758543,0.001918967039584967,5.557466508204575e-09,20.0
276.0,83076.0,0.1554,2.2202418563842774,0.001636316174077435,5.61013968117121e-09,20.0
277.0,83377.0,0.1559,2.219675939941406,0.0016837179459200204,6.0645140876351105e-09,20.0
278.0,83678.0,0.1556,2.218448907852173,0.001821590225244842,6.14551054110572e-09,20.0
279.0,83979.0,0.1545,2.21769973526001,0.0017089992572382128,5.929220242824731e-09,20.0
280.0,84280.0,0.1542,2.217094882583618,0.0015822005337444447,6.232476893005662e-09,20.0
281.0,84581.0,0.1553,2.215052449417114,0.0017217402868582624,6.23159848407593e-09,20.0
282.0,84882.0,0.1571,2.2131011383056642,0.0018613346812172125,6.321726543076104e-09,20.0
283.0,85183.0,0.1578,2.212066142272949,0.0020431032961317043,6.35620094683355e-09,20.0
284.0,85484.0,0.1569,2.210217247390747,0.002040882294464879,6.504675011540683e-09,20.0
285.0,85785.0,0.1579,2.208191091918945,0.0017933229416962275,6.3899634444833575e-09,20.0
286.0,86086.0,0.1583,2.207129094696045,0.0016532254508040977,6.2035943165392904e-09,20.0
287.0,86387.0,0.1589,2.2063340492248535,0.0017276955821967802,6.375485661233136e-09,20.0
288.0,86688.0,0.1606,2.203899984741211,0.001926425120692231,6.050471830581256e-09,20.0
289.0,86989.0,0.162,2.20186092376709,0.0018384994737820795,6.250502955307962e-09,20.0
290.0,87290.0,0.166,2.1999073600769044,0.0018010946454046137,6.016390541899175e-09,20.0
291.0,87591.0,0.1683,2.198495947647095,0.0017286011418832124,6.2160135464718905e-09,20.0
292.0,87892.0,0.1679,2.1980768646240234,0.0014197277187878762,6.2970166340824746e-09,20.0
293.0,88193.0,0.1691,2.196570188140869,0.0016265934425023236,6.740806892675858e-09,20.0
294.0,88494.0,0.1689,2.1967347206115724,0.0016862937030974851,6.487820602228292e-09,20.0
295.0,88795.0,0.171,2.196040798187256,0.0015058330221553282,6.559210344760431e-09,20.0
296.0,89096.0,0.1721,2.1952568950653077,0.0018569301356626136,6.88919218471319e-09,20.0
297.0,89397.0,0.1709,2.1935574855804445,0.00188256531465015,6.813359261982891e-09,20.0
298.0,89698.0,0.1706,2.1924801876068116,0.0016119455146372727,6.733705206753324e-09,20.0
299.0,89999.0,0.172,2.1912709869384766,0.0015010770202470566,6.807004103794218e-09,20.0
300.0,90300.0,0.1745,2.189506770324707,0.0018451330821906775,7.011261248337084e-09,20.0
301.0,90601.0,0.1764,2.1883488716125488,0.001735629755878633,7.418533432472528e-09,20.0
302.0,90902.0,0.176,2.1868079780578613,0.0018777197001742798,7.762380995710772e-09,20.0
303.0,91203.0,0.1781,2.186163695907593,0.0015509380615436553,7.449279092119796e-09,20.0
304.0,91504.0,0.1789,2.185360944366455,0.0017043390485941769,7.61588977551839e-09,20.0
305.0,91805.0,0.1792,2.1841052841186523,0.001722234078984649,7.607881943209832e-09,20.0
306.0,92106.0,0.1795,2.1828341724395752,0.0020155720099416406,7.835001448657785e-09,20.0
307.0,92407.0,0.1803,2.181351700592041,0.0018987320277174516,7.935505305318305e-09,20.0
308.0,92708.0,0.1788,2.181025981903076,0.0018262267532001633,8.21263675562439e-09,20.0
309.0,93009.0,0.1796,2.1784081565856934,0.001806942234930781,8.154752876021888e-09,20.0
310.0,93310.0,0.1844,2.175766257476807,0.0020046579166667546,8.214722909477072e-09,20.0
311.0,93611.0,0.1859,2.174190956878662,0.0018178342230868983,7.951392736296572e-09,20.0
312.0,93912.0,0.1887,2.17183212890625,0.0018572487555455497,8.467641573302213e-09,20.0
313.0,94213.0,0.1887,2.1703735229492187,0.0017016283656857895,8.159753817228587e-09,20.0
314.0,94514.0,0.1921,2.1680579330444334,0.0018937071290868698,8.383283535037758e-09,20.0
315.0,94815.0,0.1977,2.165181854248047,0.0017459316400487367,8.037804490230618e-09,20.0
316.0,95116.0,0.1971,2.1634769966125487,0.002017069936732883,8.093660549031775e-09,20.0
317.0,95417.0,0.1986,2.1628072052001954,0.0015355646475192883,7.976447984578899e-09,20.0
318.0,95718.0,0.1987,2.1607569664001467,0.0016051947866992287,8.330783522511207e-09,20.0
319.0,96019.0,0.1985,2.1600127227783203,0.0016450915452747097,8.791259774467677e-09,20.0
320.0,96320.0,0.1999,2.158806316757202,0.0017441340940711728,8.511553340140574e-09,20.0
321.0,96621.0,0.2006,2.156963701248169,0.0017527189295109,8.556152280074175e-09,20.0
322.0,96922.0,0.198,2.1572669883728026,0.0016412853143933559,8.629298302308249e-09,20.0
323.0,97223.0,0.1985,2.155403458404541,0.0019291190390320933,8.690554563232376e-09,20.0
324.0,97524.0,0.2021,2.1531996437072753,0.0019512879192706799,9.049085079484241e-09,20.0
325.0,97825.0,0.2044,2.1506017616271973,0.0018027537230292656,8.806686968452723e-09,20.0
326.0,98126.0,0.2034,2.1490591281890867,0.0014661047315510313,9.192748312271988e-09,20.0
327.0,98427.0,0.2037,2.148639514541626,0.0015714725333914438,9.707804321038605e-09,20.0
328.0,98728.0,0.2089,2.1458331737518312,0.0018055110984374857,1.0296234473207966e-08,20.0
329.0,99029.0,0.2094,2.145453771209717,0.001933706236080991,9.740487027163638e-09,20.0
330.0,99330.0,0.2112,2.1430822677612307,0.0017912168454648613,9.82952142477386e-09,20.0
331.0,99631.0,0.2123,2.1434047695159912,0.0016720475228881948,9.561514514710683e-09,20.0
332.0,99932.0,0.2179,2.1410984462738036,0.0016899436760116464,9.188224521967396e-09,20.0
333.0,100233.0,0.2159,2.1395805816650393,0.0018394130671752706,9.596371577268344e-09,20.0
334.0,100534.0,0.2178,2.138796977233887,0.001552326354992022,9.547725229338067e-09,20.0
335.0,100835.0,0.2182,2.1357844718933103,0.0018376343150938836,1.0047963733510327e-08,20.0
336.0,101136.0,0.2198,2.1355267845153807,0.0016290401144449748,1.0186170873135565e-08,20.0
337.0,101437.0,0.2229,2.133884700393677,0.0017903327416753934,1.0995007220674252e-08,20.0
338.0,101738.0,0.2266,2.1324076293945313,0.0017946292847634373,1.1016618833016578e-08,20.0
339.0,102039.0,0.2251,2.132325796508789,0.0015109375444617586,1.0867792195974893e-08,20.0
340.0,102340.0,0.2222,2.132881233215332,0.001646237484245832,1.0830651148302366e-08,20.0
341.0,102641.0,0.2295,2.1262534511566162,0.0019564328620995486,1.0859717890140353e-08,20.0
342.0,102942.0,0.2297,2.123538500785828,0.0015588574171217311,1.1172879641565237e-08,20.0
343.0,103243.0,0.2316,2.1202230657577514,0.001807643714753635,1.1572222572853561e-08,20.0
344.0,103544.0,0.2314,2.117525089645386,0.0019453381620641306,1.1366686135081452e-08,20.0
345.0,103845.0,0.2351,2.1154582431793214,0.0014497404615698066,1.0977601511889819e-08,20.0
346.0,104146.0,0.2358,2.1137352809906007,0.001785492166034573,1.1152682805975482e-08,20.0
347.0,104447.0,0.2363,2.1115039743423463,0.001890943892525227,1.0865894470542819e-08,20.0
348.0,104748.0,0.2372,2.1089819688796996,0.0015059943171586195,1.0895753257229084e-08,20.0
349.0,105049.0,0.2395,2.107680420303345,0.0017051582525072293,1.1070841259642342e-08,20.0
350.0,105350.0,0.2411,2.1052562191009523,0.0016592874344398929,1.0907099894024934e-08,20.0
351.0,105651.0,0.2387,2.1046920248031618,0.0015455367421520433,1.0891613240573482e-08,20.0
352.0,105952.0,0.2343,2.107229964828491,0.001372609573758441,1.0897198442794952e-08,20.0
353.0,106253.0,0.2346,2.1059890213012697,0.0017572558553707424,1.1412602159932175e-08,20.0
354.0,106554.0,0.2367,2.1028009578704836,0.0017527695594097001,1.1591663753461609e-08,20.0
355.0,106855.0,0.2391,2.0977339752197266,0.001788336302839103,1.1664137513229628e-08,20.0
356.0,107156.0,0.2399,2.0957538635253905,0.0015292055702199815,1.1630393775114839e-08,20.0
357.0,107457.0,0.2426,2.0912723138809204,0.0018178123454944163,1.1916708026521748e-08,20.0
358.0,107758.0,0.2455,2.0887492588043215,0.0018831074070238447,1.1542098624521407e-08,20.0
359.0,108059.0,0.2431,2.0908144830703734,0.001473071721648067,1.11001661803575e-08,20.0
360.0,108360.0,0.2486,2.085970040893555,0.001757373214823214,1.1387195885632506e-08,20.0
361.0,108661.0,0.2473,2.084154298019409,0.001430712967314978,1.0919695022931051e-08,20.0
362.0,108962.0,0.2489,2.0822591007232667,0.001581928493621584,1.1494975782480616e-08,20.0
363.0,109263.0,0.2485,2.0813267742156984,0.001576534333191637,1.1277870713620272e-08,20.0
364.0,109564.0,0.2445,2.0815215717315674,0.0018165429185788792,1.1433617552782551e-08,20.0
365.0,109865.0,0.2493,2.0776272142410277,0.001570404237981835,1.1455936284734127e-08,20.0
366.0,110166.0,0.248,2.0788203830718994,0.001459051438777794,1.184774038855838e-08,20.0
367.0,110467.0,0.2459,2.0754344804763796,0.0014546190508404795,1.1795419167810498e-08,20.0
368.0,110768.0,0.2434,2.072541836929321,0.0016778659199784723,1.1975555806276456e-08,20.0
369.0,111069.0,0.2389,2.072318096923828,0.0014090597536710486,1.1994814174283884e-08,20.0
370.0,111370.0,0.2392,2.0704318376541138,0.0016649707821022094,1.2426340524269237e-08,20.0
371.0,111671.0,0.2387,2.070337088394165,0.0016468952986076566,1.2506114142413894e-08,20.0
372.0,111972.0,0.2414,2.065742961502075,0.001681873511963266,1.229015500532465e-08,20.0
373.0,112273.0,0.2445,2.060730732727051,0.0016673566227438257,1.1990480470223805e-08,20.0
374.0,112574.0,0.249,2.0580893615722657,0.001538307624790596,1.2099477796036165e-08,20.0
375.0,112875.0,0.2523,2.0561038162231444,0.0015528749053975107,1.2150596009221781e-08,20.0
376.0,113176.0,0.2523,2.0531227588653564,0.001783794025310511,1.2369824104792566e-08,20.0
377.0,113477.0,0.2533,2.0486327527999877,0.0015254324622018815,1.2849633180478974e-08,20.0
378.0,113778.0,0.2541,2.0477389766693115,0.001580351898528585,1.3189941458473567e-08,20.0
379.0,114079.0,0.2531,2.0487383365631104,0.001448887609580973,1.3117759663104074e-08,20.0
380.0,114380.0,0.2536,2.048082521247864,0.0014643047745360465,1.284164285266444e-08,20.0
381.0,114681.0,0.2562,2.0456226581573485,0.0014454882378455833,1.2653646482189946e-08,20.0
382.0,114982.0,0.2567,2.043058918762207,0.0014145926695208605,1.2180364131735157e-08,20.0
383.0,115283.0,0.2591,2.044234185791016,0.0013499606659459495,1.286516255864251e-08,20.0
384.0,115584.0,0.2584,2.0416345378875733,0.0014308423249297076,1.2378504236944603e-08,20.0
385.0,115885.0,0.2583,2.0390205772399903,0.0015413774870653722,1.2768120546887619e-08,20.0
386.0,116186.0,0.2583,2.038315940093994,0.0013773322119130986,1.3085860436650592e-08,20.0
387.0,116487.0,0.2607,2.0365533561706544,0.001591692177321397,1.2934805556274186e-08,20.0
388.0,116788.0,0.2592,2.0341705581665037,0.0014432218832496314,1.315517556268164e-08,20.0
389.0,117089.0,0.2607,2.0299469303131104,0.001382845517393931,1.3020008486830952e-08,20.0
390.0,117390.0,0.2609,2.0272597232818605,0.0011996724333779088,1.3094497308412825e-08,20.0
391.0,117691.0,0.2599,2.0272631029129027,0.0016216014858659138,1.3437145346400147e-08,20.0
392.0,117992.0,0.2589,2.0263275691986085,0.0014404827928170953,1.3352548990765558e-08,20.0
393.0,118293.0,0.2574,2.025628965950012,0.001391593086781392,1.3739483996488137e-08,20.0
394.0,118594.0,0.2585,2.0240145109176635,0.0014509322761181267,1.3564563227787019e-08,20.0
395.0,118895.0,0.2595,2.0233912601470947,0.001368042772798065,1.361906410994397e-08,20.0
396.0,119196.0,0.2616,2.020913600921631,0.0016167804647209242,1.3443534654349672e-08,20.0
397.0,119497.0,0.262,2.019412907409668,0.0014894722317038852,1.2612175717055054e-08,20.0
398.0,119798.0,0.2618,2.0176680221557617,0.0012987491135158515,1.3063063719251098e-08,20.0
399.0,120099.0,0.2673,2.0128396856307984,0.0013243733140458085,1.3048745984988282e-08,20.0
400.0,120400.0,0.2671,2.0127879428863524,0.0013786864904084667,1.3535652857816052e-08,20.0
401.0,120701.0,0.2676,2.0149159729003907,0.0012902773570613298,1.3812876769704358e-08,20.0
402.0,121002.0,0.2676,2.014893752861023,0.0013106316809392074,1.3814026221173695e-08,20.0
403.0,121303.0,0.2731,2.010251541900635,0.0014509977744443664,1.3883709842863107e-08,20.0
404.0,121604.0,0.2741,2.0088783618927004,0.0014226267520075547,1.3892489973993157e-08,20.0
405.0,121905.0,0.2719,2.007118562698364,0.0012285070290092301,1.3882761202253277e-08,20.0
406.0,122206.0,0.2726,2.0084336656570434,0.0012990513345606924,1.368214451669363e-08,20.0
407.0,122507.0,0.2682,2.00915890045166,0.001432715304018315,1.3418375875263805e-08,20.0
408.0,122808.0,0.2689,2.0080029487609865,0.0012837862707427308,1.3732485266028388e-08,20.0
409.0,123109.0,0.2687,2.009323365020752,0.0013439282152059916,1.3869449698914508e-08,20.0
410.0,123410.0,0.2668,2.0093932275772093,0.0013244459072695985,1.3908135075243794e-08,20.0
411.0,123711.0,0.2688,2.0059516120910645,0.0014926408987944518,1.4028066466614173e-08,20.0
412.0,124012.0,0.2741,2.000449491119385,0.001494061984663801,1.3987387386496357e-08,20.0
413.0,124313.0,0.2775,2.000279062271118,0.0012913922608502383,1.391000482922882e-08,20.0
414.0,124614.0,0.2787,1.9984864250183105,0.001230390361130515,1.379036558566065e-08,20.0
415.0,124915.0,0.2795,1.9968033241271972,0.0013433685538967878,1.3875406320740458e-08,20.0
416.0,125216.0,0.2793,1.9975053550720214,0.0014491398388740539,1.3987091650380363e-08,20.0
417.0,125517.0,0.2751,1.9960005964279175,0.0011658586214237166,1.4241804978474114e-08,20.0
418.0,125818.0,0.2784,1.9929919834136962,0.0014897382951864413,1.4895343418443198e-08,20.0
419.0,126119.0,0.2752,1.9960399185180664,0.0014009280395051492,1.4793691088291598e-08,20.0
420.0,126420.0,0.2736,1.9991180011749268,0.0013034339376256187,1.4816326291666251e-08,20.0
421.0,126721.0,0.2748,1.9944483299255371,0.0014632463421631369,1.5128610175808435e-08,20.0
422.0,127022.0,0.2784,1.9929170801162719,0.0014937154059062815,1.5132949992774804e-08,20.0
423.0,127323.0,0.2797,1.9916947175979614,0.0015536652429653287,1.4985801837625643e-08,20.0
424.0,127624.0,0.2819,1.9883667663574218,0.0012578404128320072,1.4914565407992155e-08,20.0
425.0,127925.0,0.2826,1.9870801776885987,0.0014374521905265384,1.4991911960392198e-08,20.0
426.0,128226.0,0.2837,1.9866410886764527,0.0011270397131378715,1.4788992070688938e-08,20.0
427.0,128527.0,0.2886,1.9820701484680177,0.0015124326532680115,1.513281616739745e-08,20.0
428.0,128828.0,0.29,1.9780632694244384,0.001458198665646159,1.4667296380755337e-08,20.0
429.0,129129.0,0.2884,1.9783942222595214,0.0012865079427978896,1.4730368212443898e-08,20.0
430.0,129430.0,0.2862,1.978945612716675,0.00135025955774187,1.4796696596077018e-08,20.0
431.0,129731.0,0.2845,1.9775794677734375,0.0014009754034825783,1.4904522993802598e-08,20.0
432.0,130032.0,0.2846,1.9784457061767577,0.0014369328713326227,1.4842341254904041e-08,20.0
433.0,130333.0,0.2835,1.97796715259552,0.001272935746225234,1.4551302651489701e-08,20.0
434.0,130634.0,0.2832,1.9775631610870361,0.0012873425333760262,1.5018899372496157e-08,20.0
435.0,130935.0,0.2806,1.9792925788879394,0.0013646730800151797,1.542434288172747e-08,20.0
436.0,131236.0,0.2911,1.9729153024673463,0.0016329436424526794,1.522131404801641e-08,20.0
437.0,131537.0,0.294,1.971011240005493,0.001526463627332944,1.5231918545592868e-08,20.0
438.0,131838.0,0.2935,1.9707779085159303,0.001334724450770738,1.4851405701711278e-08,20.0
439.0,132139.0,0.2948,1.9707091621398927,0.0014058924467034908,1.492350144844336e-08,20.0
440.0,132440.0,0.2881,1.9701560649871825,0.0012160524373267443,1.4338051638233265e-08,20.0
441.0,132741.0,0.2898,1.9682283109664918,0.0013306861054979593,1.519270034290187e-08,20.0
442.0,133042.0,0.2944,1.9664445882797241,0.0013154121691715526,1.5009408457455836e-08,20.0
443.0,133343.0,0.2931,1.965820097732544,0.0010727158618822137,1.461022749750791e-08,20.0
444.0,133644.0,0.2887,1.966405286026001,0.0012826512744450243,1.520022336466716e-08,20.0
445.0,133945.0,0.2855,1.964659733581543,0.0013530445058432558,1.541092075839202e-08,20.0
446.0,134246.0,0.2878,1.963269902420044,0.0015399066608451197,1.613156889256855e-08,20.0
447.0,134547.0,0.2876,1.964024667739868,0.0011621262078602799,1.5681765897835617e-08,20.0
448.0,134848.0,0.2864,1.9616438789367676,0.0012261901772119116,1.5473384354460388e-08,20.0
449.0,135149.0,0.2846,1.9645032535552978,0.0012044635449068894,1.603201296283964e-08,20.0
450.0,135450.0,0.2835,1.9634875789642334,0.0012853219449566826,1.597923020146401e-08,20.0
451.0,135751.0,0.2893,1.959461156463623,0.001383262330528432,1.6416434757342566e-08,20.0
452.0,136052.0,0.2879,1.9597104564666747,0.0013927931760431545,1.6258419224185312e-08,20.0
453.0,136353.0,0.2898,1.9590421659469603,0.0014567850095454054,1.6237337130972347e-08,20.0
454.0,136654.0,0.2934,1.9550180591583253,0.0014412148720236756,1.6215616086420566e-08,20.0
455.0,136955.0,0.297,1.9528816286087036,0.0013455726086157094,1.6916219980888877e-08,20.0
456.0,137256.0,0.2985,1.9535070861816406,0.0013209397944017832,1.6513369797309128e-08,20.0
457.0,137557.0,0.2961,1.9515142311096192,0.001285235407033959,1.6102208854529282e-08,20.0
458.0,137858.0,0.2961,1.952072555923462,0.0013319621590776412,1.6399514449710182e-08,20.0
459.0,138159.0,0.2989,1.9494470600128173,0.0014549957234190876,1.6373887228124308e-08,20.0
460.0,138460.0,0.302,1.947181125640869,0.0014782959505019568,1.6089608509293582e-08,20.0
461.0,138761.0,0.2998,1.9482258420944214,0.0012715049231195104,1.5986031684639587e-08,20.0
462.0,139062.0,0.3003,1.9461546728134156,0.0013497684634931086,1.659670086874043e-08,20.0
463.0,139363.0,0.2996,1.9464008270263673,0.0014102315018600735,1.6436266458161522e-08,20.0
464.0,139664.0,0.2994,1.9444184226989747,0.00138403050592225,1.6331232407173787e-08,20.0
465.0,139965.0,0.3012,1.9392948081970214,0.001574014287230331,1.644709516695867e-08,20.0
466.0,140266.0,0.3021,1.9410354496002198,0.0014296771668198982,1.6361998300689772e-08,20.0
467.0,140567.0,0.3042,1.9428698135375977,0.0013231379667619629,1.5805825098870063e-08,20.0
468.0,140868.0,0.3059,1.940148650741577,0.001170612144716382,1.5996738805976906e-08,20.0
469.0,141169.0,0.306,1.9380840347290038,0.0013066144688686741,1.6132804064812764e-08,20.0
470.0,141470.0,0.3049,1.9383835046768187,0.0012764392244647563,1.6220411987215548e-08,20.0
471.0,141771.0,0.3055,1.936271195602417,0.0013145360044630155,1.65110660971078e-08,20.0
472.0,142072.0,0.3054,1.9338372165679931,0.0014624363129609427,1.6377574860616936e-08,20.0
473.0,142373.0,0.3049,1.9351146175384522,0.0013512536178719554,1.6548910913890412e-08,20.0
474.0,142674.0,0.3057,1.9342951276779174,0.0014838286660452823,1.63822011080902e-08,20.0
475.0,142975.0,0.3081,1.9326415546417237,0.0013622021749373778,1.5986293608292075e-08,20.0
476.0,143276.0,0.3073,1.9317654640197754,0.0011600032919213661,1.6261091490538894e-08,20.0
477.0,143577.0,0.3084,1.9326794971466064,0.0011569748543427448,1.6630403562697182e-08,20.0
478.0,143878.0,0.3111,1.928196185874939,0.0013490786869133423,1.672897380723903e-08,20.0
479.0,144179.0,0.3121,1.9260605388641356,0.0011493192954141588,1.625690953141378e-08,20.0
480.0,144480.0,0.3081,1.9280191465377807,0.001182030559365882,1.6862884470778298e-08,20.0
481.0,144781.0,0.3121,1.9252421142578124,0.0015005023658926284,1.700498566879597e-08,20.0
482.0,145082.0,0.3144,1.9232769580841065,0.0013096380412090595,1.732603747204851e-08,20.0
483.0,145383.0,0.3158,1.9246804891586304,0.001330705884333852,1.7332335654464424e-08,20.0
484.0,145684.0,0.3154,1.9236447257995606,0.00127790996011429,1.692665351311393e-08,20.0
485.0,145985.0,0.3172,1.9227327163696288,0.0013040111841618935,1.680100742843843e-08,20.0
486.0,146286.0,0.3183,1.9186829725265504,0.0013580763508592626,1.6949609062650455e-08,20.0
487.0,146587.0,0.3144,1.923376756477356,0.0011700625561006444,1.6634701052400453e-08,20.0
488.0,146888.0,0.3155,1.9199627347946167,0.0012842627287523274,1.6614289797945127e-08,20.0
489.0,147189.0,0.3135,1.9197600023269654,0.0012536105900090556,1.7135864927324023e-08,20.0
490.0,147490.0,0.3131,1.9195599891662598,0.0012184451170106864,1.7247711487710428e-08,20.0
491.0,147791.0,0.3126,1.9197243312835692,0.0011653891817009672,1.749411143394766e-08,20.0
492.0,148092.0,0.3146,1.9175077907562257,0.0013657887373264802,1.7364464459252395e-08,20.0
493.0,148393.0,0.316,1.917070733642578,0.001486084779873254,1.7368416460269224e-08,20.0
494.0,148694.0,0.3145,1.9151273048400879,0.001175115335767522,1.7117324158844824e-08,20.0
495.0,148995.0,0.3148,1.9130452373504638,0.00127410556159051,1.7506684312618127e-08,20.0
496.0,149296.0,0.3154,1.9129263427734375,0.00142068039862486,1.7845282804153674e-08,20.0
497.0,149597.0,0.316,1.9142951309204101,0.0012969631767362976,1.7895925218614733e-08,20.0
498.0,149898.0,0.3193,1.9120966178894043,0.0014178402682135385,1.7833211089784562e-08,20.0
499.0,150199.0,0.3191,1.912372661590576,0.001182824354210583,1.7463633578793722e-08,20.0
500.0,150500.0,0.3198,1.9088142387390137,0.0012929769954067149,1.7086274732957286e-08,20.0
501.0,150801.0,0.3197,1.9062165702819824,0.0012935361340137392,1.7018804118311986e-08,20.0
502.0,151102.0,0.3203,1.9082996799468994,0.0013073720197023086,1.7439246338914066e-08,20.0
503.0,151403.0,0.3212,1.90473755569458,0.001322663733260315,1.7128925786992767e-08,20.0
504.0,151704.0,0.3172,1.9049525289535523,0.001346474762569177,1.7563755558590742e-08,20.0
505.0,152005.0,0.321,1.903659753036499,0.001321366125948862,1.7492181994308048e-08,20.0
506.0,152306.0,0.3222,1.9022273822784423,0.0012583925579185784,1.7381236906205247e-08,20.0
507.0,152607.0,0.3198,1.8972963466644288,0.0012856117004684609,1.7670959594476207e-08,20.0
508.0,152908.0,0.3187,1.8981657886505128,0.0013205053774020036,1.803557171029286e-08,20.0
509.0,153209.0,0.32,1.8994424755096435,0.0014963661284499877,1.829079080557891e-08,20.0
510.0,153510.0,0.3237,1.8950742038726807,0.001459327417226047,1.7561027678189492e-08,20.0
511.0,153811.0,0.3268,1.8938847560882568,0.0012668913258997842,1.7528279610246604e-08,20.0
512.0,154112.0,0.3264,1.8911862606048584,0.0011865971847840081,1.757921580898723e-08,20.0
513.0,154413.0,0.3243,1.8915253017425537,0.0010715180402623011,1.8130354818038207e-08,20.0
514.0,154714.0,0.3247,1.8909285606384276,0.001303110492196398,1.890612810147219e-08,20.0
515.0,155015.0,0.328,1.8891859016418457,0.0014742338568499531,1.8718544993466174e-08,20.0
516.0,155316.0,0.332,1.886906527519226,0.001275362128224718,1.8029538568519612e-08,20.0
517.0,155617.0,0.3315,1.8857424602508546,0.0012043611450903466,1.7409348922355076e-08,20.0
518.0,155918.0,0.3328,1.8841782613754272,0.0012767057957064538,1.847960518517079e-08,20.0
519.0,156219.0,0.3318,1.8861574291229248,0.001206476788444407,1.7817346353885175e-08,20.0
520.0,156520.0,0.3313,1.8822747308731078,0.0012734303195116208,1.759629466159213e-08,20.0
521.0,156821.0,0.3308,1.881750510787964,0.0011629552428373787,1.8810920332513302e-08,20.0
522.0,157122.0,0.3287,1.8816968353271484,0.0011753747243943545,1.864825898354844e-08,20.0
523.0,157423.0,0.3304,1.878499520111084,0.001253447738060233,1.877072703865116e-08,20.0
524.0,157724.0,0.3301,1.8793864154815674,0.001127173389453465,1.8272345653526756e-08,20.0
525.0,158025.0,0.33,1.8796113262176513,0.0013643517288833623,1.784994749701056e-08,20.0
526.0,158326.0,0.33,1.8804554370880127,0.0012896424787294566,1.793487849452482e-08,20.0
527.0,158627.0,0.3303,1.8777389209747315,0.001321239101610211,1.8296060671631657e-08,20.0
528.0,158928.0,0.3283,1.8769768180847168,0.0012182496559220318,1.846766336869015e-08,20.0
529.0,159229.0,0.3309,1.8748934494018554,0.0013357004846356894,1.930628339387776e-08,20.0
530.0,159530.0,0.3315,1.87384951171875,0.001153634902108065,1.8127136382337806e-08,20.0
531.0,159831.0,0.3323,1.8718896835327148,0.0012080908244026835,1.8194816519740713e-08,20.0
532.0,160132.0,0.3337,1.8697509634017944,0.0012056733858459433,1.8433211594138497e-08,20.0
533.0,160433.0,0.3334,1.8706500104904176,0.0013089893366526916,1.8012595834601062e-08,20.0
534.0,160734.0,0.3313,1.8730205574035645,0.0011958384169501249,1.809029845029879e-08,20.0
535.0,161035.0,0.3399,1.8646998481750487,0.0013329166408897737,1.8037632906821957e-08,20.0
536.0,161336.0,0.3417,1.86154068069458,0.0011956402805706242,1.8091498887744024e-08,20.0
537.0,161637.0,0.3407,1.8578990005493163,0.001296357936208104,1.794711626890033e-08,20.0
538.0,161938.0,0.3411,1.8561182758331298,0.0014809171559101665,1.8375810517313115e-08,20.0
539.0,162239.0,0.3365,1.8607709383010864,0.0012761859422537095,1.8337226586442103e-08,20.0
540.0,162540.0,0.3412,1.8590880729675292,0.001293270907949753,1.827432715206526e-08,20.0
541.0,162841.0,0.3384,1.8602428142547607,0.001301380426083114,1.7836802486335497e-08,20.0
542.0,163142.0,0.3357,1.8602517076492309,0.0012548212497638194,1.84468093725718e-08,20.0
543.0,163443.0,0.3389,1.8547829751968383,0.0014105510702252825,1.8666797877451256e-08,20.0
544.0,163744.0,0.3426,1.8524378061294555,0.0013890677774814856,1.903649365428182e-08,20.0
545.0,164045.0,0.3445,1.8501170888900758,0.001207692581381984,1.8397638834358437e-08,20.0
546.0,164346.0,0.3412,1.8534285732269287,0.0013309596174331856,1.8419381840417845e-08,20.0
547.0,164647.0,0.34,1.8546226299285888,0.0010765322017588248,1.862969148804414e-08,20.0
548.0,164948.0,0.3396,1.8522107252120972,0.0013154092448259206,1.8787609942417225e-08,20.0
549.0,165249.0,0.3431,1.847169499206543,0.0013651528004551227,1.8845296251837714e-08,20.0
550.0,165550.0,0.3446,1.846757839202881,0.0012382407846313359,1.89052037879514e-08,20.0
551.0,165851.0,0.346,1.84753489818573,0.0012212097387208445,1.8642556090138653e-08,20.0
552.0,166152.0,0.3451,1.8484536056518555,0.0012864837729796162,1.832650323667177e-08,20.0
553.0,166453.0,0.3449,1.8469019834518432,0.0011079259004480929,1.8178288097810754e-08,20.0
554.0,166754.0,0.3493,1.8414322048187255,0.001433222055385847,1.8815066341544034e-08,20.0
555.0,167055.0,0.3518,1.8380354717254639,0.001479377901500154,1.8804248452549154e-08,20.0
556.0,167356.0,0.3526,1.835141442489624,0.0012549178480904786,1.8830823363647773e-08,20.0
557.0,167657.0,0.3516,1.8366475828170776,0.0010660305040926256,1.8147890245787206e-08,20.0
558.0,167958.0,0.3527,1.837708691596985,0.0012744703793257472,1.8774935276862738e-08,20.0
559.0,168259.0,0.3533,1.834976271057129,0.0010628277475758683,1.8544641513734737e-08,20.0
560.0,168560.0,0.3542,1.8339934673309326,0.0011578184277842426,1.908575102767729e-08,20.0
561.0,168861.0,0.3562,1.831353684616089,0.0012670150930950027,1.879815666300203e-08,20.0
562.0,169162.0,0.3565,1.830106252670288,0.001066831689606505,1.869066161495927e-08,20.0
563.0,169463.0,0.3568,1.82765046043396,0.001130449732484882,1.8939604199802362e-08,20.0
564.0,169764.0,0.3569,1.828333857536316,0.0010795850388939064,1.8620069842806904e-08,20.0
565.0,170065.0,0.3577,1.8265522163391112,0.0013951597774385753,1.8301283508757258e-08,20.0
566.0,170366.0,0.3591,1.8228696878433228,0.001077427273819463,1.8134557541824928e-08,20.0
567.0,170667.0,0.3587,1.8225731563568115,0.0011199056078215709,1.876271015280599e-08,20.0
568.0,170968.0,0.3606,1.8209873500823974,0.001144869681123482,1.8970614438577263e-08,20.0
569.0,171269.0,0.3578,1.8235608127593994,0.001127350761549964,1.8975772455491753e-08,20.0
570.0,171570.0,0.359,1.8220662036895752,0.0012329361464163558,1.9482213548877397e-08,20.0
571.0,171871.0,0.3584,1.8182841358184814,0.0010803628876049057,1.926235566081796e-08,20.0
572.0,172172.0,0.3607,1.8166048370361327,0.001301665991878438,1.9720934261142366e-08,20.0
573.0,172473.0,0.36,1.8193067413330077,0.0012173052241016204,1.9070163822147517e-08,20.0
574.0,172774.0,0.3585,1.8182163927078248,0.0010374402274020385,1.8729316564789075e-08,20.0
575.0,173075.0,0.3583,1.8176260591506959,0.0012272389165929268,1.9235795022607063e-08,20.0
576.0,173376.0,0.3566,1.8190439945220946,0.0009970914619334484,1.9296856809885243e-08,20.0
577.0,173677.0,0.3552,1.81904541721344,0.0011698491479029943,1.9212090526646122e-08,20.0
578.0,173978.0,0.3592,1.8132502326965332,0.001209610092777426,1.9206847299971483e-08,20.0
579.0,174279.0,0.3609,1.8113403825759888,0.0010527520614879219,1.953167877633189e-08,20.0
580.0,174580.0,0.3593,1.809694100189209,0.0011367770815220025,1.9416049181494592e-08,20.0
581.0,174881.0,0.3614,1.8059708509445191,0.001188594610244944,1.9730336192626608e-08,20.0
582.0,175182.0,0.3613,1.805501717376709,0.0011964407026703865,1.9562433783080457e-08,20.0
583.0,175483.0,0.3622,1.8036384441375732,0.00141275798385231,1.9529483394115316e-08,20.0
584.0,175784.0,0.3625,1.8057256973266602,0.001157035122959576,1.9713812588704134e-08,20.0
585.0,176085.0,0.3604,1.8052913705825806,0.0011986541284825518,2.0066259774570502e-08,20.0
586.0,176386.0,0.3628,1.8045863594055176,0.0011453934078494911,1.9971117701420186e-08,20.0
587.0,176687.0,0.364,1.8038213012695312,0.0012139156908518847,1.999509338130748e-08,20.0
588.0,176988.0,0.36,1.8044699209213257,0.001072087445370464,1.9859090523044775e-08,20.0
589.0,177289.0,0.3645,1.8004752227783203,0.001324535208835848,2.0291870325170306e-08,20.0
590.0,177590.0,0.3646,1.7996210962295531,0.0010502873774835596,1.9408329888610906e-08,20.0
591.0,177891.0,0.3675,1.8010123950958252,0.0011347642484162783,1.9727966284137697e-08,20.0
592.0,178192.0,0.3663,1.7979713233947754,0.001040928231096276,1.9062253898794562e-08,20.0
593.0,178493.0,0.3679,1.79702691822052,0.0011749730800479977,1.936854568347673e-08,20.0
594.0,178794.0,0.3664,1.7968129541397095,0.0013205120957814915,1.9506242982874996e-08,20.0
595.0,179095.0,0.3693,1.7929803956985473,0.0012242705222861954,1.9519833746905198e-08,20.0
596.0,179396.0,0.3691,1.7913988414764404,0.0011321153040814908,1.9614007484040566e-08,20.0
597.0,179697.0,0.3688,1.7892315032958985,0.0011338792851448038,1.9586128440272978e-08,20.0
598.0,179998.0,0.3688,1.7877620532989502,0.0011064920988749698,1.9817434314665356e-08,20.0
599.0,180299.0,0.3676,1.7892287815093995,0.0010618947858076224,1.957251953173201e-08,20.0
600.0,180600.0,0.3665,1.7888986885070801,0.0010117371837763606,1.941590910356553e-08,20.0
601.0,180901.0,0.3639,1.7886712282180786,0.0010385449989006805,1.983204997193176e-08,20.0
602.0,181202.0,0.3639,1.788352180671692,0.0012148106523970788,2.0257532711880464e-08,20.0
603.0,181503.0,0.3648,1.7870063856124878,0.0012395201846367742,1.9951451008703124e-08,20.0
604.0,181804.0,0.3639,1.7869272022247313,0.0012207545444696897,2.0044165174031992e-08,20.0
605.0,182105.0,0.3635,1.7866505741119385,0.0012311594187331579,2.03535581852423e-08,20.0
606.0,182406.0,0.3658,1.7820389888763428,0.0012226061928853145,2.0294026609186203e-08,20.0
607.0,182707.0,0.3668,1.7795415599823,0.0011366935795635198,2.053644676499551e-08,20.0
608.0,183008.0,0.3685,1.7812399866104125,0.001222442691698006,2.1219935521232507e-08,20.0
609.0,183309.0,0.3686,1.7816539697647096,0.001231626885801981,2.0326076096053874e-08,20.0
610.0,183610.0,0.3673,1.7789002452850342,0.001163018294335819,2.0452277694934483e-08,20.0
611.0,183911.0,0.369,1.7767265081405639,0.0014041426870480959,2.0842893129973655e-08,20.0
612.0,184212.0,0.3707,1.772334208869934,0.0013103935101109229,2.0689386140252557e-08,20.0
613.0,184513.0,0.3726,1.7704077770233155,0.0013634471722053978,2.0846622249118987e-08,20.0
614.0,184814.0,0.3701,1.7713700578689575,0.0010480927207209122,2.081231271803598e-08,20.0
615.0,185115.0,0.3712,1.7705574813842773,0.0011604693015817296,2.1063880799341238e-08,20.0
616.0,185416.0,0.3724,1.771561900138855,0.0013320864565602437,2.085425567600816e-08,20.0
617.0,185717.0,0.3748,1.7691148727416992,0.0011214610009922653,2.0058118250031988e-08,20.0
618.0,186018.0,0.3739,1.7685170770645142,0.001115378611880202,2.004881690907378e-08,20.0
619.0,186319.0,0.3738,1.765584278869629,0.0010609288400551982,2.021957930932659e-08,20.0
620.0,186620.0,0.375,1.7670732517242431,0.0011431546157243788,2.055330852082663e-08,20.0
621.0,186921.0,0.3749,1.7647467124938965,0.0011383898759401042,2.0679118408293707e-08,20.0
622.0,187222.0,0.3742,1.7664810972213745,0.0010722256565528538,2.089124510732074e-08,20.0
623.0,187523.0,0.3746,1.767671286392212,0.0011046797902245027,2.069165043500595e-08,20.0
624.0,187824.0,0.3756,1.7650485118865966,0.0012048953295092908,2.1160479077767193e-08,20.0
625.0,188125.0,0.378,1.761340061378479,0.001218005351400674,2.084291497301046e-08,20.0
626.0,188426.0,0.3754,1.7629276330947876,0.001076617981735897,2.0673593432414736e-08,20.0
627.0,188727.0,0.3761,1.762156914138794,0.001258249732721985,2.088917455459943e-08,20.0
628.0,189028.0,0.3764,1.7600345230102539,0.0009766539247459782,2.053828632449737e-08,20.0
629.0,189329.0,0.378,1.7560087564468383,0.0012217990455640176,2.106084313477056e-08,20.0
630.0,189630.0,0.3775,1.7606060077667236,0.001034568040480582,2.1286937145939056e-08,20.0
631.0,189931.0,0.3772,1.7564299995422363,0.0010530470435776618,2.069699826483834e-08,20.0
632.0,190232.0,0.3784,1.7534922348022461,0.001225800287932032,2.1165772731779724e-08,20.0
633.0,190533.0,0.38,1.7537771703720093,0.001296617260916699,2.091417190585649e-08,20.0
634.0,190834.0,0.3814,1.7480852251052856,0.001164346309154113,2.0675972247358244e-08,20.0
635.0,191135.0,0.3829,1.7474000894546509,0.0013337794864560692,2.0869705639308198e-08,20.0
636.0,191436.0,0.3846,1.7474787595748902,0.0011634099680641933,2.104736849206997e-08,20.0
637.0,191737.0,0.3851,1.7453590002059935,0.0012746787989915066,2.014398173202048e-08,20.0
638.0,192038.0,0.3859,1.7422757606506347,0.0010722659716823017,2.0439199573235525e-08,20.0
639.0,192339.0,0.3871,1.7393288591384888,0.0009929663625514473,2.0548170221999518e-08,20.0
640.0,192640.0,0.3876,1.7385309015274049,0.0011670837654092665,2.1023803429945103e-08,20.0
641.0,192941.0,0.3853,1.7405655395507813,0.0009940465703079055,2.07549462792222e-08,20.0
642.0,193242.0,0.3863,1.7401073734283448,0.0011206283971791466,2.1621223794184666e-08,20.0
643.0,193543.0,0.3868,1.7417497051239013,0.0011628674911341446,2.1268711574208976e-08,20.0
644.0,193844.0,0.3864,1.7401532093048095,0.0011908541584162789,2.0957331333585354e-08,20.0
645.0,194145.0,0.3874,1.735521188354492,0.0011334061707270109,2.0774835871880728e-08,20.0
646.0,194446.0,0.3857,1.7358950580596924,0.0010776436780552917,2.1144920072332517e-08,20.0
647.0,194747.0,0.3878,1.7348342279434203,0.001157579844137475,2.1390247421633262e-08,20.0
648.0,195048.0,0.3897,1.7327143463134766,0.0012321293576414924,2.1129505194996235e-08,20.0
649.0,195349.0,0.3896,1.730157490158081,0.0010734147984143275,2.0705860933186656e-08,20.0
650.0,195650.0,0.3873,1.7319475742340087,0.0010986737742239034,2.094465000340108e-08,20.0
651.0,195951.0,0.3872,1.7315237867355346,0.0011976864072321227,2.078985244109783e-08,20.0
652.0,196252.0,0.3862,1.7319822574615478,0.0010432677320396568,2.113884508757291e-08,20.0
653.0,196553.0,0.3869,1.733567800140381,0.0010719604500861518,2.1464530064588975e-08,20.0
654.0,196854.0,0.3882,1.7314785522460938,0.00123428879242874,2.1638992716024542e-08,20.0
655.0,197155.0,0.3895,1.7282068712234497,0.0011213893608971143,2.151708449857821e-08,20.0
656.0,197456.0,0.3894,1.727413891029358,0.0011575982185777522,2.171278187914819e-08,20.0
657.0,197757.0,0.3896,1.7295440090179444,0.0012416234605673326,2.1274816526952565e-08,20.0
658.0,198058.0,0.3895,1.7277433218002318,0.0010731375819551614,2.1211526202602267e-08,20.0
659.0,198359.0,0.3905,1.7259569234848022,0.0011098294782891827,2.1489767904566563e-08,20.0
660.0,198660.0,0.3915,1.7224375648498536,0.0011811382379410392,2.141296177027596e-08,20.0
661.0,198961.0,0.3909,1.7255035842895508,0.0011997299798243517,2.210062531983009e-08,20.0
662.0,199262.0,0.3922,1.7216847105026245,0.0010809254088883955,2.1854448100168997e-08,20.0
663.0,199563.0,0.3899,1.721165338897705,0.0011051937444716386,2.1989184778968885e-08,20.0
664.0,199864.0,0.3924,1.7195883653640747,0.0012875263092941276,2.2049503810760478e-08,20.0
665.0,200165.0,0.393,1.7203197814941407,0.0012018959203444607,2.203689218285449e-08,20.0
666.0,200466.0,0.3939,1.7196524742126464,0.0009560584860480588,2.153276798236104e-08,20.0
667.0,200767.0,0.3907,1.7201958402633668,0.0009718824030338395,2.1542321944582183e-08,20.0
668.0,201068.0,0.3909,1.7177465341567992,0.0010117470467994394,2.17245189340936e-08,20.0
669.0,201369.0,0.3903,1.7160621799468994,0.0012390979959527335,2.23239632806892e-08,20.0
670.0,201670.0,0.3924,1.7173312175750732,0.001077527717916468,2.2402162317518046e-08,20.0
671.0,201971.0,0.394,1.7162080627441407,0.0009458351332238208,2.2298677047410237e-08,20.0
672.0,202272.0,0.3918,1.7178623294830322,0.001129510485631437,2.2712694691957088e-08,20.0
673.0,202573.0,0.3919,1.7132923614501954,0.0011485549953716822,2.2415589326029978e-08,20.0
674.0,202874.0,0.393,1.7123524682998656,0.0012966498478546517,2.2833698652226497e-08,20.0
675.0,203175.0,0.3932,1.7116199249267579,0.0012087749187548653,2.319493062002629e-08,20.0
676.0,203476.0,0.3955,1.711007287979126,0.001167416661154981,2.3138103702211226e-08,20.0
677.0,203777.0,0.3958,1.7072178133010865,0.0011664736185600666,2.2721679354740823e-08,20.0
678.0,204078.0,0.3973,1.7095057231903077,0.0010983611206511303,2.2177481327422712e-08,20.0
679.0,204379.0,0.3981,1.7072753175735473,0.0009760173454997822,2.221394466892057e-08,20.0
680.0,204680.0,0.3979,1.7078206811904908,0.0011209497799337823,2.2732070982208272e-08,20.0
681.0,204981.0,0.3988,1.7055980405807496,0.0009662295418136637,2.238950947859967e-08,20.0
682.0,205282.0,0.3985,1.7053970352172851,0.0011487561025390798,2.270958898167796e-08,20.0
683.0,205583.0,0.3979,1.7021317182540894,0.0012066701601432378,2.264038344794499e-08,20.0
684.0,205884.0,0.3985,1.7035891761779784,0.0011117346079358133,2.2605696249801094e-08,20.0
685.0,206185.0,0.3993,1.7003358627319336,0.001002477901425618,2.2281082572743803e-08,20.0
686.0,206486.0,0.3983,1.6985913459777833,0.001043361208326627,2.208564204150455e-08,20.0
687.0,206787.0,0.3985,1.699823543357849,0.00115972652083399,2.2922094830823683e-08,20.0
688.0,207088.0,0.3974,1.698495248222351,0.0009792531567163235,2.2945538803553453e-08,20.0
689.0,207389.0,0.3985,1.6986125814437867,0.0011536167666108834,2.3616549695195407e-08,20.0
690.0,207690.0,0.3997,1.6946705703735352,0.001195428685209057,2.3143541524717923e-08,20.0
691.0,207991.0,0.401,1.692358631515503,0.0010610990205791402,2.2786906296729767e-08,20.0
692.0,208292.0,0.4018,1.6880365539550781,0.0009760352833812413,2.2698461193337147e-08,20.0
693.0,208593.0,0.3988,1.6880868541717529,0.0010202620563724658,2.3155755530031353e-08,20.0
694.0,208894.0,0.4009,1.6886862310409545,0.0010236819085712933,2.2922893680453564e-08,20.0
695.0,209195.0,0.404,1.6878581556320191,0.001039875375437878,2.2576546454539547e-08,20.0
696.0,209496.0,0.4029,1.6870137016296387,0.0013645643192397477,2.241227523255101e-08,20.0
697.0,209797.0,0.4038,1.6885047603607177,0.0009834795758292087,2.256598753147309e-08,20.0
698.0,210098.0,0.4035,1.6889468112945556,0.0009742454839107477,2.245461254297681e-08,20.0
699.0,210399.0,0.4032,1.6895624500274657,0.0009236764284269661,2.2507247066564167e-08,20.0
700.0,210700.0,0.4045,1.6883678945541383,0.0010875364871952016,2.26624929543615e-08,20.0
701.0,211001.0,0.4083,1.6835188339233398,0.0010547571524189704,2.321752655520357e-08,20.0
702.0,211302.0,0.4067,1.6832078187942505,0.0010333038461062527,2.269126605292582e-08,20.0
703.0,211603.0,0.4052,1.685568067932129,0.0009785560033974048,2.2774795653245098e-08,20.0
704.0,211904.0,0.4057,1.6838966981887817,0.0010979833376563264,2.332418661081519e-08,20.0
705.0,212205.0,0.4084,1.6800127445220947,0.0012181900859251384,2.3218134526095538e-08,20.0
706.0,212506.0,0.4078,1.6800339101791382,0.0009462026787633568,2.2804251625200482e-08,20.0
707.0,212807.0,0.4071,1.6786393585205077,0.0009122687190988444,2.2366692366424486e-08,20.0
708.0,213108.0,0.4063,1.6761698642730714,0.0010366933741395854,2.2988577930856078e-08,20.0
709.0,213409.0,0.4083,1.6757624141693115,0.0009088201468700227,2.3659042142361976e-08,20.0
710.0,213710.0,0.4059,1.6765038902282714,0.001061005010693313,2.308238095744875e-08,20.0
711.0,214011.0,0.4075,1.675015906906128,0.0010990206420685709,2.3121018016370147e-08,20.0
712.0,214312.0,0.4072,1.6764528381347656,0.0010347620571977318,2.3068192248699352e-08,20.0
713.0,214613.0,0.4065,1.6743374319076538,0.0009679719701905536,2.3071489882764823e-08,20.0
714.0,214914.0,0.4089,1.6703237907409667,0.0010766328281966867,2.3825939572710767e-08,20.0
715.0,215215.0,0.4097,1.6701791255950929,0.0010447966346530382,2.3904072823202152e-08,20.0
716.0,215516.0,0.4095,1.6681009914398193,0.0009648468485100491,2.2690927384954856e-08,20.0
717.0,215817.0,0.4097,1.6669469758987427,0.0009717372843475646,2.3154113233770366e-08,20.0
718.0,216118.0,0.4116,1.6641688163757324,0.0009408092309982291,2.331820781512857e-08,20.0
719.0,216419.0,0.411,1.663220599937439,0.001107693253154767,2.3349949455670107e-08,20.0
720.0,216720.0,0.4108,1.663897490310669,0.001020508529758964,2.311343792545301e-08,20.0
721.0,217021.0,0.4092,1.66542737865448,0.0009301348618577209,2.3142881689235622e-08,20.0
722.0,217322.0,0.4101,1.6652877689361572,0.001112809437199426,2.3495371584306755e-08,20.0
723.0,217623.0,0.4102,1.6643055416107178,0.0009546659378025426,2.3007908343478074e-08,20.0
724.0,217924.0,0.4108,1.662233274269104,0.0009796326789795508,2.326775535774373e-08,20.0
725.0,218225.0,0.411,1.6616523305892945,0.0010811527270761026,2.4146891897909792e-08,20.0
726.0,218526.0,0.4129,1.659751268005371,0.0010950974398389315,2.387938859195383e-08,20.0
727.0,218827.0,0.4125,1.6597170572280884,0.0010658161528580077,2.3555765001573927e-08,20.0
728.0,219128.0,0.4134,1.6605892406463623,0.001167605875870316,2.3940868120165514e-08,20.0
729.0,219429.0,0.4135,1.6587631555557252,0.0011907155627587142,2.368588464548796e-08,20.0
730.0,219730.0,0.4139,1.6593528701782227,0.0011073862110056762,2.4080087805652085e-08,20.0
731.0,220031.0,0.4136,1.6570172164916992,0.0010218228520525552,2.3506195687768173e-08,20.0
732.0,220332.0,0.4136,1.6545941314697266,0.0009712549989089506,2.411487106370072e-08,20.0
733.0,220633.0,0.4127,1.6543624042510987,0.0011810472463217648,2.456641972627452e-08,20.0
734.0,220934.0,0.4139,1.6575680183410644,0.00111345551601235,2.4137719076744306e-08,20.0
735.0,221235.0,0.413,1.6564783613204956,0.0012352399341575664,2.349502400661693e-08,20.0
736.0,221536.0,0.4129,1.6563678386688232,0.0009607078152400084,2.3572075024364957e-08,20.0
737.0,221837.0,0.4134,1.6540742488861084,0.001061403627752066,2.395664070439394e-08,20.0
738.0,222138.0,0.413,1.6533861059188844,0.0010641333063248033,2.4293548674500453e-08,20.0
739.0,222439.0,0.4149,1.6553741497039796,0.0009105208489917733,2.425418957755745e-08,20.0
740.0,222740.0,0.4162,1.6535278266906739,0.0010436389838273273,2.4303775843718456e-08,20.0
741.0,223041.0,0.413,1.6533648399353027,0.0010308757871734463,2.391148754686546e-08,20.0
742.0,223342.0,0.4178,1.6491221618652343,0.0011330784574549641,2.5454239112551082e-08,20.0
743.0,223643.0,0.4191,1.6494713159561156,0.0011519295683509896,2.467722742557945e-08,20.0
744.0,223944.0,0.417,1.6496398670196533,0.0008454592541704814,2.3972494660711298e-08,20.0
745.0,224245.0,0.4192,1.646113653755188,0.0009616447810192686,2.3830128451489254e-08,20.0
746.0,224546.0,0.4202,1.6433287168502808,0.0010401992231898326,2.3688304349442216e-08,20.0
747.0,224847.0,0.4191,1.6421353044509888,0.0010558875606838777,2.3258009331727856e-08,20.0
748.0,225148.0,0.4197,1.6427640102386474,0.0011282679892438599,2.352773471732835e-08,20.0
749.0,225449.0,0.4202,1.6392289964675903,0.0008492301446362955,2.329673480566096e-08,20.0
750.0,225750.0,0.4217,1.640128102493286,0.0010470652312840828,2.3720537604606697e-08,20.0
751.0,226051.0,0.4208,1.6387901355743408,0.0009085487852223313,2.3408198994355522e-08,20.0
752.0,226352.0,0.4193,1.6418381465911864,0.0010381938699878036,2.331841705804469e-08,20.0
753.0,226653.0,0.4201,1.6414075344085692,0.0010425888143501775,2.3157180802041917e-08,20.0
754.0,226954.0,0.4192,1.6411386379241943,0.0008550314810384734,2.3497466939614368e-08,20.0
755.0,227255.0,0.4179,1.6395320180892945,0.0009344736515740623,2.4042425774139804e-08,20.0
756.0,227556.0,0.4207,1.636835293006897,0.0010720289607594287,2.433477430833054e-08,20.0
757.0,227857.0,0.4198,1.637911803817749,0.0010184362638290428,2.415585840702689e-08,20.0
758.0,228158.0,0.4227,1.6362364873886108,0.0010708884084452855,2.433981037359952e-08,20.0
759.0,228459.0,0.4231,1.6367739757537842,0.0009382498343219357,2.3827036541610456e-08,20.0
760.0,228760.0,0.4229,1.6353328605651856,0.001049500357519722,2.4169831667696134e-08,20.0
761.0,229061.0,0.4221,1.6348187377929688,0.0009805017519879022,2.393371139414054e-08,20.0
762.0,229362.0,0.4227,1.6364914779663087,0.0011350278333639961,2.3705770413469115e-08,20.0
763.0,229663.0,0.4241,1.6322700553894043,0.0011099316482648207,2.3514022386124302e-08,20.0
764.0,229964.0,0.4257,1.630371060371399,0.0009466369650388042,2.4150698648454135e-08,20.0
765.0,230265.0,0.4263,1.6309852855682374,0.001033346997170563,2.4067837866275377e-08,20.0
766.0,230566.0,0.4268,1.6326703792572022,0.0011785719410162246,2.420505875065031e-08,20.0
767.0,230867.0,0.4262,1.6313800344467162,0.0008520259514018839,2.3937443906379537e-08,20.0
768.0,231168.0,0.4265,1.6293849578857422,0.0010240694229278415,2.4571759268395438e-08,20.0
769.0,231469.0,0.4274,1.6251061168670655,0.0009852805879850932,2.3987604878068753e-08,20.0
770.0,231770.0,0.4281,1.6260149696350097,0.0009600034523907186,2.364697837496829e-08,20.0
771.0,232071.0,0.4265,1.6251771039962768,0.000988137875090024,2.3802963685901727e-08,20.0
772.0,232372.0,0.4267,1.6266962398529052,0.0008875153255359273,2.4270751752551765e-08,20.0
773.0,232673.0,0.426,1.6258930103302003,0.0010264079037982732,2.4244900654703457e-08,20.0
774.0,232974.0,0.4267,1.6249089248657227,0.0009646486692371651,2.4322651042591722e-08,20.0
775.0,233275.0,0.4284,1.623668078994751,0.000976638170842762,2.4555278239520258e-08,20.0
776.0,233576.0,0.4285,1.6227745853424071,0.0010000148605856887,2.462851514441213e-08,20.0
777.0,233877.0,0.4294,1.622013875579834,0.000911437732494211,2.470671801755658e-08,20.0
778.0,234178.0,0.4276,1.6241500814437866,0.0009726154764227919,2.4200847787725358e-08,20.0
779.0,234479.0,0.4259,1.6228489673614501,0.0009614589614711165,2.4281250098338336e-08,20.0
780.0,234780.0,0.4286,1.6202215034484864,0.0011242207491585418,2.4742749124793078e-08,20.0
781.0,235081.0,0.4266,1.6212302001953125,0.0012164617335676245,2.4420330475729807e-08,20.0
782.0,235382.0,0.429,1.6192434989929199,0.0009414311920502578,2.4301020005321673e-08,20.0
783.0,235683.0,0.429,1.6159140701293946,0.0009599870154654944,2.4471548026946967e-08,20.0
784.0,235984.0,0.4295,1.61573493309021,0.0010104661015966673,2.490969926347797e-08,20.0
785.0,236285.0,0.4299,1.6156664865493775,0.00097204799832637,2.4537579342553785e-08,20.0
786.0,236586.0,0.4294,1.6187148399353026,0.0010737704261282604,2.4437791801081188e-08,20.0
787.0,236887.0,0.4293,1.6223471691131592,0.0010010928619703075,2.41610407694958e-08,20.0
788.0,237188.0,0.4272,1.6183459705352783,0.0010850110794533416,2.3937935714891154e-08,20.0
789.0,237489.0,0.4279,1.6174427669525147,0.0009844256406313719,2.49671745022235e-08,20.0
790.0,237790.0,0.4302,1.616108048248291,0.0010513583755789508,2.5225007512545855e-08,20.0
791.0,238091.0,0.4293,1.6154269451141356,0.0009866710449113586,2.4853432119263526e-08,20.0
792.0,238392.0,0.4293,1.6152795490264893,0.0009022997286841736,2.550265340598654e-08,20.0
793.0,238693.0,0.4285,1.6154111322402953,0.0009338938783914854,2.497992427266552e-08,20.0
794.0,238994.0,0.4272,1.6138711334228515,0.0009837887637030324,2.5215911652041056e-08,20.0
795.0,239295.0,0.4277,1.612703292274475,0.0010652417829981676,2.5249252600825484e-08,20.0
796.0,239596.0,0.4306,1.6116226959228515,0.0009237719740003437,2.565341380016794e-08,20.0
797.0,239897.0,0.4316,1.6124054988861083,0.0011082018352679781,2.540977604591024e-08,20.0
798.0,240198.0,0.4309,1.6101196598052978,0.0010088797873990278,2.4797597229358935e-08,20.0
799.0,240499.0,0.4324,1.6068705989837646,0.0011129885416322977,2.45305792954307e-08,20.0
800.0,240800.0,0.433,1.6071890476226807,0.0009867365406650164,2.4400154469778283e-08,20.0
801.0,241101.0,0.4334,1.604000855255127,0.0009304278404789304,2.476638042433566e-08,20.0
802.0,241402.0,0.4329,1.6072057136535645,0.0010532015633671781,2.526439607942725e-08,20.0
803.0,241703.0,0.4325,1.6065425539016724,0.0009331317469024136,2.4817432346647815e-08,20.0
804.0,242004.0,0.4325,1.6063673957824707,0.0008892886143895957,2.5051631612645828e-08,20.0
805.0,242305.0,0.433,1.6044543403625489,0.001007880556977135,2.5192769775352948e-08,20.0
806.0,242606.0,0.4324,1.6051376897811889,0.001137222879996384,2.5307374973322327e-08,20.0
807.0,242907.0,0.4342,1.601395958328247,0.0010130206398284174,2.5015875016111404e-08,20.0
808.0,243208.0,0.4326,1.6037537612915038,0.0010851287809936936,2.5769457163948836e-08,20.0
809.0,243509.0,0.4358,1.603881656074524,0.0011766160649635982,2.564475935055031e-08,20.0
810.0,243810.0,0.435,1.600030373764038,0.001014394256278446,2.458914300851846e-08,20.0
811.0,244111.0,0.4346,1.598089345932007,0.0008824395784428078,2.5149270246368386e-08,20.0
812.0,244412.0,0.4346,1.5970236026763915,0.0010892042941108807,2.577013284941463e-08,20.0
813.0,244713.0,0.4358,1.5968373653411865,0.0009766083030042754,2.557419979783765e-08,20.0
814.0,245014.0,0.4347,1.5965491096496582,0.0008954963981883274,2.4960190545898875e-08,20.0
815.0,245315.0,0.435,1.5958666511535644,0.0009964807338415183,2.5682423392179196e-08,20.0
816.0,245616.0,0.435,1.5962678211212158,0.0009322628648262321,2.54576485581642e-08,20.0
817.0,245917.0,0.4355,1.597981301498413,0.0010338669245318496,2.5114059683764625e-08,20.0
818.0,246218.0,0.4354,1.5975976345062255,0.0009134775671364835,2.501612684615783e-08,20.0
819.0,246519.0,0.4348,1.5967521556854247,0.001013580733963346,2.5634731589169418e-08,20.0
820.0,246820.0,0.435,1.597787342453003,0.0008940682958130384,2.5352887588083116e-08,20.0
821.0,247121.0,0.434,1.596019480895996,0.0009751167310009092,2.566117200937254e-08,20.0
822.0,247422.0,0.4364,1.5928911264419556,0.0010666886176216653,2.6215601028173097e-08,20.0
823.0,247723.0,0.4363,1.5965841758728028,0.0009045195968635423,2.587649933100796e-08,20.0
824.0,248024.0,0.4369,1.596783158493042,0.0010955499809983766,2.5825230929641038e-08,20.0
825.0,248325.0,0.4381,1.5945953857421875,0.000908256805309913,2.5979043931465252e-08,20.0
826.0,248626.0,0.437,1.5907639068603516,0.0010524896872322782,2.615437791616945e-08,20.0
827.0,248927.0,0.4364,1.591266870880127,0.000981735465014576,2.600252122638676e-08,20.0
828.0,249228.0,0.4375,1.5899905612945557,0.0010350681351929828,2.6721231868874538e-08,20.0
829.0,249529.0,0.4386,1.5891681615829467,0.0010922227129261505,2.621352774096187e-08,20.0
830.0,249830.0,0.4391,1.5869817962646484,0.0009466556349076885,2.6376420343579806e-08,20.0
831.0,250131.0,0.439,1.587385285949707,0.0009762096925810557,2.6325827063357437e-08,20.0
832.0,250432.0,0.44,1.5850362308502197,0.0010476959916432761,2.6274024091560627e-08,20.0
833.0,250733.0,0.4401,1.587575719833374,0.0008935247082603369,2.6491805681297452e-08,20.0
834.0,251034.0,0.4396,1.5888132610321044,0.00090482140279197,2.5662738469197456e-08,20.0
835.0,251335.0,0.4406,1.5859982036590576,0.000985561085426594,2.571210040300304e-08,20.0
836.0,251636.0,0.4391,1.5859725164413452,0.0009024562565804115,2.5527171138845365e-08,20.0
837.0,251937.0,0.4398,1.5840550207138062,0.000890276673794738,2.6485264602289117e-08,20.0
838.0,252238.0,0.4402,1.5858471483230592,0.0009853309936300437,2.693900277143612e-08,20.0
839.0,252539.0,0.4399,1.5829588270187378,0.0010328677732913039,2.6204892107882822e-08,20.0
840.0,252840.0,0.4395,1.5829053594589233,0.0010277378649892876,2.5929317165053057e-08,20.0
841.0,253141.0,0.4404,1.5829747119903566,0.0009713443680111824,2.6398285220494224e-08,20.0
842.0,253442.0,0.44,1.581230950164795,0.0010781248509028798,2.6468019436698545e-08,20.0
843.0,253743.0,0.4386,1.5819084032058717,0.001041623056467962,2.688767325870387e-08,20.0
844.0,254044.0,0.4394,1.5805091638565063,0.0009764007791656378,2.671548652078664e-08,20.0
845.0,254345.0,0.4382,1.582291689491272,0.0008805934652154151,2.6436944127356442e-08,20.0
846.0,254646.0,0.4392,1.5792870208740235,0.0009265411826292757,2.6824824917187783e-08,20.0
847.0,254947.0,0.4403,1.5778696807861328,0.0009119692812646214,2.676242284037992e-08,20.0
848.0,255248.0,0.4416,1.5784714767456054,0.0009331624399674305,2.627197455725984e-08,20.0
849.0,255549.0,0.4408,1.5796084522247313,0.0010229673422913746,2.6098817870258616e-08,20.0
850.0,255850.0,0.4426,1.5781940242767334,0.0009011916531682054,2.6404272474566342e-08,20.0
851.0,256151.0,0.4412,1.5759300422668456,0.0008877557097263678,2.617320852931581e-08,20.0
852.0,256452.0,0.4437,1.5735195358276368,0.0011098495267713746,2.6442988331611023e-08,20.0
853.0,256753.0,0.443,1.5750867170333862,0.0008788489660999121,2.6387214664110702e-08,20.0
854.0,257054.0,0.4422,1.5746460214614868,0.0009394544962518066,2.6329353758643346e-08,20.0
855.0,257355.0,0.4401,1.5722648094177245,0.0009312923880875325,2.7044042224326708e-08,20.0
856.0,257656.0,0.4413,1.5749063526153564,0.001021002159509942,2.7399776107099476e-08,20.0
857.0,257957.0,0.4427,1.5747835411071778,0.0009871397485167208,2.6924202307343405e-08,20.0
858.0,258258.0,0.4413,1.5733823207855224,0.0009279726772504145,2.7230037293434747e-08,20.0
859.0,258559.0,0.4408,1.5701722913742064,0.0009948580569222733,2.6960432026682375e-08,20.0
860.0,258860.0,0.4441,1.5671385889053344,0.000936404489934098,2.7126890444677388e-08,20.0
861.0,259161.0,0.4443,1.567791858482361,0.000979542514625939,2.708729341006723e-08,20.0
862.0,259462.0,0.4429,1.5676241847991943,0.0009532935125358706,2.7379804098284093e-08,20.0
863.0,259763.0,0.446,1.5662784355163575,0.0009544216798294921,2.7353048138989387e-08,20.0
864.0,260064.0,0.4469,1.566392441368103,0.0009169631453319016,2.7067414876790323e-08,20.0
865.0,260365.0,0.4468,1.5648027029037475,0.0009437237160358982,2.6562639301072675e-08,20.0
866.0,260666.0,0.4443,1.5646249141693116,0.0008038104756400831,2.6705477124565634e-08,20.0
867.0,260967.0,0.4456,1.563155754852295,0.001106648669741621,2.775609838369611e-08,20.0
868.0,261268.0,0.4471,1.5621387031555176,0.0009383766597872247,2.7152697945571176e-08,20.0
869.0,261569.0,0.4446,1.5612164627075196,0.0007916211350235872,2.7202371869334445e-08,20.0
870.0,261870.0,0.4455,1.5615471948623658,0.0009642819484661333,2.7888250762086182e-08,20.0
871.0,262171.0,0.4485,1.5587921085357666,0.0009305413685854893,2.7782332215473678e-08,20.0
872.0,262472.0,0.4486,1.5576585357666015,0.0008741033005884131,2.745316803923096e-08,20.0
873.0,262773.0,0.4475,1.557090658569336,0.0009248988879388628,2.7500676022765273e-08,20.0
874.0,263074.0,0.4471,1.5588258266448975,0.0008574963783444447,2.7695231706050247e-08,20.0
875.0,263375.0,0.4447,1.5589730825424195,0.0008789088357813021,2.7716030008186674e-08,20.0
876.0,263676.0,0.446,1.5616181201934813,0.0008815146783503198,2.7951311926680514e-08,20.0
877.0,263977.0,0.4473,1.5614566143035888,0.0008603650657564985,2.7899606150443436e-08,20.0
878.0,264278.0,0.4466,1.5579606830596924,0.0009878118955123003,2.7874896681007965e-08,20.0
879.0,264579.0,0.4473,1.5586248474121094,0.000874572626668529,2.7380194102935543e-08,20.0
880.0,264880.0,0.4479,1.5580623765945434,0.0008401230410231509,2.7736092245889602e-08,20.0
881.0,265181.0,0.4478,1.5552011884689332,0.0009434550789681786,2.7626484637964617e-08,20.0
882.0,265482.0,0.4475,1.5577841634750367,0.0009761290172346769,2.847352651394111e-08,20.0
883.0,265783.0,0.4492,1.5554481956481934,0.0008645746802246685,2.8024998389141138e-08,20.0
884.0,266084.0,0.448,1.5577090312957764,0.0009742691675205312,2.8025520934579826e-08,20.0
885.0,266385.0,0.4475,1.556318712234497,0.0009132728603901909,2.7887356367651664e-08,20.0
886.0,266686.0,0.4485,1.5546662391662598,0.0008280844657529668,2.7716341999290985e-08,20.0
887.0,266987.0,0.4468,1.5551876163482665,0.0010642517467254415,2.771638181620487e-08,20.0
888.0,267288.0,0.4487,1.5558245449066161,0.0009012816408290629,2.728767603222857e-08,20.0
889.0,267589.0,0.4487,1.5554764371871947,0.0009935223980565625,2.7866867205951738e-08,20.0
890.0,267890.0,0.4482,1.554866197013855,0.0007916300846687548,2.775026848564528e-08,20.0
891.0,268191.0,0.4479,1.5549027339935302,0.0010034225326672668,2.80835748139708e-08,20.0
892.0,268492.0,0.4485,1.55179174079895,0.0011259847040691027,2.80755233769095e-08,20.0
893.0,268793.0,0.4528,1.5492067394256592,0.0008617137239420353,2.7606861134664897e-08,20.0
894.0,269094.0,0.4525,1.5499360902786254,0.000983288615724832,2.8039441218634376e-08,20.0
895.0,269395.0,0.4508,1.549866259765625,0.0009064894790972935,2.792782961861377e-08,20.0
896.0,269696.0,0.4519,1.5520070240020751,0.0009569115304032036,2.8338367138308963e-08,20.0
897.0,269997.0,0.4525,1.5508250133514405,0.0009431007373176026,2.83865672464676e-08,20.0
898.0,270298.0,0.451,1.551452744293213,0.0010206862402982978,2.855962356587706e-08,20.0
899.0,270599.0,0.451,1.5503704444885253,0.0010792755986896016,2.832088391243498e-08,20.0
900.0,270900.0,0.4505,1.549746356010437,0.0009873526147095501,2.839204241958026e-08,20.0
901.0,271201.0,0.4495,1.5509479984283447,0.0009166108519393664,2.8428152746803724e-08,20.0
902.0,271502.0,0.4496,1.5513097522735595,0.0008935498944896233,2.8301102899072202e-08,20.0
903.0,271803.0,0.4484,1.5501689323425294,0.0009084004845103537,2.8654356943812272e-08,20.0
904.0,272104.0,0.4505,1.5474551399230958,0.0009395549753108951,2.89391276747856e-08,20.0
905.0,272405.0,0.4499,1.5446116645812988,0.0010960980108557614,2.9365072069569994e-08,20.0
906.0,272706.0,0.4511,1.5458825941085816,0.0009428849932572723,2.9255817728384187e-08,20.0
907.0,273007.0,0.4511,1.5441474731445313,0.0008659036212668462,2.86173901942143e-08,20.0
908.0,273308.0,0.453,1.5428838024139404,0.0009745694005821167,2.940897719572572e-08,20.0
909.0,273609.0,0.4537,1.5414529621124267,0.0009741046886212337,2.9327644285492477e-08,20.0
910.0,273910.0,0.4554,1.542605782699585,0.0010258721243690083,2.8926933998438095e-08,20.0
911.0,274211.0,0.4548,1.5417969650268555,0.0008577743480633321,2.8654794755936186e-08,20.0
912.0,274512.0,0.4544,1.5412439416885375,0.0009377419503884392,2.878705629397093e-08,20.0
913.0,274813.0,0.4535,1.542833688735962,0.0009956223769534312,2.927069716028973e-08,20.0
914.0,275114.0,0.4542,1.5411741397857666,0.000894171580474999,2.923331679152518e-08,20.0
915.0,275415.0,0.4561,1.541773685836792,0.0010199188780961657,2.9418351164808877e-08,20.0
916.0,275716.0,0.4559,1.5416852542877197,0.0008000202154333749,2.891719805257003e-08,20.0
917.0,276017.0,0.4561,1.5390496173858643,0.0009817286672606678,2.868180678313485e-08,20.0
918.0,276318.0,0.4559,1.539020344543457,0.000938078762538992,2.8924206234529908e-08,20.0
919.0,276619.0,0.4563,1.5384712379455567,0.0008441858364329166,2.8686628083549985e-08,20.0
920.0,276920.0,0.4542,1.537919262123108,0.0009776674994545766,2.889710901903293e-08,20.0
921.0,277221.0,0.4551,1.5378031524658202,0.0009198451025040084,2.918247156877336e-08,20.0
922.0,277522.0,0.458,1.534842763900757,0.0009098993225579163,2.886273354157409e-08,20.0
923.0,277823.0,0.4576,1.5337154411315919,0.0008154823051027104,2.8749970469470515e-08,20.0
924.0,278124.0,0.4569,1.5320040737152099,0.000803619074057296,2.899284539037555e-08,20.0
925.0,278425.0,0.458,1.5321191371917724,0.0008614104135040265,2.922871491855245e-08,20.0
926.0,278726.0,0.4585,1.532214399909973,0.001013518925091499,2.915017268802684e-08,20.0
927.0,279027.0,0.4576,1.5326085926055908,0.0007938403145097137,2.8941125755773394e-08,20.0
928.0,279328.0,0.4596,1.531955785369873,0.0008502521936736199,2.9014940137699783e-08,20.0
929.0,279629.0,0.4577,1.530674267578125,0.0008116294326105201,2.960345734058667e-08,20.0
930.0,279930.0,0.4581,1.5303382774353027,0.0008756125351404503,2.955965979842853e-08,20.0
931.0,280231.0,0.4592,1.52750199508667,0.0008445000321681069,2.979815301403179e-08,20.0
932.0,280532.0,0.46,1.5272857879638673,0.0008733158451766337,2.9359046425115873e-08,20.0
933.0,280833.0,0.4591,1.526394792175293,0.0008323549298304035,2.9689655666782707e-08,20.0
934.0,281134.0,0.4607,1.5263239967346192,0.0007467643663187081,2.9277835661202468e-08,20.0
935.0,281435.0,0.4611,1.5245164569854737,0.000995269110098454,2.9653319468385156e-08,20.0
936.0,281736.0,0.4621,1.5234117279052735,0.0008150478725292294,2.968858907555331e-08,20.0
937.0,282037.0,0.4611,1.5242275465011597,0.0009725255196650873,2.96607466177985e-08,20.0
938.0,282338.0,0.4609,1.522965397644043,0.0009315442179352777,2.9257896438510905e-08,20.0
939.0,282639.0,0.4605,1.5234322757720948,0.0008377026849615329,2.9126167008311073e-08,20.0
940.0,282940.0,0.4602,1.524372271347046,0.0007963478287236052,2.9590430566044925e-08,20.0
941.0,283241.0,0.461,1.5258210332870483,0.000959675056878223,2.9941007959385815e-08,20.0
942.0,283542.0,0.4619,1.5242316572189332,0.0009130955705720016,2.9137099229126578e-08,20.0
943.0,283843.0,0.4616,1.5229406932830811,0.001025973225721173,2.933928029322358e-08,20.0
944.0,284144.0,0.4602,1.5230681974411011,0.0008213001993424594,2.968516812412721e-08,20.0
945.0,284445.0,0.4592,1.5222789083480834,0.0008581221794281493,2.98066815076828e-08,20.0
946.0,284746.0,0.4583,1.5242476451873779,0.0008158749960690796,2.943101201515987e-08,20.0
947.0,285047.0,0.4601,1.5236584899902343,0.0009197626904722725,3.011624318359351e-08,20.0
948.0,285348.0,0.4594,1.5223517749786377,0.0008505672741515279,2.972631118044408e-08,20.0
949.0,285649.0,0.4602,1.52125532913208,0.0009556625663336476,2.975885905269274e-08,20.0
950.0,285950.0,0.4607,1.5190412200927734,0.0008773692380155329,3.021916213489255e-08,20.0
951.0,286251.0,0.4593,1.519369803237915,0.0010100944079556094,3.060740097417651e-08,20.0
952.0,286552.0,0.4604,1.5182240285873414,0.0009158299795016353,3.120279510668076e-08,20.0
953.0,286853.0,0.4615,1.5167246501922607,0.0009764834739358366,3.084989214567655e-08,20.0
954.0,287154.0,0.4607,1.5174583255767822,0.0008460746284779445,3.0853328214419975e-08,20.0
955.0,287455.0,0.4621,1.5156858085632323,0.0010917164570937812,3.083967976500258e-08,20.0
956.0,287756.0,0.4624,1.515034532737732,0.0008796636123394137,3.101552342042739e-08,20.0
957.0,288057.0,0.4609,1.5145347455978393,0.0008802453386000483,3.080205637674065e-08,20.0
958.0,288358.0,0.4637,1.5131750175476075,0.0009738127315812909,3.1233481033511274e-08,20.0
959.0,288659.0,0.4638,1.5146793413162232,0.0008933953875926202,3.0875310043209126e-08,20.0
960.0,288960.0,0.4632,1.515266304397583,0.0009124945324012243,3.067054224254779e-08,20.0
961.0,289261.0,0.4623,1.5138200496673584,0.0007675413763433208,3.056910293955532e-08,20.0
962.0,289562.0,0.4615,1.5116568250656128,0.0011185183459559405,3.1526004919572136e-08,20.0
963.0,289863.0,0.4628,1.5100922468185425,0.0008328015220912694,3.148906810955614e-08,20.0
964.0,290164.0,0.4615,1.5099928619384766,0.000764059666307124,3.150407356123016e-08,20.0
965.0,290465.0,0.462,1.509117451286316,0.0009027293492170445,3.239569184135407e-08,20.0
966.0,290766.0,0.4639,1.5077038204193116,0.0009360349530434896,3.1693203143226674e-08,20.0
967.0,291067.0,0.4653,1.5061367763519287,0.000978093581400533,3.1533186806068854e-08,20.0
968.0,291368.0,0.4656,1.5066320194244385,0.0008864957765832939,3.15160690514223e-08,20.0
969.0,291669.0,0.4663,1.5056300352096557,0.0007827410887140098,3.183160779680441e-08,20.0
970.0,291970.0,0.4653,1.505789448928833,0.0008144796185005013,3.21906583140257e-08,20.0
971.0,292271.0,0.4643,1.507639126586914,0.0008350272207033578,3.192928702302794e-08,20.0
972.0,292572.0,0.4646,1.5075934156417847,0.0008802572841418059,3.2616850910645094e-08,20.0
973.0,292873.0,0.4649,1.5072957706451415,0.0009207831514689088,3.2358308606496485e-08,20.0
974.0,293174.0,0.4658,1.5055704151153564,0.0007871348017236613,3.212804179817613e-08,20.0
975.0,293475.0,0.4663,1.505245338821411,0.0008914534248410279,3.2063938887140925e-08,20.0
976.0,293776.0,0.4651,1.5030713829040527,0.0008507197827728921,3.206298256935685e-08,20.0
977.0,294077.0,0.4644,1.5049310920715333,0.0009273179261683919,3.253806324495652e-08,20.0
978.0,294378.0,0.4661,1.5032736751556397,0.000866058611983717,3.243641949546638e-08,20.0
979.0,294679.0,0.4646,1.5048686460494995,0.0008774945802855015,3.275177209038902e-08,20.0
980.0,294980.0,0.466,1.5046768844604492,0.0009139183984746534,3.349003810887996e-08,20.0
981.0,295281.0,0.4648,1.5049324281692504,0.0009170610661389228,3.264451875394072e-08,20.0
982.0,295582.0,0.4631,1.5060224256515502,0.0008966892464030718,3.28374412477502e-08,20.0
983.0,295883.0,0.4638,1.5046347129821778,0.0008652305856194209,3.3496679015853074e-08,20.0
984.0,296184.0,0.4634,1.5047448587417602,0.0010060675145054032,3.305517174591738e-08,20.0
985.0,296485.0,0.4636,1.5039502227783204,0.000898771601714601,3.2370045117212005e-08,20.0
986.0,296786.0,0.4639,1.5049066478729247,0.000827409010585203,3.2500706302956944e-08,20.0
987.0,297087.0,0.4642,1.5056390689849855,0.0009352839983304483,3.286081334890946e-08,20.0
988.0,297388.0,0.4647,1.5022763565063477,0.0009745870692834641,3.3075412733837644e-08,20.0
989.0,297689.0,0.4666,1.4997565689086914,0.0008631915808487284,3.3227479236819355e-08,20.0
990.0,297990.0,0.4663,1.5004206686019896,0.0009371468606057664,3.321740142757584e-08,20.0
991.0,298291.0,0.4652,1.4992478855133056,0.0009959015780772662,3.389587051789018e-08,20.0
992.0,298592.0,0.4678,1.4977601905822755,0.0008782618845615977,3.351660825016821e-08,20.0
993.0,298893.0,0.4668,1.4974725870132446,0.0009780286733435096,3.339884285880375e-08,20.0
994.0,299194.0,0.4673,1.497821583557129,0.0009518491453939067,3.3403639448534505e-08,20.0
995.0,299495.0,0.4673,1.4988632579803467,0.0008559842742502529,3.26432271027858e-08,20.0
996.0,299796.0,0.4672,1.496562969970703,0.0008209808441403328,3.2833094233376904e-08,20.0
997.0,300097.0,0.4687,1.4984336141586303,0.0009384573104984383,3.316468530001554e-08,20.0
998.0,300398.0,0.4682,1.4976543403625489,0.0009928547811814668,3.284717624334641e-08,20.0
999.0,300699.0,0.4687,1.494509298324585,0.0009317233575020953,3.353937930014471e-08,20.0
1000.0,301000.0,0.4681,1.4941813167572022,0.0010200451323810567,3.402736916720076e-08,20.0
