schema_version,run_id,round,method,scope,physical_client_id,virtual_client_id,layer_name,param_name,num_params,mu_mean,mu_std,mu_abs_mean,mu_abs_p50,mu_abs_p90,mu_l2,sigma_mean,sigma_std,sigma_min,sigma_p10,sigma_p50,sigma_p90,sigma_p95,sigma_max,variance_mean,variance_sum,precision_mean,precision_std,precision_min,precision_p50,precision_p90,precision_max,snr_raw_mean,snr_raw_std,snr_raw_p10,snr_raw_p50,snr_raw_p75,snr_raw_p90,snr_raw_p95,snr_db_mean,snr_db_std,snr_db_p50,snr_db_p90,snr_frac_lt_1,snr_frac_lt_2,snr_frac_gt_1,snr_frac_gt_2,effective_params_snr_gt_1,effective_params_snr_gt_2,sigma_p25,sigma_p75,precision_p10,precision_p25,precision_p75,precision_p95,snr_raw_min,snr_raw_p25,snr_raw_max,snr_db_min,snr_db_p10,snr_db_p25,snr_db_p75,snr_db_p95,snr_db_max
bayesfl_observability_v1,ola_lr0p005_b64_e2_lam0p001_pinit0p01_fclip10p0,0,ola,global,,,all,all,101770,7.458042091457173e-05,0.021273687481880188,0.018205730244517326,0.017950959503650665,0.03239535689353943,6.786648565740691,10.0,0.0,10.0,10.0,10.0,10.0,10.0,10.0,100.0,10177000.0,0.009999999776482582,0.0,0.009999999776482582,0.009999999776482582,0.009999999776482582,0.009999999776482582,0.0018205730285912188,0.0011005761567179138,0.0003621385945006843,0.001795095950364887,0.0027034013532099403,0.003239535689353619,0.003420929480343714,-57.519270789450275,8.744584966574145,-54.91824665198019,-49.79034462041294,1.0,1.0,0.0,0.0,0,0,10.0,10.0,0.009999999776482582,0.009999999776482582,0.009999999776482582,0.009999999776482582,3.022807106844691e-08,0.0009066383820026206,0.00883795619010837,-150.39150396748974,-68.82250374268328,-60.85131797641397,-51.36178946106027,-49.317117564834085,-41.07296311048027
bayesfl_observability_v1,ola_lr0p005_b64_e2_lam0p001_pinit0p01_fclip10p0,0,ola,global,,,layers.0.weight,layers.0.weight,100352,7.121538510546088e-05,0.02063717506825924,0.017878415063023567,0.017816731706261635,0.03215851560235024,6.537561905004954,10.0,0.0,10.0,10.0,10.0,10.0,10.0,10.0,100.0,10035200.0,0.009999999776482582,0.0,0.009999999776482582,0.009999999776482582,0.009999999776482582,0.009999999776482582,0.0017878414179040246,0.0010308263777938414,0.00035934659186747053,0.0017816731706259852,0.00268322932533893,0.003215851560234702,0.0033936283551153127,-57.617852914231335,8.70116598112937,-54.98343919117932,-49.85408011654364,1.0,1.0,0.0,0.0,0,0,10.0,10.0,0.009999999776482582,0.009999999776482582,0.009999999776482582,0.009999999776482582,3.022807106844691e-08,0.0008996239863335187,0.003571413084864259,-150.39150396748974,-68.88972937203948,-60.918779463635666,-51.42684416186245,-49.38671439966254,-48.943198288578756
bayesfl_observability_v1,ola_lr0p005_b64_e2_lam0p001_pinit0p01_fclip10p0,0,ola,global,,,layers.0.bias,layers.0.bias,128,-0.000523235707078129,0.020830050110816956,0.01762477122247219,0.018720826134085655,0.03292828351259232,0.23573945249703368,10.0,0.0,10.0,10.0,10.0,10.0,10.0,10.0,100.0,12800.0,0.009999999776482582,0.0,0.009999999776482582,0.009999999776482582,0.009999999776482582,0.009999999776482582,0.0017624771628815608,0.0011114503428691453,0.00017683570622464742,0.0018720826134083783,0.0027242462150749817,0.0032928283512589024,0.0034543253481384636,-58.75201715009497,10.55935711617523,-54.55385164516865,-49.648628248515216,1.0,1.0,0.0,0.0,0,0,10.0,10.0,0.009999999776482582,0.009999999776482582,0.009999999776482582,0.009999999776482582,5.415082341641578e-06,0.0007650597137398253,0.0035658448934551487,-105.32789709827453,-75.10254366819228,-62.32791063641436,-51.295107309348055,-49.232820116407,-48.956751029984176
bayesfl_observability_v1,ola_lr0p005_b64_e2_lam0p001_pinit0p01_fclip10p0,0,ola,global,,,layers.1.weight,layers.1.weight,1280,0.0004751242813654244,0.05031140521168709,0.043717630207538605,0.04466675966978073,0.07775529325008393,1.8000757545785542,10.0,0.0,10.0,10.0,10.0,10.0,10.0,10.0,100.0,128000.0,0.009999999776482582,0.0,0.009999999776482582,0.009999999776482582,0.009999999776482582,0.009999999776482582,0.004371763315186986,0.002490444971955033,0.0009528199676423312,0.004466675966977626,0.0064656224101775385,0.007775529325007615,0.008252314701675542,-49.74427950221687,8.409797844106638,-47.00031831715271,-42.185400768965714,1.0,1.0,0.0,0.0,0,0,10.0,10.0,0.009999999776482582,0.009999999776482582,0.009999999776482582,0.009999999776482582,7.670726336072364e-06,0.0022043844219294968,0.00883795619010837,-102.30326908851318,-60.419783474038695,-53.13425340133682,-43.78779328739725,-41.668484371273316,-41.07296311048027
bayesfl_observability_v1,ola_lr0p005_b64_e2_lam0p001_pinit0p01_fclip10p0,0,ola,global,,,layers.1.bias,layers.1.bias,10,-0.009774142876267433,0.04699142649769783,0.04480103403329849,0.04450853541493416,0.05939694866538047,0.15178037229179525,10.0,0.0,10.0,10.0,10.0,10.0,10.0,10.0,100.0,1000.0,0.009999999776482582,0.0,0.009999999776482582,0.009999999776482582,0.009999999776482582,0.009999999776482582,0.004480102993547468,0.0017221958600108095,0.0023642720654604454,0.004450853541492971,0.004744000639765981,0.005939694866537453,0.007223958335816134,-47.64766353618082,3.5368367867215764,-47.03403301299646,-44.59749901790141,1.0,1.0,0.0,0.0,0,0,10.0,10.0,0.009999999776482582,0.009999999776482582,0.009999999776482582,0.009999999776482582,0.0017869198694823384,0.003948693256824814,0.008508221805094822,-54.95789843603817,-52.559953988370665,-48.081387501916964,-46.47833988698784,-43.00036147625429,-41.40322393460717
bayesfl_observability_v1,ola_lr0p005_b64_e2_lam0p001_pinit0p01_fclip10p0,5,ola,global,,,all,all,101770,9.762517584022135e-05,0.021447688341140747,0.018276358023285866,0.017977981828153133,0.03245163336396217,6.842186446068164,9.89930982340222,0.27101293648728075,2.434213399887085,9.759475803375244,9.964020252227783,9.993287086486816,9.995481491088867,9.999772071838379,98.06978299145116,9980561.815039985,0.010249209738588803,0.0013957935644962334,0.010000456124544144,0.010072350036352873,0.010498978197574615,0.168765127658844,0.0018592771374269998,0.0012520832447739834,0.0003663071958986823,0.0018121545793349405,0.002729241945997435,0.0032725762009554083,0.0034568778856268797,-57.412627707853,8.800896885451637,-54.836095178332236,-49.70220464223738,1.0,1.0,0.0,0.0,0,0,9.922010898590088,9.984416723251343,0.010013439599424601,0.010031240293756127,0.010157822398468852,0.0108761393930763,5.849498200481208e-09,0.0009123500815209931,0.03710060798262423,-164.65614299798966,-68.72309097602455,-60.79676968772843,-51.279159249991714,-49.22631923069716,-28.61237946712249
bayesfl_observability_v1,ola_lr0p005_b64_e2_lam0p001_pinit0p01_fclip10p0,5,ola,global,,,layers.0.weight,layers.0.weight,100352,4.741787415696308e-05,0.020684072747826576,0.017909426242113113,0.01783838029950857,0.032191211357712746,6.552397226408441,9.917254976491083,0.13731655255065642,7.816981792449951,9.777456188201905,9.964656829833984,9.993382358551026,9.9954833984375,9.999573707580566,98.37080210434154,9871706.732774882,0.010173842431487749,0.00030541366536777085,0.01000085286796093,0.010071062482893467,0.010460398998111487,0.01636521890759468,0.0018063839663996076,0.0010447165317189872,0.0003631925930918456,0.0017990315147274104,0.0027048686135696877,0.0032436067163596084,0.003425404456540109,-57.53670040416054,8.725104416153988,-54.89922457136886,-49.77943617702888,1.0,1.0,0.0,0.0,0,0,9.924245834350586,9.984731674194336,0.01001324811950326,0.01003060583025217,0.01015324704349041,0.01079409676603973,5.849498200481208e-09,0.0009052771335312224,0.00570759080587505,-164.65614299798966,-68.79726032226979,-60.86436897781827,-51.35707650706958,-49.30576282910582,-44.87094340451264
bayesfl_observability_v1,ola_lr0p005_b64_e2_lam0p001_pinit0p01_fclip10p0,5,ola,global,,,layers.0.bias,layers.0.bias,128,0.0004667349567171186,0.02068912424147129,0.017492668703198433,0.01715205144137144,0.03312659375369549,0.23413027148587331,9.827195562422276,0.13219413024177595,9.416369438171387,9.63555679321289,9.861490249633789,9.967307472229004,9.977619314193726,9.997140884399414,96.59124791016245,12363.679732500794,0.010360497712099459,0.0002841662166233967,0.010005720891058445,0.01028288621455431,0.010770760755985976,0.011278023011982441,0.0017820791798545286,0.0011272881704805348,0.00022872017707917873,0.0017394115691285895,0.0027393241349187563,0.003367311413502234,0.003525661948887071,-58.53943286377499,10.970868115543919,-55.1924092596929,-49.45433605243897,1.0,1.0,0.0,0.0,0,0,9.754284858703613,9.9357008934021,0.01006570728495717,0.010129849892109632,0.010510156163945794,0.010909559531137347,2.780166868953216e-07,0.000733813967474072,0.0036532369548932654,-131.11855148619242,-72.81396571155568,-62.691388743648176,-51.24725689862227,-49.055187476538634,-48.7464431541772
bayesfl_observability_v1,ola_lr0p005_b64_e2_lam0p001_pinit0p01_fclip10p0,5,ola,global,,,layers.1.weight,layers.1.weight,1280,0.003937237896025181,0.05435008928179741,0.04693732038140297,0.047161681577563286,0.0837177760899067,1.9495834464510255,8.535414008423686,1.5174040086031326,2.434213399887085,6.145812845230102,9.112557888031006,9.95567445755005,9.9813973903656,9.999772071838379,75.15580722052015,96199.43324226579,0.015921719381731238,0.010335132283499075,0.010000456124544144,0.012042577844113111,0.02647533025592566,0.168765127658844,0.005959266623580022,0.004587473897320112,0.0010702452631996908,0.005422886150808182,0.008041277223572606,0.010641756740531519,0.01432163322068145,-47.68028207145322,8.947957178959545,-45.31539098518809,-39.45977136633043,1.0,1.0,0.0,0.0,0,0,7.662137746810913,9.784035921096802,0.010089243948459625,0.010446335654705763,0.01703335391357541,0.033923066407442075,1.3313585974973895e-06,0.0026615245026754553,0.03710060798262423,-117.5140925326378,-59.41033376732448,-51.49743821714148,-41.89349932574761,-36.88015190640225,-28.61237946712249
bayesfl_observability_v1,ola_lr0p005_b64_e2_lam0p001_pinit0p01_fclip10p0,5,ola,global,,,layers.1.bias,layers.1.bias,10,0.007742956280708313,0.050312839448451996,0.041932616382837296,0.03264704905450344,0.07552619948983191,0.1609762448684448,5.317836403846741,0.9578857006223083,3.921562910079956,3.950944256782532,5.328794479370117,6.505851125717163,6.797700572013854,7.089550018310547,29.196929033534325,291.96929033534326,0.03906948957592249,0.014538095387350597,0.019895857200026512,0.035503702238202095,0.06406285166740418,0.06502518802881241,0.008842306660855084,0.007954009300189866,0.003574403818763242,0.006184136076743186,0.006697158309285802,0.01912441266933794,0.0242228888735796,-43.63544118576068,6.30952298796359,-44.1935604396653,-34.47445455958484,1.0,1.0,0.0,0.0,0,0,4.810831546783447,5.75045120716095,0.023683429695665836,0.030246428214013577,0.04321521334350109,0.06454401984810829,0.0019298643888909215,0.0047129766553195805,0.029321365077821276,-54.28946414928761,-49.081533533345066,-46.54317235931969,-43.4822131424974,-32.56538542624101,-30.65631629289717
bayesfl_observability_v1,ola_lr0p005_b64_e2_lam0p001_pinit0p01_fclip10p0,10,ola,global,,,all,all,101770,9.051922097569332e-05,0.021627699956297874,0.018352342769503593,0.018003935925662518,0.032534516602754596,6.89960131934638,9.901944204954358,0.2728147667223847,2.9620203971862793,9.761306381225586,9.964408874511719,9.993664836883545,9.996092796325684,9.999597549438477,98.12292693497096,9985970.274171995,0.010243306891187196,0.0012994817611426612,0.010000805370509624,0.010071564465761185,0.01049503991380334,0.11397874355316162,0.0018689631274638554,0.0013081895235251542,0.00036805885821030435,0.0018148653045511746,0.0027289212293633265,0.0032780743605159896,0.0034740853328851353,-57.37712571401015,8.730128642979793,-54.82311203241049,-49.68762397791207,1.0,1.0,0.0,0.0,0,0,9.92700457572937,9.984851837158203,0.010012682341039181,0.010030364850535989,0.010147604625672102,0.010815746150910853,7.894304969908459e-09,0.0009131529682447281,0.03817030027551241,-162.05262179901527,-68.68165448693894,-60.789129288871834,-51.28018000081647,-49.18319036385503,-28.365488470958063
bayesfl_observability_v1,ola_lr0p005_b64_e2_lam0p001_pinit0p01_fclip10p0,10,ola,global,,,layers.0.weight,layers.0.weight,100352,2.069487345579546e-05,0.020753338932991028,0.017954207956790924,0.017867173068225384,0.03227065391838551,6.574325412983131,9.921484175850923,0.123757657918292,8.268585205078125,9.77936897277832,9.964668273925781,9.993730545043945,9.996118545532227,9.999597549438477,98.45116420955367,9879771.23075713,0.010163914427322401,0.0002701256740608637,0.010000805370509624,0.010071039665490389,0.01045630658045411,0.014626405201852322,0.0018101625025001144,0.0010507431968322057,0.00036508439719345413,0.0018002436851264673,0.0027050055050060915,0.003248536492846448,0.003438524830572244,-57.505640081292896,8.643501924938446,-54.89337407156037,-49.76624500089423,1.0,1.0,0.0,0.0,0,0,9.9288911819458,9.985053062438965,0.0100125502794981,0.010029960423707962,0.010143748484551907,0.010745518980547786,7.894304969908459e-09,0.0009057855795488577,0.005998170826025278,-162.05262179901527,-68.7521345227857,-60.8594919451817,-51.35663693114741,-49.2725567006969,-44.43962339514444
bayesfl_observability_v1,ola_lr0p005_b64_e2_lam0p001_pinit0p01_fclip10p0,10,ola,global,,,layers.0.bias,layers.0.bias,128,0.0012567935045808554,0.020919067785143852,0.017659375444054604,0.017010441049933434,0.03271591924130916,0.23709899349930502,9.837086103856564,0.11735210700543926,9.46530818939209,9.673933982849121,9.858564376831055,9.967269611358642,9.983602666854859,9.997323989868164,96.78203453170653,12388.100420058436,0.010338432475691661,0.0002500133607912137,0.010005353018641472,0.010288992896676064,0.010685475543141365,0.011161703616380692,0.0017969378643510727,0.00114952935950786,0.00020543412200166856,0.0017420799366965384,0.0028071472535330395,0.0033274657722486816,0.003543077913854843,-58.31626931679507,9.701580922648152,-55.178853024226,-49.557732183240056,1.0,1.0,0.0,0.0,0,0,9.7553391456604,9.931823253631592,0.010065783280879259,0.010137761477380991,0.010507883271202445,0.01079998891800642,1.4180078437957223e-05,0.0007806814076038555,0.003960948201654765,-96.96642672386321,-73.75462489023425,-62.15433971487651,-51.03470660530334,-49.012446095543424,-48.04401673660638
bayesfl_observability_v1,ola_lr0p005_b64_e2_lam0p001_pinit0p01_fclip10p0,10,ola,global,,,layers.1.weight,layers.1.weight,1280,0.005362926982343197,0.0577298179268837,0.0494840145111084,0.0492120087146759,0.08730127960443497,2.0742976273212377,8.410148930177092,1.5204911472305955,2.9620203971862793,6.152567338943482,8.913150310516357,9.950697898864746,9.978609943389893,9.999258995056152,73.0424983565655,93494.39789640384,0.016279181758727647,0.009329730252435001,0.01000148244202137,0.012587443459779024,0.02641723956912757,0.11397874355316162,0.006443658600783395,0.005248524392254795,0.0010643572406978336,0.005624525283013633,0.008398786341150155,0.011905857938685965,0.01596971549042291,-47.30202419366007,9.418199296335002,-44.99828258725866,-38.48479238564187,1.0,1.0,0.0,0.0,0,0,7.372463583946228,9.721531867980957,0.010099337995052337,0.010581093840301037,0.018398174550384283,0.033377680554985995,9.068597972608214e-06,0.002751807365071146,0.03817030027551241,-100.84919605695434,-59.45835966251385,-51.20765899161623,-41.51568242342586,-35.934056430301055,-28.365488470958063
bayesfl_observability_v1,ola_lr0p005_b64_e2_lam0p001_pinit0p01_fclip10p0,10,ola,global,,,layers.1.bias,layers.1.bias,10,0.010995196178555489,0.0475480891764164,0.037731848657131195,0.02867596596479416,0.06587494388222692,0.15432806193817944,5.5944071292877195,0.5975941030984632,4.539642333984375,4.707970476150512,5.631252765655518,6.270713758468628,6.362908577919006,6.455103397369385,31.65450984028332,316.5450984028332,0.033152969740331176,0.007698521851428037,0.02399902604520321,0.03154370188713074,0.04513628035783768,0.04852401092648506,0.0073058975465380895,0.007142500583995518,0.0025472227809073896,0.00477831674883553,0.005152678186353642,0.014044337849573934,0.0206043123361924,-45.301703647321354,6.0000577586433055,-46.4192947520807,-37.33367291080278,1.0,1.0,0.0,0.0,0,0,5.276094198226929,6.048041939735413,0.025438235700130464,0.027345127891749144,0.035967362113296986,0.04683014564216136,0.002256685693481564,0.004238764485406261,0.027164286822810895,-52.930578483111276,-51.88540408404128,-47.46568329330607,-45.76091020182083,-34.32685338068039,-31.32003385055798
bayesfl_observability_v1,ola_lr0p005_b64_e2_lam0p001_pinit0p01_fclip10p0,15,ola,global,,,all,all,101770,6.928028597030789e-05,0.021786674857139587,0.01841743290424347,0.018014785833656788,0.03262469172477722,6.950291650254325,9.903395300864048,0.2786299000423065,3.206005811691284,9.768256092071534,9.96412181854248,9.993321514129638,9.996735572814941,9.999614715576172,98.15487310637373,9989221.436035654,0.01024294339127343,0.0013327259565010614,0.010000770911574364,0.010072144214063883,0.010480112675577403,0.09729070961475372,0.0018777184420854193,0.0013624404112665255,0.0003671249433259285,0.0018155458625739567,0.0027288960827151383,0.003286296905861428,0.0034944481961469713,-57.37151681597283,8.780000343595072,-54.81985551313588,-49.66586403904353,1.0,1.0,0.0,0.0,0,0,9.929159879684448,9.984592199325562,0.010013370495289563,0.010030887555330992,0.010143200168386102,0.010777833173051476,4.463690260662219e-08,0.000914425608974114,0.04776999799293124,-147.00592439420967,-68.7037221320072,-60.7770323864049,-51.280260038913006,-49.13242786598831,-26.416895539090977
bayesfl_observability_v1,ola_lr0p005_b64_e2_lam0p001_pinit0p01_fclip10p0,15,ola,global,,,layers.0.weight,layers.0.weight,100352,-1.2130381946917623e-05,0.020822588354349136,0.01799539476633072,0.017859923653304577,0.03233885876834393,6.5962604897552435,9.92417508003549,0.11725819600277998,8.319356918334961,9.786930179595947,9.964529991149902,9.993401432037354,9.996747016906738,9.999614715576172,98.50300050372726,9884973.106550038,0.010157871938338999,0.00025465367074724077,0.010000770911574364,0.01007131952792406,0.010440156795084476,0.014448425732553005,0.0018138768055008128,0.001057588919323771,0.0003645570256427173,0.0018002115068743428,0.0027059445519640123,0.0032555629899975107,0.003455775460163337,-57.50458383419425,8.687235541844093,-54.89352932830945,-49.74747794383565,1.0,1.0,0.0,0.0,0,0,9.933138847351074,9.984663486480713,0.010013209935277701,0.010030743200331926,0.010135075310245156,0.010708302864804864,4.463690260662219e-08,0.0009069109650553529,0.006512011190946588,-147.00592439420967,-68.76469054641257,-60.84870694228307,-51.353622134151905,-49.2290896707861,-43.72569723425527
bayesfl_observability_v1,ola_lr0p005_b64_e2_lam0p001_pinit0p01_fclip10p0,15,ola,global,,,layers.0.bias,layers.0.bias,128,0.0018330025486648083,0.020873840898275375,0.017624273896217346,0.016655738465487957,0.03255316987633705,0.23706934720902653,9.839723870158195,0.10975121901063414,9.529184341430664,9.697412967681885,9.85563850402832,9.96817855834961,9.985760688781738,9.997588157653809,96.8322111710353,12394.523029892518,0.01033231538895052,0.00023272570586683043,0.01000482589006424,0.010295097716152668,0.01063379282131791,0.011012567207217216,0.0017928446048233865,0.0011543418772789085,0.00019128938667274602,0.0016862691291603987,0.0027270041311007807,0.0033341063187178124,0.003583712340822762,-58.1959464350825,9.212567966098346,-55.4614981291014,-49.54041697316251,1.0,1.0,0.0,0.0,0,0,9.75611424446106,9.931889057159424,0.010063947830349206,0.010137625969946384,0.010506214573979378,0.010744407586753369,5.993809894505521e-05,0.0007298528282272568,0.003981867462190452,-84.44594056863396,-74.3666041044255,-62.735845894435045,-51.28629353978249,-48.91372405122542,-47.99826399196309
bayesfl_observability_v1,ola_lr0p005_b64_e2_lam0p001_pinit0p01_fclip10p0,15,ola,global,,,layers.1.weight,layers.1.weight,1280,0.0061813341453671455,0.06038782000541687,0.051439035683870316,0.05033113807439804,0.09097671881318099,2.1717894077973825,8.312061511166394,1.54836564699821,3.206005811691284,5.999803161621093,8.803980350494385,9.94540958404541,9.979857158660888,9.999227523803711,71.48780274221794,91504.38751003896,0.016750049872644012,0.009480389984120347,0.01000154484063387,0.01290154829621315,0.027779601886868475,0.09729070961475372,0.006853075255587919,0.005845369955347988,0.0009974428398127574,0.005839284423365694,0.008830766796728822,0.012849424773534835,0.01751485744345297,-46.94464610000574,9.61543672861175,-44.67280795758006,-37.82233109229231,1.0,1.0,0.0,0.0,0,0,7.275734543800354,9.659668207168579,0.010110080242156982,0.010717058787122369,0.018890633713454008,0.03539214543998241,7.715551240673487e-06,0.0028429118820484716,0.04776999799293124,-102.25265967719132,-60.02228045289423,-50.92474405974593,-41.08003179393007,-35.1318682723683,-26.416895539090977
bayesfl_observability_v1,ola_lr0p005_b64_e2_lam0p001_pinit0p01_fclip10p0,15,ola,global,,,layers.1.bias,layers.1.bias,10,0.01212315447628498,0.04643356427550316,0.03704368323087692,0.027938276529312134,0.064899979904294,0.15175792460986304,5.879874753952026,0.6074269060736052,4.851983547210693,5.060623359680176,5.858957052230835,6.7084277153015135,6.720992469787598,6.733557224273682,34.941894568384555,349.41894568384555,0.02989839669317007,0.006422560654789686,0.022055193781852722,0.029131535440683365,0.03907065168023109,0.04247773438692093,0.006782022884562917,0.006518815551055485,0.0023719554000065854,0.004431552064374813,0.006133901165061924,0.012878671336573161,0.01879107582884071,-46.10412807961554,6.431049563739985,-47.07277509454062,-38.07799495433761,1.0,1.0,0.0,0.0,0,0,5.550653457641602,6.36290168762207,0.022220841981470583,0.024839619640260935,0.03253685822710395,0.04077419303357601,0.0015208217301953247,0.0036163051093090113,0.024703480321108282,-56.35843380829695,-52.57830142685166,-48.83471209153867,-44.307475612413874,-35.111416050560024,-32.14483714678243
bayesfl_observability_v1,ola_lr0p005_b64_e2_lam0p001_pinit0p01_fclip10p0,20,ola,global,,,all,all,101770,5.428347139968537e-05,0.021946359425783157,0.018484560772776604,0.01799765508621931,0.03270880542695522,7.001219681618288,9.906482958362579,0.28072074931217134,3.4441065788269043,9.77874231338501,9.96567440032959,9.993477821350098,9.997003555297852,9.99964427947998,98.21720874342257,9995565.333818115,0.010237888714284512,0.0013555458080855274,0.010000711306929588,0.01006900705397129,0.010457648057490587,0.08430373668670654,0.0018857726015046063,0.0014101041394679885,0.0003667753467793153,0.001814624219286918,0.002729939374375468,0.0032944005797546387,0.003519067038484115,-57.367162543924316,8.833054163255284,-54.8242659368594,-49.644471883330304,1.0,1.0,0.0,0.0,0,0,9.93384838104248,9.984504699707031,0.010013056918978691,0.010031063109636307,0.010133628267794847,0.010736744198948144,8.403317268695584e-09,0.0009126937128944581,0.045995188462518155,-161.50995122088824,-68.71199724884305,-60.79349881443646,-51.27693994750666,-49.071449192525016,-26.74575194594984
bayesfl_observability_v1,ola_lr0p005_b64_e2_lam0p001_pinit0p01_fclip10p0,20,ola,global,,,layers.0.weight,layers.0.weight,100352,-3.564636790542863e-05,0.020897338166832924,0.018040332943201065,0.017866739071905613,0.032417489960789685,6.619948260204405,9.927947941416761,0.11042638478323381,8.52479362487793,9.79579200744629,9.966380596160889,9.993488311767578,9.997003555297852,9.99964427947998,98.57634431393757,9892333.304592263,0.010149627220842524,0.00023839123701612167,0.010000711306929588,0.010067579336464405,0.010421274881809951,0.013760438188910484,0.001817752770396016,0.0010646307460252002,0.00036368876993999103,0.0017988499321018646,0.0027072879247791006,0.003261922012626621,0.003474834188587744,-57.50325004135839,8.732473520492048,-54.90010131279108,-49.730528526610556,1.0,1.0,0.0,0.0,0,0,9.936603307723999,9.984672546386719,0.01001303642988205,0.010030725970864296,0.010128009365871549,0.010668203001841903,8.403317268695584e-09,0.0009050544803125292,0.006582598800147409,-161.50995122088824,-68.78540216029461,-60.86650555108859,-51.34931107294363,-49.18131828062989,-43.63205227308626
bayesfl_observability_v1,ola_lr0p005_b64_e2_lam0p001_pinit0p01_fclip10p0,20,ola,global,,,layers.0.bias,layers.0.bias,128,0.0023455778136849403,0.021007202565670013,0.01769811101257801,0.016939332708716393,0.0329330500215292,0.2391462838609949,9.846398569643497,0.10285317995702835,9.551563262939453,9.708440494537353,9.8597993850708,9.969007015228271,9.987647914886475,9.997776985168457,96.96214356890479,12411.154376819813,0.010317830186977517,0.00021732633169560187,0.010004447773098946,0.010286410339176655,0.010609661135822535,0.010961023159325123,0.001799015892922823,0.001176533607601116,0.00018439438219295607,0.0017184216109749192,0.002761108552538585,0.0033464496088921373,0.003619455952305313,-58.77160627008987,11.045263387630397,-55.297602813001724,-49.50874198798598,1.0,1.0,0.0,0.0,0,0,9.773085117340088,9.933318138122559,0.010062276013195514,0.010134709998965263,0.010469758184626698,0.010705916490405799,3.2754623928244373e-06,0.0007250873505833381,0.00421304416477156,-109.69454499918326,-74.68713424873755,-62.79453847204086,-51.17841715460325,-48.82739365101703,-47.50807976191907
bayesfl_observability_v1,ola_lr0p005_b64_e2_lam0p001_pinit0p01_fclip10p0,20,ola,global,,,layers.1.weight,layers.1.weight,1280,0.006776433438062668,0.06283009797334671,0.05324965715408325,0.051483215764164925,0.09447161257267003,2.260914064930574,8.259320511110127,1.5631753327365423,3.4441065788269043,5.903447532653809,8.71161413192749,9.94552698135376,9.982093954086304,9.999305725097656,70.65989242612045,90444.66230543418,0.01701446705192211,0.009620386909240802,0.010001388378441334,0.013176600448787212,0.028693874366581457,0.08430373668670654,0.00719197475980885,0.006329990752759924,0.0010488668576683845,0.006008986372111942,0.00909717609359206,0.01402664358158885,0.01912691329604097,-46.63942303046355,9.73703154909557,-44.42397622028254,-37.06092672432514,1.0,1.0,0.0,0.0,0,0,7.214791536331177,9.63150691986084,0.010109843593090773,0.010779820382595062,0.019211108330637217,0.03610002566128968,1.6646095610900686e-05,0.0029473603209119624,0.045995188462518155,-95.57375178260003,-59.58559357991531,-50.61133534867852,-40.82188368500916,-34.36711856715361,-26.74575194594984
bayesfl_observability_v1,ola_lr0p005_b64_e2_lam0p001_pinit0p01_fclip10p0,20,ola,global,,,layers.1.bias,layers.1.bias,10,0.012754474766552448,0.04776184633374214,0.03652875870466232,0.026730472221970558,0.05914334580302236,0.15632884701979163,6.106958436965942,0.5712381369099433,5.147389888763428,5.399803352355957,6.014697074890137,6.961808967590332,6.964138412475586,6.96646785736084,37.621254359889846,376.2125435988985,0.027534349635243417,0.005224511651058465,0.020605100318789482,0.02764510829001665,0.034322500228881836,0.03774208202958107,0.006394991349332078,0.006654142476914175,0.001765225024881062,0.0041045135919586685,0.005779275644345371,0.011026934204117052,0.01815685827557671,-46.87568632147296,6.644852946405162,-47.73510466687385,-39.64264148418333,1.0,1.0,0.0,0.0,0,0,5.789743781089783,6.486892461776733,0.02063269019126892,0.023787884041666985,0.029859074857085943,0.036032291129231446,0.0015675643579497582,0.00307241048554687,0.025286782347036397,-56.09549238904602,-55.07048788850465,-50.333364950889674,-44.79546670499007,-35.7923850375746,-31.942128590965844
bayesfl_observability_v1,ola_lr0p005_b64_e2_lam0p001_pinit0p01_fclip10p0,25,ola,global,,,all,all,101770,2.695703733479604e-05,0.022099485620856285,0.018549902364611626,0.017997726798057556,0.032802580296993254,7.050053147059142,9.913063850189175,0.27187663203059903,3.5789237022399902,9.797664451599122,9.96870756149292,9.994051933288574,9.9973726272583,9.999656677246094,98.34275180097175,10008341.850784896,0.010220507119490435,0.0012758595098803622,0.010000687092542648,0.010062879417091608,0.010417294036597014,0.0780719667673111,0.0018913118071392883,0.0014327110336533743,0.0003669849393891954,0.0018129137429193343,0.0027320382429995346,0.003301151665156235,0.0035442798809927514,-57.35160012600434,8.802954506728694,-54.832457172868196,-49.62669044539471,1.0,1.0,0.0,0.0,0,0,9.940058946609497,9.98568344116211,0.010011907666921616,0.010028694989159703,0.0101209688000381,0.01066648648120463,1.215090657053699e-07,0.0009124075426656006,0.04979496823621158,-138.30775488588452,-68.70703515317265,-60.79622265382922,-51.27026451092854,-49.00943980807898,-26.05629080633968
bayesfl_observability_v1,ola_lr0p005_b64_e2_lam0p001_pinit0p01_fclip10p0,25,ola,global,,,layers.0.weight,layers.0.weight,100352,-6.75935807521455e-05,0.020973725244402885,0.018085656687617302,0.017868234775960445,0.03251261636614801,6.644171686404175,9.934192970927272,0.10047229040421381,8.602141380310059,9.813715171813964,9.969073295593262,9.994119644165039,9.9973726272583,9.999656677246094,98.69828466475991,9904570.262677986,0.010136172962946296,0.0002154262077681024,0.010000687092542648,0.010062141343951225,0.010383245069533587,0.013514090329408646,0.0018211740649123906,0.0010715456606715285,0.00036406867091987163,0.001797548427869755,0.002707509586384299,0.0032692803343762457,0.003492459712685778,-57.489391098176505,8.697812403649916,-54.90638800380209,-49.71095675587271,1.0,1.0,0.0,0.0,0,0,9.942082166671753,9.985779762268066,0.010011771693825722,0.01002850104123354,0.010116850258782506,0.010604992182925344,1.215090657053699e-07,0.000905080942565655,0.006864656737383581,-138.30775488588452,-68.77633381080528,-60.8662515838418,-51.3485999370048,-49.1373718977343,-43.267623488582466
bayesfl_observability_v1,ola_lr0p005_b64_e2_lam0p001_pinit0p01_fclip10p0,25,ola,global,,,layers.0.bias,layers.0.bias,128,0.002775824163109064,0.02103680558502674,0.01772928237915039,0.01691105216741562,0.03377105370163917,0.2400673010187556,9.858543626964092,0.09368658107173658,9.59251594543457,9.726148223876953,9.872154712677002,9.971368503570556,9.989496088027954,9.997817039489746,97.19965962022724,12441.556431389086,0.01029183709033532,0.00019704690882816318,0.010004366748034954,0.010260680690407753,0.010571054928004742,0.010867632925510406,0.0017999414982210952,0.0011851859665355684,0.00018532865536302203,0.0017001504186316063,0.002842491034107389,0.0034556310523114696,0.0036587897071103112,-58.814848081717514,11.098115434235806,-55.39032007031227,-49.22951962740163,1.0,1.0,0.0,0.0,0,0,9.79204249382019,9.937002658843994,0.010057509876787663,0.010127195157110691,0.010429257294163108,0.010628196876496077,2.760486815276374e-06,0.000713491138043903,0.004190919973230469,-111.18028330969014,-74.64471490545698,-62.937644377133715,-50.92605123857858,-48.73356032238949,-47.55381263911857
bayesfl_observability_v1,ola_lr0p005_b64_e2_lam0p001_pinit0p01_fclip10p0,25,ola,global,,,layers.1.weight,layers.1.weight,1280,0.007063484285026789,0.06503415107727051,0.0549025721848011,0.05295541137456894,0.09836280047893524,2.3404160252520816,8.289725449308753,1.5209852389771914,3.5789237022399902,6.014480113983154,8.728321552276611,9.9490065574646,9.983825397491454,9.999324798583984,71.03294412210371,90922.16847629275,0.01670768578769639,0.009012086806904086,0.01000135112553835,0.013126189820468426,0.02764423172920944,0.0780719667673111,0.007368452539135595,0.006498330128568182,0.0010182438015529068,0.006081797413873713,0.0094523969507289,0.014432379810196188,0.019197594506191126,-46.46904160361773,9.82004551951561,-44.319368241932665,-36.81324101835159,1.0,1.0,0.0,0.0,0,0,7.277735471725464,9.62284517288208,0.010102772992104292,0.010799235664308071,0.018880242947489023,0.0341926822438836,1.2743565105821885e-05,0.0030371028265189274,0.04979496823621158,-97.89418047711908,-59.84296617650916,-50.35081326059176,-40.489161198444464,-34.33519384480254,-26.05629080633968
bayesfl_observability_v1,ola_lr0p005_b64_e2_lam0p001_pinit0p01_fclip10p0,25,ola,global,,,layers.1.bias,layers.1.bias,10,0.013000254519283772,0.04621950909495354,0.034694962203502655,0.026992177590727806,0.05732850804924962,0.15183048991697284,6.3632855892181395,0.5430620893185069,5.398860931396484,5.653310298919678,6.295144081115723,7.135452032089233,7.138806939125061,7.142161846160889,40.78631992280623,407.8631992280623,0.025258741714060305,0.004465868479353169,0.01960381492972374,0.025235818699002266,0.031311513483524324,0.03430802375078201,0.005833108861130856,0.006270466674931462,0.0013842764412231017,0.004014752641929458,0.005239783227714076,0.010207182283139243,0.016854364697081927,-48.82955321631709,9.175182097953606,-47.92952404992498,-40.31952327390131,1.0,1.0,0.0,0.0,0,0,6.124172568321228,6.757864594459534,0.019640708714723586,0.02192356763407588,0.02667189110070467,0.032809768617153165,0.0003265207028729712,0.0029395301233170507,0.02350154711102464,-69.72178551946497,-57.79313546695379,-50.65997239542009,-45.63222461757928,-36.44879710780821,-32.5780709417151
bayesfl_observability_v1,ola_lr0p005_b64_e2_lam0p001_pinit0p01_fclip10p0,30,ola,global,,,all,all,101770,9.674447937868536e-06,0.022238118574023247,0.01861015148460865,0.018013798631727695,0.03289696648716927,7.094274136046472,9.918197881192675,0.26527799388938716,3.6131935119628906,9.812233829498291,9.970964908599854,9.994314193725586,9.997568655014039,9.999698638916016,98.44102162453683,10018342.770729113,0.010207452296048851,0.001228016176594429,0.010000603273510933,0.010058323852717876,0.010386380460113287,0.07659802585840225,0.0018967041285074236,0.0014558196897853856,0.00036561498044313716,0.0018134554894650402,0.0027345418465339923,0.003308782985805916,0.0035648577841145015,-57.34640822936942,8.843657598322046,-54.82986198607809,-49.606634319728954,1.0,1.0,0.0,0.0,0,0,9.944480895996094,9.986258506774902,0.010011382307857275,0.010027538985013962,0.010111970594152808,0.01061475765891373,6.24468036965317e-08,0.0009132420631454757,0.05094702103455506,-144.08965662514044,-68.73952034287188,-60.78828186990425,-51.26230852193217,-48.959155820592834,-25.857624097976757
bayesfl_observability_v1,ola_lr0p005_b64_e2_lam0p001_pinit0p01_fclip10p0,30,ola,global,,,layers.0.weight,layers.0.weight,100352,-8.793993765721098e-05,0.021045133471488953,0.018128393217921257,0.01786497700959444,0.03257651515305043,6.666816408872781,9.939025005724814,0.0929663553487353,8.722500801086426,9.826975631713868,9.971401691436768,9.9943265914917,9.997621536254883,9.999698638916016,98.79286080764996,9914061.167769289,0.010125841223632923,0.00019830376700186812,0.010000603273510933,0.01005744282156229,0.010355241782963277,0.013143710792064667,0.0018245994351371426,0.001078034873368975,0.000362451476437246,0.0017968373490390198,0.002709481906896059,0.003274923314924154,0.0035108600907719847,-57.48670323272614,8.738097901160064,-54.90982467038806,-49.695977295846504,1.0,1.0,0.0,0.0,0,0,9.947057008743286,9.986347436904907,0.010011357255280018,0.010027360869571567,0.010106732603162527,0.010558641282841563,6.24468036965317e-08,0.0009062754479639658,0.007088435927899822,-144.08965662514044,-68.81500251618975,-60.85479569839539,-51.34227489149302,-49.091729538256416,-42.98899163592442
bayesfl_observability_v1,ola_lr0p005_b64_e2_lam0p001_pinit0p01_fclip10p0,30,ola,global,,,layers.0.bias,layers.0.bias,128,0.003093571402132511,0.021041270345449448,0.01772347092628479,0.01681042555719614,0.03366100899875164,0.24061395029671,9.868495769798756,0.08578202926641039,9.634958267211914,9.748588848114014,9.879766941070557,9.97353105545044,9.990791749954223,9.99797248840332,97.39456731508099,12466.504616330367,0.010270629318256397,0.0001796392423345101,0.010004056617617607,0.010244873352348804,0.010522442031651735,0.01077209785580635,0.0017974486043772385,0.0011937670481885678,0.00021634040337500924,0.001692907895938019,0.0028029291202999445,0.003442068663712676,0.0037239904924153857,-58.65615808834024,10.353969473139026,-55.427336626633625,-49.26366372791913,1.0,1.0,0.0,0.0,0,0,9.809632539749146,9.940973043441772,0.010053148958832026,0.010119107784703374,0.010391890769824386,0.0105820057913661,2.6825138178430017e-05,0.0006769843352805277,0.004288265694826021,-91.42916032161685,-73.31180261703645,-63.38858274734529,-51.04778483993851,-48.579834279855646,-47.35436628227443
bayesfl_observability_v1,ola_lr0p005_b64_e2_lam0p001_pinit0p01_fclip10p0,30,ola,global,,,layers.1.weight,layers.1.weight,1280,0.0072516934014856815,0.06692472845315933,0.05633380264043808,0.05388326942920685,0.10056768804788592,2.4083868831371147,8.31642891075462,1.4924887478133864,3.6131935119628906,6.058394479751587,8.727015018463135,9.943153381347656,9.985202598571778,9.999348640441895,71.39051248998486,91379.85598718062,0.01649500206694938,0.008674404373973977,0.010001303628087044,0.01313012046739459,0.027244881540536885,0.07659802585840225,0.00752914995513016,0.00668719175704662,0.0010506518410504672,0.006207680817944684,0.009724529091326152,0.014807631898079496,0.01973447984527822,-46.28449766962336,9.806280286662583,-44.141423106880616,-36.59028787481561,1.0,1.0,0.0,0.0,0,0,7.287511229515076,9.617798805236816,0.01011467007920146,0.010810570558533072,0.018829637207090855,0.033151290938258166,7.01171230681079e-06,0.0030925848147919334,0.05094702103455506,-103.083516990799,-59.57095239987795,-50.19357877386183,-40.24262877338639,-34.095516143155365,-25.857624097976757
bayesfl_observability_v1,ola_lr0p005_b64_e2_lam0p001_pinit0p01_fclip10p0,30,ola,global,,,layers.1.bias,layers.1.bias,10,0.013137200847268105,0.04726116359233856,0.03588537126779556,0.028657971881330013,0.05630771517753598,0.1551194243744516,6.576453018188476,0.5239287461808557,5.6640305519104,5.896248912811279,6.510718107223511,7.306612873077393,7.332859468460083,7.359106063842773,43.52423563151497,435.24235631514966,0.023575849644839764,0.0038543142708804792,0.01846502348780632,0.023597102612257004,0.028779545053839683,0.031170861795544624,0.005799127939107185,0.006022810898457122,0.0009047641123270997,0.004119867503718324,0.00567070432369963,0.009607217167754544,0.01617314377033618,-48.61774399670106,8.671525869429727,-47.70688839317116,-40.887418821806165,1.0,1.0,0.0,0.0,0,0,6.329945683479309,6.950740814208984,0.01873161494731903,0.02071109414100647,0.024960775393992662,0.029975203424692152,0.0005164584645175007,0.0033980586961199623,0.022739070372917843,-65.73929198905837,-60.992128029537206,-49.38678042753091,-45.02988328095522,-36.875982353441486,-32.8645458850768
bayesfl_observability_v1,ola_lr0p005_b64_e2_lam0p001_pinit0p01_fclip10p0,35,ola,global,,,all,all,101770,-3.2473935789312236e-06,0.02238115482032299,0.01867198757827282,0.018004574812948704,0.03300544954836369,7.139904476382707,9.923058351053522,0.25766267038404983,3.7037899494171143,9.825207901000976,9.972983360290527,9.994613647460938,9.997726964950562,9.999724388122559,98.53347709012246,10027751.963461762,0.010194591422249289,0.001170116476999222,0.010000551119446754,0.01005425350740552,0.010358968377113342,0.07289659976959229,0.0019019445230055384,0.0014745245686426868,0.0003668235089538278,0.0018115680971960398,0.002737252881185594,0.0033176238008567486,0.003592396112886981,-57.331316264910015,8.836454673941484,-54.8389067173974,-49.58345723693178,1.0,1.0,0.0,0.0,0,0,9.949179649353027,9.987364768981934,0.010010781697928905,0.010025317780673504,0.010102421743795276,0.010567904263734816,2.6772660049855468e-09,0.0009136277655350481,0.05462068085623715,-171.44292582235582,-68.71085676540974,-60.78461420149638,-51.25370156542091,-48.89231564224467,-25.25285781197473
bayesfl_observability_v1,ola_lr0p005_b64_e2_lam0p001_pinit0p01_fclip10p0,35,ola,global,,,layers.0.weight,layers.0.weight,100352,-0.00010424076026538387,0.021119633689522743,0.018173128366470337,0.017875404097139835,0.03267667591571808,6.69044022566589,9.943418397530152,0.08591286642319854,8.833029747009277,9.839348888397216,9.973337173461914,9.994617462158203,9.997773170471191,9.999724388122559,98.87895044895815,9922700.435453849,0.010116481436398317,0.00018228701332222358,0.010000551119446754,0.010053540114313364,0.010329213738441468,0.012816830538213253,0.0018282860261816744,0.0010847312952444671,0.0003635917471828662,0.0017970023283889263,0.0027106408841742584,0.003282984225607407,0.0035339639695995194,-57.473160876085565,8.728776060175415,-54.90902720006524,-49.67462407754447,1.0,1.0,0.0,0.0,0,0,9.950838804244995,9.987412452697754,0.010010774247348309,0.01002522255294025,0.010099052218720317,0.01051464113406837,2.6772660049855468e-09,0.0009061762246813045,0.007195956968539744,-171.44292582235582,-68.78771965794492,-60.855746721991764,-51.338560308057865,-49.034757651389796,-42.85822884634995
bayesfl_observability_v1,ola_lr0p005_b64_e2_lam0p001_pinit0p01_fclip10p0,35,ola,global,,,layers.0.bias,layers.0.bias,128,0.0035028718411922455,0.021118642762303352,0.01783725805580616,0.016887884587049484,0.03397496342658996,0.24219453713907688,9.878065399825573,0.07908469494592452,9.657525062561035,9.764492607116699,9.887065410614014,9.975394535064698,9.991750240325928,9.998126029968262,97.58243043220585,12490.55109532235,0.010250383842503652,0.00016504759082020502,0.010003749281167984,0.010229753330349922,0.010488192550837994,0.010721814818680286,0.0018071923647885737,0.0012010921362634187,0.0001952126512072546,0.0017036767146244363,0.0027481551926278984,0.0034603179422003603,0.0037978629399701637,-58.56256533050697,10.319902222932274,-55.37225644948889,-49.217681264383735,1.0,1.0,0.0,0.0,0,0,9.823178768157959,9.945462703704834,0.010049392655491828,0.010109973605722189,0.010363248642534018,0.010534371016547084,1.8492062812700118e-05,0.0007456683837133536,0.004434823635662329,-94.66029233122497,-74.19471279422075,-62.551870594594206,-51.21951584554215,-48.40940517179747,-47.06247292880889
bayesfl_observability_v1,ola_lr0p005_b64_e2_lam0p001_pinit0p01_fclip10p0,35,ola,global,,,layers.1.weight,layers.1.weight,1280,0.007460363209247589,0.06880901753902435,0.057725053280591965,0.05506563372910023,0.10506407469511041,2.4762132394099123,8.355920101888477,1.459831244699054,3.7037899494171143,6.161930418014527,8.756258010864258,9.944954109191894,9.984907627105713,9.99939250946045,71.95250801214354,92099.21025554373,0.016219212303258245,0.008261981439123205,0.010001215152442455,0.013042562175542116,0.026337092928588414,0.07289659976959229,0.007656231755132696,0.006821129020951434,0.001069804289501873,0.0062923802976602335,0.00997579997684791,0.01502419654383965,0.020356730665554584,-46.15697423404082,9.818941429145893,-44.02371103610032,-36.46423683931431,1.0,1.0,0.0,0.0,0,0,7.364840388298035,9.619585990905762,0.010111007280647755,0.010806554462760687,0.018436281476169825,0.032198071107268335,7.70916008785587e-06,0.0031121281234524883,0.05462068085623715,-102.25985758745757,-59.41392442141525,-50.138996966317755,-40.021046008033466,-33.825858029138104,-25.25285781197473
bayesfl_observability_v1,ola_lr0p005_b64_e2_lam0p001_pinit0p01_fclip10p0,35,ola,global,,,layers.1.bias,layers.1.bias,10,0.013264937326312065,0.04918915405869484,0.03671852499246597,0.030342248268425465,0.05560461059212682,0.16110654180580133,6.775525617599487,0.518573340967604,5.877053737640381,6.087713146209717,6.735168933868408,7.509215641021728,7.512602949142456,7.515990257263184,46.176665704709215,461.76665704709217,0.02217830568552017,0.003488726520536951,0.017702212557196617,0.022047999314963818,0.02699431888759136,0.028952140361070633,0.005743753762746382,0.00612930841903312,0.0015990483778784692,0.004193642227824486,0.0051469553743480004,0.009188020254499128,0.016224939604350147,-48.44806610761013,8.110567522788987,-47.548468866302855,-41.38715218875783,1.0,1.0,0.0,0.0,0,0,6.525587558746338,7.141647219657898,0.017734172753989697,0.019611415918916464,0.023483554366976023,0.027973229624330995,0.0005166177301866111,0.0027725526456363293,0.02326185895420119,-65.73661384384431,-56.33724755547746,-51.23466849962357,-45.78994344810093,-37.0271319131862,-32.66711163761456
bayesfl_observability_v1,ola_lr0p005_b64_e2_lam0p001_pinit0p01_fclip10p0,40,ola,global,,,all,all,101770,-1.613578206161037e-05,0.02249031327664852,0.018720082938671112,0.018011857755482197,0.03306519761681557,7.174728797407142,9.926614281359738,0.2527686830300176,3.828098773956299,9.835055923461914,9.974531650543213,9.994870281219482,9.99787678718567,9.999747276306152,98.60156309801584,10034681.076485073,0.010185516190564962,0.0011315839634607448,0.010000505484640598,0.010051131714135408,0.01033823387697339,0.06823916733264923,0.0019061075148041418,0.001485548224212937,0.0003671166418419446,0.0018117390186506471,0.0027383013516539766,0.0033234085905238368,0.0036104349289051664,-57.33186016384213,8.883624463535897,-54.83808724531562,-49.568325235105235,1.0,1.0,0.0,0.0,0,0,9.952331781387329,9.98800253868103,0.010010267328470945,0.010024038376286626,0.010096021695062518,0.010533093800768256,4.518480177517802e-08,0.0009149757716708006,0.052037599470845346,-146.89996014419756,-68.7039185469452,-60.77180810631849,-51.2503751825152,-48.848809556080255,-25.673654918679926
bayesfl_observability_v1,ola_lr0p005_b64_e2_lam0p001_pinit0p01_fclip10p0,40,ola,global,,,layers.0.weight,layers.0.weight,100352,-0.00011948830797336996,0.02117719128727913,0.018207738175988197,0.017871844582259655,0.03274439573287964,6.708698726487974,9.946682850744727,0.08073581235017546,8.914114952087402,9.84839916229248,9.974900245666504,9.994953060150147,9.997918558120727,9.999747276306152,98.94301800469512,9929129.742807165,0.010109561051668069,0.00017064245354408769,0.010000505484640598,0.010050388053059578,0.010310238413512708,0.012584719806909561,0.0018311643212099357,0.0010899049704962897,0.0003639791573964107,0.001796427191187755,0.002713350476497754,0.0032892439503230965,0.0035466728909665994,-57.474809746018074,8.774387247726729,-54.91180759457316,-49.65807830545256,1.0,1.0,0.0,0.0,0,0,9.953739881515503,9.988131523132324,0.010010101925581693,0.010023778304457664,0.010093165561556816,0.010482575604692101,4.518480177517802e-08,0.0009078562114997951,0.007560762690981231,-146.89996014419756,-68.77846968066439,-60.83965860394489,-51.32988211577294,-49.003577290097006,-42.42868785661153
bayesfl_observability_v1,ola_lr0p005_b64_e2_lam0p001_pinit0p01_fclip10p0,40,ola,global,,,layers.0.bias,layers.0.bias,128,0.0037863110192120075,0.021114038303494453,0.017870154231786728,0.01701503712683916,0.03429597094655037,0.24268861778656528,9.88531967997551,0.0738280126754804,9.681004524230957,9.778571796417236,9.892650604248047,9.976856708526611,9.99257869720459,9.998298645019531,97.72499575076672,12508.79945609814,0.010235087494947948,0.00015365547690408818,0.010003402829170227,0.01021820679306984,0.010458013601601123,0.010669870302081108,0.0018090977558069075,0.0012029294519801538,0.0002468868854330339,0.0017087803172477173,0.002770695333481603,0.0034582303299891524,0.0037649478243629584,-58.34220214999743,9.703229312726522,-55.34627591801991,-49.222931190381665,1.0,1.0,0.0,0.0,0,0,9.832073211669922,9.948599576950073,0.010046447720378637,0.010103599168360233,0.01034450763836503,0.010499070771038533,4.211168331933355e-05,0.0007572572116994615,0.004454280331166947,-87.51194775959584,-72.16309448261171,-62.41578923809804,-51.14823346315555,-48.48493226920543,-47.02444907840588
bayesfl_observability_v1,ola_lr0p005_b64_e2_lam0p001_pinit0p01_fclip10p0,40,ola,global,,,layers.1.weight,layers.1.weight,1280,0.007602108176797628,0.07022763788700104,0.05884411931037903,0.05567296780645847,0.10837284848093987,2.5272184473289254,8.38065517861396,1.4405144231711433,3.828098773956299,6.21184344291687,8.765404224395752,9.944319343566894,9.98563838005066,9.999454498291016,72.31046302619309,92557.39267352715,0.016050286102836254,0.007979053627503126,0.010001090355217457,0.013015357311815023,0.02591547369956971,0.06823916733264923,0.007764252240600325,0.006860703638214443,0.001153994697447244,0.006375483205665348,0.010095932758489959,0.015419051166619803,0.020641431885486325,-46.08525928328927,9.996184981749247,-43.90974405879996,-36.2388513328821,1.0,1.0,0.0,0.0,0,0,7.410579442977905,9.6321120262146,0.010112298466265202,0.010778465308248997,0.018209461122751236,0.03189740665256977,3.2166789485341194e-06,0.0030705460346828195,0.052037599470845346,-109.85184296287593,-58.75601080871803,-50.25569176342396,-39.917100480913874,-33.70520374783491,-25.673654918679926
bayesfl_observability_v1,ola_lr0p005_b64_e2_lam0p001_pinit0p01_fclip10p0,40,ola,global,,,layers.1.bias,layers.1.bias,10,0.01334062684327364,0.04752277955412865,0.03521682694554329,0.027536730282008648,0.05563887059688565,0.15608929444137135,6.945842838287353,0.5190588541833395,6.05915641784668,6.242925071716309,6.877813816070557,7.680840969085693,7.683619737625122,7.686398506164551,48.51415482829384,485.1415482829384,0.02108546458184719,0.0032298290454072717,0.01692599430680275,0.021139969117939472,0.02566573731601238,0.0272380281239748,0.005375243884632751,0.005815107429812965,0.0014572457148519116,0.0037715924971790647,0.004725302735897088,0.008954767739111595,0.015445703072586768,-49.436748399784406,9.03526818073582,-48.471550184074616,-41.55370803870338,1.0,1.0,0.0,0.0,0,0,6.714300513267517,7.316660523414612,0.01695049963891506,0.018682399298995733,0.02218195702880621,0.02645188271999359,0.0003015364986182908,0.002772798590560108,0.021936638406061963,-70.41320221950508,-57.4375495425579,-51.182385892284444,-46.542241525519636,-37.365153253290025,-33.17659846787665
bayesfl_observability_v1,ola_lr0p005_b64_e2_lam0p001_pinit0p01_fclip10p0,45,ola,global,,,all,all,101770,-2.911842238972895e-05,0.022595960646867752,0.01876671612262726,0.018018215894699097,0.033145032823085785,7.208435830875344,9.929360856810288,0.2497364148269021,3.6254851818084717,9.843240547180176,9.97600269317627,9.995097160339355,9.997970247268677,9.999768257141113,98.65457530164694,10040076.12844861,0.010178954344077357,0.0011153463722787642,0.01000046357512474,0.01004816684871912,0.010321048088371754,0.07607951760292053,0.0019105557078576893,0.0015027471507745918,0.0003680945827621026,0.0018124093802497684,0.002740992407060053,0.003330629371930068,0.003626407645139373,-57.31524953688287,8.856935143570585,-54.834873972787975,-49.54947384426231,1.0,1.0,0.0,0.0,0,0,9.954368591308594,9.988378286361694,0.010009813122451305,0.010023284237831831,0.010091890580952168,0.010504807019606233,8.976936536570936e-08,0.0009150993091826692,0.05123321700281501,-140.93734014465716,-68.6808114566325,-60.77063544082394,-51.24184335225955,-48.810467565813546,-25.808967466451143
bayesfl_observability_v1,ola_lr0p005_b64_e2_lam0p001_pinit0p01_fclip10p0,45,ola,global,,,layers.0.weight,layers.0.weight,100352,-0.00013466531527228653,0.02123302035033703,0.01824183203279972,0.01788255386054516,0.03281292654573918,6.726412845330741,9.949289005762916,0.0767117886701274,8.985326766967773,9.856018161773681,9.976178646087646,9.995183944702148,9.998016262054444,9.999768257141113,98.99423641871581,9934269.61309097,0.0101040606238285,0.00016171171796393078,0.01000046357512474,0.010047813411802053,0.010294304881244897,0.012386034242808819,0.0018341155754161842,0.0010948996614465905,0.00036540971872916724,0.001796711949624075,0.002715945842590857,0.003294841238721837,0.0035616171328832105,-57.4582598340647,8.739361964755387,-54.910430870538036,-49.64331013656924,1.0,1.0,0.0,0.0,0,0,9.956315755844116,9.988567352294922,0.010009638965129852,0.01002290565520525,0.010087944800034165,0.010457358229905367,8.976936536570936e-08,0.0009081488744130592,0.007695982217041933,-140.93734014465716,-68.74439810208096,-60.83685901040478,-51.321577884356074,-48.96705536167957,-42.27471888857116
bayesfl_observability_v1,ola_lr0p005_b64_e2_lam0p001_pinit0p01_fclip10p0,45,ola,global,,,layers.0.bias,layers.0.bias,128,0.003999018110334873,0.021142220124602318,0.017884232103824615,0.01695359405130148,0.03416156060993671,0.24343820323105697,9.890372186899185,0.06978291530972698,9.702818870544434,9.790633010864259,9.89582347869873,9.977908706665039,9.993240118026733,9.998444557189941,97.8243316506581,12521.514451284236,0.01022444752015872,0.00014492023926674245,0.010003110393881798,0.010211654473096132,0.010432261694222688,0.01062194723635912,0.0018094983876088013,0.001212188954385322,0.00017187152303738048,0.0017071151196116558,0.002751693673628766,0.003450068463038571,0.003834921581171815,-58.516020913833195,10.19585254291441,-55.35474409297519,-49.243467023204836,1.0,1.0,0.0,0.0,0,0,9.840724229812622,9.948635578155518,0.01004432961344719,0.010103525826707482,0.010326326824724674,0.010478276992216706,1.6653926053132494e-05,0.0007562584302622327,0.004576569531746758,-95.5696668390587,-75.29601058667136,-62.43173644999465,-51.20801362368722,-48.32522608132217,-46.789198698557286
bayesfl_observability_v1,ola_lr0p005_b64_e2_lam0p001_pinit0p01_fclip10p0,45,ola,global,,,layers.1.weight,layers.1.weight,1280,0.007737929467111826,0.07156919687986374,0.05987578630447388,0.05662820674479008,0.10950190946459772,2.5754598865243583,8.393136326223612,1.4283656867674228,3.6254851818084717,6.261415910720825,8.769782543182373,9.943279647827149,9.986552047729493,9.99927043914795,72.48496592570896,92780.75638490746,0.015967313395231032,0.007876988399412461,0.010001459158957005,0.013002366293221712,0.02550682574510577,0.07607951760292053,0.0078872373634138,0.0069925409376972855,0.0011570716818577653,0.006439016112155578,0.010281927344639504,0.015619858593583783,0.02058500572682798,-46.04551910159065,10.435980496497159,-43.82361128996732,-36.12646283353982,1.0,1.0,0.0,0.0,0,0,7.455956935882568,9.62685513496399,0.01011441256850958,0.010790241649374366,0.017988428007811308,0.03194759134203195,4.2002964628147955e-07,0.0031301227921280506,0.05123321700281501,-127.5343804289286,-58.73282065076241,-50.08877334202491,-39.758514669381725,-33.72902250865085,-25.808967466451143
bayesfl_observability_v1,ola_lr0p005_b64_e2_lam0p001_pinit0p01_fclip10p0,45,ola,global,,,layers.1.bias,layers.1.bias,10,0.013412708416581154,0.04781481996178627,0.03542798012495041,0.02699919044971466,0.05380594953894612,0.1570400462579686,7.082195377349853,0.516682476736132,6.249648571014404,6.41899938583374,7.005290746688843,7.820744276046753,7.83654248714447,7.8523406982421875,50.42445214472182,504.2445214472182,0.020260144583880903,0.0029765306606287013,0.016218164935708046,0.020377565175294876,0.024275564588606358,0.025602880865335464,0.005280854572853708,0.005667603648036139,0.0010272348995791717,0.0035765428537940206,0.0050639700991302545,0.008420448221609641,0.014928010108825596,-49.33393735018141,8.339887613933865,-48.93485218596064,-42.15469242029709,1.0,1.0,0.0,0.0,0,0,6.759012222290039,7.4441869258880615,0.016349564678966998,0.01804605545476079,0.02189596276730299,0.02493922272697091,0.0004914505352633155,0.0030425680362269666,0.021435571996041576,-66.1704037340089,-59.96658802994915,-50.343616801862886,-45.980023776022136,-37.765995440921884,-33.37729846154667
bayesfl_observability_v1,ola_lr0p005_b64_e2_lam0p001_pinit0p01_fclip10p0,50,ola,global,,,all,all,101770,-4.027106842841022e-05,0.02268664538860321,0.018806422129273415,0.01802802737802267,0.03323124274611474,7.237371336619048,9.932838751569975,0.243321992372744,3.715233325958252,9.852341365814208,9.97742223739624,9.995283126831055,9.998096036911011,9.999786376953125,98.72049125666241,10046784.395190533,0.010169544821462144,0.0010670498883082328,0.010000426322221756,0.010045308154076338,0.01030198922380805,0.0724482387304306,0.0019135865856055995,0.00151116387472109,0.00036715758883194827,0.0018121363556092163,0.002743181084297405,0.0033379849867881555,0.0036409649595075346,-57.316658054348736,8.907602982004827,-54.83618252741831,-49.53031241688815,1.0,1.0,0.0,0.0,0,0,9.957258224487305,9.988914489746094,0.010009439662098885,0.010022208094596863,0.010086034424602985,0.010473244870081543,3.63834422543528e-08,0.000915708674113921,0.05279078702716196,-148.7816855618691,-68.70294979377088,-60.764853428714154,-51.23491044846193,-48.77567001254693,-25.54883726597062
bayesfl_observability_v1,ola_lr0p005_b64_e2_lam0p001_pinit0p01_fclip10p0,50,ola,global,,,layers.0.weight,layers.0.weight,100352,-0.00014719141472596675,0.021282032132148743,0.01827130652964115,0.017880559898912907,0.03287298381328583,6.741965509463802,9.952304637791324,0.07205245348609177,9.04856014251709,9.864645099639892,9.977631568908691,9.995294570922852,9.998139381408691,9.999786376953125,99.05355915945603,9940222.768769732,0.010097714758131236,0.00015139258721823216,0.010000426322221756,0.010044887661933899,0.010276307072490453,0.012213526293635368,0.001836508826992807,0.0010992099661504592,0.00036378826192875015,0.0017962056136871184,0.002716343187139266,0.0033004378202879043,0.0035759692947929258,-57.461359837653745,8.79419932005801,-54.91287900802685,-49.62856889500414,1.0,1.0,0.0,0.0,0,0,9.95924186706543,9.989022493362427,0.01000941637903452,0.010021990863606334,0.010082017630338669,0.010428799781948328,3.63834422543528e-08,0.0009077924207781066,0.007825230980264662,-148.7816855618691,-68.78302638501529,-60.840268943477035,-51.3203072265875,-48.93212439317143,-42.13005668608869
bayesfl_observability_v1,ola_lr0p005_b64_e2_lam0p001_pinit0p01_fclip10p0,50,ola,global,,,layers.0.bias,layers.0.bias,128,0.00420699268579483,0.021110722795128822,0.017883069813251495,0.01689282525330782,0.03435742035508156,0.2435369771708629,9.89673376828432,0.06562603419367674,9.714970588684082,9.8022066116333,9.901726722717285,9.978989601135254,9.993827867507935,9.998574256896973,97.94964605666317,12537.554695252886,0.01021112829039339,0.00013599378214258965,0.010002851486206055,0.010199483018368483,0.010407641343772412,0.010595392435789108,0.001808132648395618,0.0012131329657315947,0.0001759948282695213,0.0017058078642546133,0.0027499610899497946,0.0034506111764253267,0.0038570632219012725,-58.46676069792464,10.101324608134535,-55.363140504700084,-49.24245254762078,1.0,1.0,0.0,0.0,0,0,9.850282669067383,9.95137071609497,0.010042153298854828,0.010097973281517625,0.010306295938789845,0.010449727065861225,7.553245215064608e-06,0.0007797999973826155,0.0046275419013807415,-102.43732716531498,-75.09027554429333,-62.161981446556176,-51.21348158297522,-48.27486615278587,-46.69299280043539
bayesfl_observability_v1,ola_lr0p005_b64_e2_lam0p001_pinit0p01_fclip10p0,50,ola,global,,,layers.1.weight,layers.1.weight,1280,0.007812182419002056,0.07268299162387848,0.06071140617132187,0.056865764781832695,0.11167658269405373,2.615363205136239,8.431507860496641,1.3987827380506939,3.715233325958252,6.326071739196777,8.808878421783447,9.947559261322022,9.986959218978882,9.999320030212402,73.04691794988523,93500.0549758531,0.015724272395164007,0.007532322959815081,0.01000135950744152,0.012887219432741404,0.024988019838929183,0.0724482387304306,0.007940161650386295,0.007040302086614325,0.0011422468877445523,0.006491936884604562,0.010413450351780604,0.015796932221610886,0.020901671270919138,-45.92333261429064,10.123571473882327,-43.75251455643135,-36.02854490566583,1.0,1.0,0.0,0.0,0,0,7.5155088901519775,9.63010048866272,0.010105711221694947,0.010782969649881124,0.01770448125898838,0.030920111387968054,4.0652391723467396e-06,0.0032271761412360368,0.05279078702716196,-107.81827582824364,-58.844866690764924,-49.82354770483698,-39.64811058854221,-33.59640631166234,-25.54883726597062
bayesfl_observability_v1,ola_lr0p005_b64_e2_lam0p001_pinit0p01_fclip10p0,50,ola,global,,,layers.1.bias,layers.1.bias,10,0.013447734527289867,0.04919508472084999,0.03678081929683685,0.02945557050406933,0.05463552847504612,0.1612760964478921,7.221275186538696,0.5048362603926299,6.413915157318115,6.574552011489868,7.158582925796509,7.95372896194458,7.959882164001465,7.96603536605835,52.401674969526695,524.016749695267,0.019461198523640633,0.0027345224177003098,0.01575852371752262,0.01951439678668976,0.023139642365276814,0.02430824562907219,0.005352511921061559,0.005607336777654159,0.0010934684922308698,0.003792489207987011,0.005291000894623436,0.008345411011303478,0.014839237872682738,-48.829664721587974,7.581081827839933,-48.42160914166722,-42.23996106790552,1.0,1.0,0.0,0.0,0,0,6.897932052612305,7.561108469963074,0.015807339921593666,0.017491639126092196,0.021020361222326756,0.0237239439971745,0.0007798008005456254,0.00279754607596281,0.021333064734062025,-62.16032645485953,-59.2722483124973,-51.086912296559476,-45.57790809252502,-37.82944802169244,-33.41893497547935
bayesfl_observability_v1,ola_lr0p005_b64_e2_lam0p001_pinit0p01_fclip10p0,55,ola,global,,,all,all,101770,-5.209440132603049e-05,0.022767819464206696,0.01884055696427822,0.018031795509159565,0.033322364464402204,7.26327461692992,9.935430373320402,0.23884744412972053,3.7906525135040283,9.85946159362793,9.97847604751587,9.995436668395996,9.99819712638855,9.999800682067871,98.76982480466488,10051805.070370745,0.010162670791666734,0.0010314561965657717,0.010000398382544518,0.010043187066912651,0.010287116188555956,0.06959404051303864,0.0019162397809254711,0.0015162766174469891,0.00036387290239654687,0.001811880055594441,0.0027447477187113817,0.0033456748139917432,0.0036571783366145414,-57.30438494624643,8.868415029607977,-54.83741110545679,-49.51032545706438,1.0,1.0,0.0,0.0,0,0,9.959401845932007,9.989445447921753,0.01000913418829441,0.01002114312723279,0.010081694461405277,0.010449236957356334,5.5951289661569355e-09,0.0009147846077489474,0.05374769121986515,-165.04224570974816,-68.78100568858223,-60.77362302152415,-51.22995134101607,-48.73707722664774,-25.392803730228017
bayesfl_observability_v1,ola_lr0p005_b64_e2_lam0p001_pinit0p01_fclip10p0,55,ola,global,,,layers.0.weight,layers.0.weight,100352,-0.0001604220742592588,0.021325301378965378,0.018296537920832634,0.01787412352859974,0.032951568439602855,6.7557015941276575,9.954588405825959,0.06842603883288034,9.098654747009277,9.871066665649414,9.978669166564941,9.995462417602539,9.998227977752686,9.999800682067871,99.09851245219495,9944733.921602668,0.010092918345407622,0.00014339734537460635,0.010000398382544518,0.010042799636721611,0.01026294082403183,0.012079406529664993,0.001838603660096704,0.0011031455772356545,0.0003616803333081199,0.0017960300462407368,0.0027192636136324326,0.0033083051928166135,0.00358770247111605,-57.44886829694703,8.75260864123988,-54.91372803945899,-49.60788866581494,1.0,1.0,0.0,0.0,0,0,9.961034774780273,9.989489555358887,0.010009081196039915,0.010021055117249489,0.010078387334942818,0.010407156217843294,5.5951289661569355e-09,0.0009070570491198365,0.007922203135368802,-165.04224570974816,-68.83350211045011,-60.847307936827754,-51.31097376802617,-48.90367160320017,-42.023080517420226
bayesfl_observability_v1,ola_lr0p005_b64_e2_lam0p001_pinit0p01_fclip10p0,55,ola,global,,,layers.0.bias,layers.0.bias,128,0.004409229848533869,0.0211783554404974,0.017952073365449905,0.016940862871706486,0.03457316532731056,0.24474354371969806,9.90145093947649,0.06241389531275631,9.729822158813477,9.811767864227296,9.906117916107178,9.979891681671143,9.994295263290406,9.998680114746094,98.04262620118797,12549.45615375206,0.010201270793913864,0.00012912157703028027,0.010002641007304192,0.010190442204475403,0.01038736691698432,0.010563070885837078,0.0018142144815532254,0.0012216083981220183,0.00022289726464321007,0.0017223677326933264,0.00273313529495276,0.003478732856129314,0.003836205228852819,-58.42704890763368,10.04451663120661,-55.27763753198308,-49.17255240884971,1.0,1.0,0.0,0.0,0,0,9.856737852096558,9.95229434967041,0.010040338337421417,0.010096098994836211,0.01029280130751431,0.010427547432482243,1.5866982357403655e-05,0.0007216800929135476,0.004612318289200201,-95.99011267569729,-73.10479065101416,-62.83475709491279,-51.26707375962402,-48.32200902569248,-46.72161460470251
bayesfl_observability_v1,ola_lr0p005_b64_e2_lam0p001_pinit0p01_fclip10p0,55,ola,global,,,layers.1.weight,layers.1.weight,1280,0.007888918742537498,0.07368398457765579,0.06144462153315544,0.057410161942243576,0.11325443610548987,2.651264311897104,8.45710531566292,1.3781965901273037,3.7906525135040283,6.416595554351807,8.829585075378418,9.949500560760498,9.987446308135986,9.99935531616211,73.42205616125256,93980.23188640327,0.015559783279604745,0.007268200842727923,0.01000128872692585,0.012826832011342049,0.02428839281201368,0.06959404051303864,0.007987552782263149,0.007040440755721113,0.0012275476062100666,0.006499910561408995,0.010547949942321926,0.0158472296423882,0.021001980760296676,-45.92605528294397,10.236357966937979,-43.74185240049333,-36.00093492173735,1.0,1.0,0.0,0.0,0,0,7.563313841819763,9.634446382522583,0.010101769398897887,0.010773243149742484,0.017481382004916668,0.03011164404451846,1.0339720733078083e-05,0.0031463814888607233,0.05374769121986515,-99.70982297999598,-58.219276388620926,-50.04377519265108,-39.53663881820837,-33.554816485077694,-25.392803730228017
bayesfl_observability_v1,ola_lr0p005_b64_e2_lam0p001_pinit0p01_fclip10p0,55,ola,global,,,layers.1.bias,layers.1.bias,10,0.013482974842190742,0.049733661115169525,0.03624747693538666,0.0288509177044034,0.05235623344779011,0.16294869839246637,7.341286706924438,0.5015797832654952,6.531089782714844,6.7000007152557375,7.27135705947876,8.062919521331787,8.071313333511352,8.079707145690918,54.14607279224613,541.4607279224613,0.018817941006273032,0.002587213437763058,0.015318237245082855,0.018913377076387405,0.022281538136303423,0.023443834856152534,0.0051880991825117235,0.005697120229868246,0.0013829032654684135,0.003826981751088656,0.004606967217070274,0.007852910279928705,0.014733576220986068,-49.44116219241958,8.228031274801298,-48.3430971079529,-42.912822961009766,1.0,1.0,0.0,0.0,0,0,7.028251051902771,7.6826359033584595,0.01538211153820157,0.016942582093179226,0.020247728563845158,0.02286268649622798,0.000440758816370428,0.002576517590877246,0.021614242162043457,-67.11597981780395,-57.60692058656272,-51.871367303882195,-46.76691411870442,-38.1090113511481,-33.30519974128641
bayesfl_observability_v1,ola_lr0p005_b64_e2_lam0p001_pinit0p01_fclip10p0,60,ola,global,,,all,all,101770,-5.8307246945332736e-05,0.022829115390777588,0.018867606297135353,0.018028507009148598,0.03336498029530049,7.282833402848061,9.937243515641374,0.2364018007369271,3.7939505577087402,9.864707088470459,9.979257583618164,9.99553394317627,9.99826717376709,9.999809265136719,98.80469450054818,10055353.759320788,0.010158179017325405,0.0010149668326090494,0.0100003806874156,0.010041614063084126,0.010276177525520326,0.06947309523820877,0.0019185931605855506,0.001522993896795328,0.0003649955907374246,0.0018124793045569037,0.0027457472735250544,0.00335004661034515,0.00366793569153885,-57.30015934930902,8.877365024648494,-54.83453886804541,-49.4989830068047,1.0,1.0,0.0,0.0,0,0,9.960843324661255,9.989646911621094,0.010008938610553741,0.010020739398896694,0.010078775463625789,0.01043102224357426,5.428765329231731e-08,0.0009139828620406739,0.05335255250520604,-145.30581863012807,-68.75424761831356,-60.78123894271526,-51.226788776376246,-48.711565742687284,-25.4568959623376
bayesfl_observability_v1,ola_lr0p005_b64_e2_lam0p001_pinit0p01_fclip10p0,60,ola,global,,,layers.0.weight,layers.0.weight,100352,-0.00016810261877253652,0.021358029916882515,0.018316375091671944,0.017883211374282837,0.03298638127744198,6.766088606155199,9.95627284936645,0.06575331340265309,9.141754150390625,9.876091957092285,9.979445457458496,9.995576858520508,9.998270034790039,9.999809265136719,99.13169254925494,9948063.610702831,0.010089388665749408,0.00013753844375372868,0.0100003806874156,0.010041235480457544,0.010252499766647816,0.011965777724981308,0.0018402767803124443,0.001106015700723288,0.00036218372516429756,0.001795759686890942,0.002719706888753286,0.0033114145214660964,0.003597588185035525,-57.444857506518474,8.755889777252445,-54.91503563919812,-49.59972901831613,1.0,1.0,0.0,0.0,0,0,9.962251663208008,9.989755630493164,0.010008852928876877,0.010020520305261016,0.010075926780700684,0.010390318557620048,5.428765329231731e-08,0.0009072316187024161,0.008075800965099763,-145.30581863012807,-68.8214213508773,-60.8456364348329,-51.309557970971646,-48.87977103208294,-41.85628786190268
bayesfl_observability_v1,ola_lr0p005_b64_e2_lam0p001_pinit0p01_fclip10p0,60,ola,global,,,layers.0.bias,layers.0.bias,128,0.004546208307147026,0.021133363246917725,0.017957624047994614,0.017046761699020863,0.03490653149783611,0.24456645173325092,9.90474945306778,0.060148103998898056,9.738354682922363,9.820148277282716,9.909056186676025,9.980457401275634,9.994691228866577,9.99876594543457,98.10767952246114,12557.782978875026,0.010194389513344504,0.00012429410530703577,0.010002469643950462,0.010184399783611298,0.010369645338505507,0.010544569231569767,0.0018141387933538681,0.001217399336153593,0.00024656947581392025,0.0017318573014129127,0.002730300330453372,0.0035114808282318086,0.0038396715690479487,-58.366164364137994,9.993820826661706,-55.23112658926897,-49.09063955884881,1.0,1.0,0.0,0.0,0,0,9.860966682434082,9.953349113464355,0.010039200633764267,0.010093959281221032,0.010283975629135966,0.010411254782229661,8.82797156433715e-06,0.0007306529451582412,0.004599093763880526,-101.08278050426179,-72.26435606648118,-62.735236599628834,-51.27580153666524,-48.31413378025226,-46.74655472152166
bayesfl_observability_v1,ola_lr0p005_b64_e2_lam0p001_pinit0p01_fclip10p0,60,ola,global,,,layers.1.weight,layers.1.weight,1280,0.007983083836734295,0.07443639636039734,0.062039025127887726,0.057989202439785004,0.11495906263589875,2.678389148192865,8.468100350350142,1.366210646757291,3.7939505577087402,6.425682735443115,8.820056915283203,9.949947357177734,9.98753867149353,9.999391555786133,73.57525507491317,94176.32649588886,0.015484056542481995,0.007149761339298111,0.01000121794641018,0.012854564469307661,0.024219318851828587,0.06947309523820877,0.008044080465450205,0.007074409287710789,0.001237954529475524,0.006609846776789875,0.010602720536466522,0.01609363125016345,0.021301264117019342,-45.90626506615624,10.609752287510872,-43.59617325047512,-35.86691908232751,1.0,1.0,0.0,0.0,0,0,7.597812652587891,9.631619215011597,0.010100861173123121,0.010779568459838629,0.017322989646345377,0.02986597372218966,3.582465351628916e-07,0.0032188562150291993,0.05335255250520604,-128.91633577960818,-58.14590747813892,-49.8459796855825,-39.49165567908101,-33.43189264438089,-25.4568959623376
bayesfl_observability_v1,ola_lr0p005_b64_e2_lam0p001_pinit0p01_fclip10p0,60,ola,global,,,layers.1.bias,layers.1.bias,10,0.013524224981665611,0.04929210990667343,0.03627386316657066,0.03040165826678276,0.054114084690809215,0.16163591440506753,7.4403228759765625,0.4954894756164448,6.647254943847656,6.801307725906372,7.379112243652344,8.146101570129394,8.162321853637696,8.178542137145996,55.6039143192268,556.039143192268,0.018307297583669425,0.0024516628133510847,0.014950240962207317,0.01836503855884075,0.02162178102880716,0.022631604224443436,0.005113773355149348,0.005496095707509128,0.0013283952810170363,0.0038622800135108483,0.004686762217608752,0.007988676262188415,0.014396365366294961,-49.99881617468541,9.399434978559638,-48.26317518711449,-42.65378211792586,1.0,1.0,0.0,0.0,0,0,7.12242317199707,7.782049536705017,0.015069631952792406,0.016512640286237,0.019716390874236822,0.022126692626625297,0.000245688102226705,0.0024044101451528768,0.020804054470401533,-72.19231745062501,-58.3216406173959,-52.512973069367675,-46.601457924567455,-38.14541123675727,-33.63704035558867
