schema_version,run_id,physical_client_id,device_id,virtual_client_id,num_examples,radius_m,distance_m,angle_rad,x_m,y_m,device_group_size,hardware_class,max_compute_flops,battery_level_init,mobility_class,default_channel_gain,default_pathloss_db,default_noise_power,label_entropy,dominant_label,dominant_label_fraction,kl_to_global_label_distribution,label_0,label_1,label_2,label_3,label_4,label_5,label_6,label_7,label_8,label_9
bayesfl_observability_v1,,0,0,0,68,490.4674285348789,490.4674285348789,3.1738995362067826,-490.2114918684042,-15.842717373291887,12,synthetic,,,static,,,,0.07081055490819625,3,0.9866666666666667,2.2089094885596023,0,1,0,74,0,0,0,0,0,0
bayesfl_observability_v1,,1,1,0,101,361.6773230955695,361.6773230955695,0.16298265984422844,356.88426697831545,58.68650632749766,12,synthetic,,,static,,,,0.627941588739906,5,0.6785714285714286,1.7479275202290525,0,0,0,0,0,76,36,0,0,0
bayesfl_observability_v1,,2,2,0,202,274.78340440770967,274.78340440770967,0.5154967449813678,239.07473789649907,135.45917849157058,12,synthetic,,,static,,,,0.49712268887525346,3,0.8616071428571429,1.7870656882385882,0,2,25,193,3,0,0,0,1,0
bayesfl_observability_v1,,3,3,0,54,371.5596383619438,371.5596383619438,3.2459408847982902,-369.5385997359994,-38.70126825848625,12,synthetic,,,static,,,,0.7281071546314151,3,0.7166666666666667,1.532144314993967,0,14,3,43,0,0,0,0,0,0
bayesfl_observability_v1,,4,4,0,47,287.73718396734813,287.73718396734813,2.1582891947425216,-159.48581495588473,239.49313531981835,12,synthetic,,,static,,,,0.5424956280473539,2,0.8461538461538461,1.7617239060772953,0,0,44,0,1,0,0,6,0,1
bayesfl_observability_v1,,5,5,0,35,496.8207433324704,496.8207433324704,3.0785972719696755,-495.83527307714013,31.276716227031685,12,synthetic,,,static,,,,1.5903475561802325,8,0.2894736842105263,0.7061063978321973,0,2,1,9,8,0,0,7,11,0
bayesfl_observability_v1,,6,6,0,230,382.07816949014125,382.07816949014125,1.4575165068128029,43.189238114422636,379.62931566467944,12,synthetic,,,static,,,,1.0431642721063052,3,0.5450980392156862,1.257328427832494,1,0,0,139,12,3,0,10,90,0
bayesfl_observability_v1,,7,7,0,152,252.92910103355504,252.92910103355504,2.5535122755371904,-210.43882057588417,140.31618917385524,12,synthetic,,,static,,,,1.264349492321815,3,0.5,1.032554209297049,27,0,8,84,0,0,7,0,0,42
bayesfl_observability_v1,,8,8,0,56,393.58563227532574,393.58563227532574,4.5190857950638375,-75.60842998453316,-386.2551167930878,12,synthetic,,,static,,,,0.36153947789446483,1,0.9032258064516129,1.8365068925499755,1,56,5,0,0,0,0,0,0,0
bayesfl_observability_v1,,9,9,0,107,128.22560033790126,128.22560033790126,6.03442502546451,124.2786096960932,-31.569475035567393,12,synthetic,,,static,,,,0.20393077072313337,3,0.9576271186440678,2.077417173602598,0,0,3,113,0,0,0,2,0,0
bayesfl_observability_v1,,10,10,0,264,398.6609854138698,398.6609854138698,2.6261177995751868,-346.85847546838255,196.51915755698514,12,synthetic,,,static,,,,0.6208219280032783,0,0.8327645051194539,1.6948761476345018,244,13,0,0,0,26,0,10,0,0
bayesfl_observability_v1,,11,11,0,2,184.56611946256038,184.56611946256038,0.8994710010681625,114.80460394883278,144.51489669103236,12,synthetic,,,static,,,,0.6931471805599453,2,0.5,1.5913406603425941,0,0,1,0,0,0,0,1,0,0
bayesfl_observability_v1,,12,12,1,1408,519.2429168057155,519.2429168057155,5.405584059923019,331.7952483569886,-399.40595866941123,13,synthetic,,,static,,,,1.0327057287701606,7,0.5485933503836317,1.248593947717984,0,0,534,81,0,6,84,858,1,0
bayesfl_observability_v1,,13,13,1,101,272.7225789381613,272.7225789381613,3.8452462972936035,-207.9464244224932,-176.4536472634724,13,synthetic,,,static,,,,0.8381359163365036,8,0.7767857142857143,1.4832506162173797,0,0,2,0,3,2,7,11,87,0
bayesfl_observability_v1,,14,14,1,33,483.78573872989597,483.78573872989597,0.4777667413128442,429.6133383155966,222.44329735858508,13,synthetic,,,static,,,,1.0471745538422783,9,0.5277777777777778,1.2699740071398617,0,0,4,0,12,0,1,0,0,19
bayesfl_observability_v1,,15,15,1,51,519.4134380723592,519.4134380723592,5.784100292641981,456.055834564169,-248.60288697062197,13,synthetic,,,static,,,,0.4639406270393286,9,0.8571428571428571,1.8477013096607757,7,0,1,0,0,0,0,0,0,48
bayesfl_observability_v1,,16,16,1,369,457.77769010845736,457.77769010845736,0.4702079771507635,408.0969446370842,207.40611692742198,13,synthetic,,,static,,,,0.1490487639578261,8,0.9706601466992665,2.177886214364074,0,1,1,0,0,0,0,0,397,10
bayesfl_observability_v1,,17,17,1,132,371.9773416923275,371.9773416923275,3.3227777376170584,-365.88838391036273,-67.02860025357546,13,synthetic,,,static,,,,1.2053659931842142,9,0.5,1.1004903769146668,0,0,0,38,0,0,18,0,17,73
bayesfl_observability_v1,,18,18,1,406,192.73869487670333,192.73869487670333,4.079410567499369,-114.01433996606042,-155.39927536793263,13,synthetic,,,static,,,,0.93387416116756,4,0.7560975609756098,1.3882321409892098,2,33,0,0,341,29,11,0,8,27
bayesfl_observability_v1,,19,19,1,426,532.1810432573344,532.1810432573344,3.5395651471461984,-490.5903754948561,-206.2468091250891,13,synthetic,,,static,,,,0.9753254220848997,8,0.6004228329809725,1.3234545863280318,0,125,0,7,0,57,0,0,284,0
bayesfl_observability_v1,,20,20,1,3,275.16926983776,275.16926983776,4.09262531384759,-159.83008850573623,-223.99212010982552,13,synthetic,,,static,,,,-0.0,9,1.0,2.311121424016332,0,0,0,0,0,0,0,0,0,3
bayesfl_observability_v1,,21,21,1,161,265.51506578129704,265.51506578129704,4.270296457531731,-113.59577383626913,-239.98802120811297,13,synthetic,,,static,,,,1.0524636786770594,5,0.4606741573033708,1.2525934745728768,24,70,0,0,0,82,1,1,0,0
bayesfl_observability_v1,,22,22,1,257,207.4522898639769,207.4522898639769,3.1611263239482317,-207.41271293086288,-4.052046947773453,13,synthetic,,,static,,,,0.4385302006761509,2,0.8982456140350877,1.8631715997773055,0,18,256,4,3,0,4,0,0,0
bayesfl_observability_v1,,23,23,1,306,329.5695305074107,329.5695305074107,2.470793842880754,-258.1601729750991,204.86434665002602,13,synthetic,,,static,,,,1.0359434414661433,3,0.5529411764705883,1.2422106794126557,6,0,0,188,0,0,0,115,23,8
bayesfl_observability_v1,,24,24,1,27,413.5419178369083,413.5419178369083,3.5761099207991176,-375.11285908265756,-174.08980659149032,13,synthetic,,,static,,,,1.3110298871791874,0,0.4666666666666667,1.0210991742953581,14,0,1,0,0,6,0,2,7,0
bayesfl_observability_v1,,25,25,2,59,479.06110685758097,479.06110685758097,1.386012514368108,88.0198280802894,470.9055679946107,12,synthetic,,,static,,,,0.8243222826562666,2,0.6923076923076923,1.4886055708722064,12,0,45,0,0,0,0,0,8,0
bayesfl_observability_v1,,26,26,2,29,294.1450875328441,294.1450875328441,0.13079865118838344,291.6325134413711,38.36417109195839,12,synthetic,,,static,,,,1.0130227035447372,6,0.46875,1.337996707207389,0,0,0,0,0,12,15,0,5,0
bayesfl_observability_v1,,27,27,2,611,34.926743227516376,34.926743227516376,2.424058602647788,-26.31483696378515,22.965337969432714,12,synthetic,,,static,,,,0.08162587036147914,2,0.9852507374631269,2.2275297802473157,0,0,668,9,0,0,0,1,0,0
bayesfl_observability_v1,,28,28,2,974,203.24444994514093,203.24444994514093,3.955662608116106,-139.53644353568464,-147.7764776915311,12,synthetic,,,static,,,,0.5737132467087467,4,0.7393715341959335,1.7750512712888695,0,0,0,0,800,282,0,0,0,0
bayesfl_observability_v1,,29,29,2,338,458.3527672480624,458.3527672480624,2.663154714480116,-406.88670356419453,211.0224388699452,12,synthetic,,,static,,,,1.2090758876194794,0,0.5013333333333333,1.1323626999805705,188,12,0,3,1,127,0,0,19,25
bayesfl_observability_v1,,30,30,2,2,247.4723068152236,247.4723068152236,0.33109398170456106,234.03141279273453,80.44774991685505,12,synthetic,,,static,,,,0.6931471805599453,2,0.5,1.6262933525338354,0,0,1,0,1,0,0,0,0,0
bayesfl_observability_v1,,31,31,2,70,78.31797689682737,78.31797689682737,0.39363799314716413,72.32820388604402,30.038915223936307,12,synthetic,,,static,,,,1.0160542936625165,8,0.6103896103896104,1.3094444340884457,0,2,0,0,0,14,0,14,47,0
bayesfl_observability_v1,,32,32,2,4,510.3839856417879,510.3839856417879,2.064211005845625,-241.73624069788823,449.50573159065436,12,synthetic,,,static,,,,0.5623351446188083,0,0.75,1.7533774711376668,3,0,0,0,0,0,1,0,0,0
bayesfl_observability_v1,,33,33,2,3,463.9432407189378,463.9432407189378,6.272953963304335,463.91895804933904,-4.7466800193240095,12,synthetic,,,static,,,,0.6365141682948128,5,0.6666666666666666,1.7421059981397873,0,0,0,0,0,2,0,0,1,0
bayesfl_observability_v1,,34,34,2,89,518.7689813630911,518.7689813630911,0.8945761526500957,324.67128153162435,404.6106955742914,12,synthetic,,,static,,,,0.9392429968990706,4,0.6836734693877551,1.3654484544000312,12,16,0,0,67,1,2,0,0,0
bayesfl_observability_v1,,35,35,2,12,482.6506453581826,482.6506453581826,4.375125053869003,-159.7121880241896,-455.4598362766975,12,synthetic,,,static,,,,0.8981370031878679,2,0.5384615384615384,1.419319868930796,0,0,7,0,0,1,0,0,0,5
bayesfl_observability_v1,,36,36,2,72,396.0500641632131,396.0500641632131,5.286805998777361,215.1920061248028,-332.4876746943683,12,synthetic,,,static,,,,0.8732300140738931,5,0.55,1.4909129377062735,32,0,3,0,0,44,0,0,1,0
bayesfl_observability_v1,,37,37,3,84,442.6325033379362,442.6325033379362,2.7426773211159468,-407.8782569312811,171.92690462492465,13,synthetic,,,static,,,,0.7306975233730556,4,0.8172043010752689,1.5908098077517105,0,0,5,2,76,0,0,7,1,2
bayesfl_observability_v1,,38,38,3,257,530.7273757034001,530.7273757034001,3.065508738320726,-529.1919893077995,40.34086976593089,13,synthetic,,,static,,,,1.3397067534967495,8,0.47017543859649125,0.9396094349232524,0,68,2,46,6,0,0,29,134,0
bayesfl_observability_v1,,39,39,3,138,197.35125607760176,197.35125607760176,5.345133981472537,116.70575166623925,-159.1454862804008,13,synthetic,,,static,,,,0.778571268152444,9,0.7320261437908496,1.5315510853062817,0,0,2,10,0,0,29,0,0,112
bayesfl_observability_v1,,40,40,3,3,326.4062597996715,326.4062597996715,6.2699677170919434,326.37774786292766,-4.3141785236437284,13,synthetic,,,static,,,,0.6365141682948128,6,0.6666666666666666,1.636379152337986,0,1,0,0,0,0,2,0,0,0
bayesfl_observability_v1,,41,41,3,4,462.8203939719845,462.8203939719845,5.9117206090117875,431.2545103599872,-167.99483435674637,13,synthetic,,,static,,,,0.5623351446188083,0,0.75,1.756608808640784,3,0,0,0,1,0,0,0,0,0
bayesfl_observability_v1,,42,42,3,53,163.3278020724751,163.3278020724751,0.3638514758956482,152.63523879387105,58.12447684206333,13,synthetic,,,static,,,,1.7308356523576378,5,0.27586206896551724,0.5888361420235744,12,9,0,5,1,16,3,0,12,0
bayesfl_observability_v1,,43,43,3,1,271.3032554689295,271.3032554689295,3.857893913135462,-204.62762462879027,-178.13756388481943,13,synthetic,,,static,,,,-0.0,6,1.0,2.3163460082440825,0,0,0,0,0,0,1,0,0,0
bayesfl_observability_v1,,44,44,3,92,394.5404658477517,394.5404658477517,5.255650337272892,203.9500186357755,-337.7374262497832,13,synthetic,,,static,,,,0.18749585469877714,9,0.9607843137254902,2.1238639523778082,0,0,0,1,3,0,0,0,0,98
bayesfl_observability_v1,,45,45,3,2,399.2941957890928,399.2941957890928,2.7886529801411424,-374.6819602405036,138.0191416477875,13,synthetic,,,static,,,,0.6931471805599453,0,0.5,1.619408415869196,1,0,1,0,0,0,0,0,0,0
bayesfl_observability_v1,,46,46,3,44,342.6954868921892,342.6954868921892,0.15499575149570433,338.5873173593828,52.903924803848106,13,synthetic,,,static,,,,0.7751254239840702,0,0.7708333333333334,1.531153988824562,37,1,0,0,0,1,0,7,0,2
bayesfl_observability_v1,,47,47,3,19,249.32788320523036,249.32788320523036,1.6398080213030586,-17.19288494239354,248.7343925776221,13,synthetic,,,static,,,,0.6680178186607534,3,0.7619047619047619,1.6176422038869243,0,1,0,16,4,0,0,0,0,0
bayesfl_observability_v1,,48,48,3,301,345.16871175329607,345.16871175329607,6.175871470061512,343.1830921753757,-36.9703234821876,13,synthetic,,,static,,,,1.0064987190769517,7,0.6676646706586826,1.2541394113670787,0,36,1,27,0,0,0,223,0,47
bayesfl_observability_v1,,49,49,3,150,260.99446532853915,260.99446532853915,5.832425601480739,234.92539770103787,-113.70210396971207,13,synthetic,,,static,,,,0.920597656574196,9,0.6024096385542169,1.3497719675351394,2,51,0,13,0,0,0,0,0,100
bayesfl_observability_v1,,50,50,4,13,512.4147341853131,512.4147341853131,4.810290372805616,50.08601665290906,-509.9610286541999,12,synthetic,,,static,,,,0.8953326659680909,1,0.7142857142857143,1.3255516450199865,0,10,0,1,1,0,0,0,0,2
bayesfl_observability_v1,,51,51,4,24,439.42159618694393,439.42159618694393,2.8685338169985437,-423.1412462032494,118.5024259542508,12,synthetic,,,static,,,,1.1023452738842328,2,0.4230769230769231,1.226539569881583,0,0,11,0,11,3,0,0,0,1
bayesfl_observability_v1,,52,52,4,24,464.7900413267482,464.7900413267482,5.277562652447477,248.9241115721193,-392.5131452506418,12,synthetic,,,static,,,,1.0880102622771117,9,0.38461538461538464,1.1812023456676566,0,9,0,0,0,0,7,0,0,10
bayesfl_observability_v1,,53,53,4,385,385.15233525000343,385.15233525000343,4.982057395930648,102.60914639103636,-371.23265538666436,12,synthetic,,,static,,,,0.6199400754114299,3,0.7517564402810304,1.6563453455408537,0,0,2,321,1,0,2,101,0,0
bayesfl_observability_v1,,54,54,4,3,530.5746885236875,530.5746885236875,4.131226103072369,-291.2835246741672,-443.4674828613726,12,synthetic,,,static,,,,-0.0,6,1.0,2.3163460082440825,0,0,0,0,0,0,3,0,0,0
bayesfl_observability_v1,,55,55,4,63,321.6262409200987,321.6262409200987,5.9827083364166365,307.21591419637815,-95.19359701617016,12,synthetic,,,static,,,,1.1559825345480084,6,0.5507246376811594,1.158099049240569,3,0,21,2,1,0,38,0,4,0
bayesfl_observability_v1,,56,56,4,2,336.876853931421,336.876853931421,4.436417616942673,-91.79276887316826,-324.1297615112335,12,synthetic,,,static,,,,-0.0,5,1.0,2.4040642619438994,0,0,0,0,0,2,0,0,0,0
bayesfl_observability_v1,,57,57,4,213,424.82959356888534,424.82959356888534,3.414469970958966,-409.1106593954339,-114.4930213634768,12,synthetic,,,static,,,,0.995433157814133,3,0.6440677966101694,1.2955429990385827,60,3,2,152,0,6,1,12,0,0
bayesfl_observability_v1,,58,58,4,463,433.65932740555445,433.65932740555445,3.31733339148548,-426.9798029983225,-75.81991873743726,12,synthetic,,,static,,,,0.8886543877137418,1,0.6284046692607004,1.3317328076251618,0,323,0,151,5,0,0,34,0,1
bayesfl_observability_v1,,59,59,4,144,187.1992605708094,187.1992605708094,5.578669761177742,142.6318724178726,-121.24236936331091,12,synthetic,,,static,,,,0.47213773126456937,2,0.8742138364779874,1.8460163725247734,5,0,139,0,0,14,1,0,0,0
bayesfl_observability_v1,,60,60,4,6,479.70175592926756,479.70175592926756,3.1488090120682655,-479.6892655499998,-3.461669788467922,12,synthetic,,,static,,,,0.6365141682948128,9,0.6666666666666666,1.6573554390074312,0,0,0,0,0,0,0,2,0,4
bayesfl_observability_v1,,61,61,4,198,443.8143499745043,443.8143499745043,5.185910990858567,202.38980997883138,-394.9804325027055,12,synthetic,,,static,,,,0.38144262903567916,9,0.9041095890410958,1.9227600406973597,0,12,9,0,0,0,0,0,0,198
bayesfl_observability_v1,,62,62,5,230,430.1302587074913,430.1302587074913,2.9627211075483966,-423.2675704141931,76.52844759590701,13,synthetic,,,static,,,,0.7398855854147172,1,0.5843137254901961,1.5046979575000918,0,149,2,1,0,0,0,0,103,0
bayesfl_observability_v1,,63,63,5,8,375.9112689849976,375.9112689849976,0.7999934120921338,261.9016797253534,269.6605130658726,13,synthetic,,,static,,,,-0.0,4,1.0,2.3292713582565514,0,0,0,0,8,0,0,0,0,0
bayesfl_observability_v1,,64,64,5,14,436.81436912462726,436.81436912462726,1.9310790567759586,-153.99402455795706,408.76965821130784,13,synthetic,,,static,,,,0.8033149761408755,7,0.6666666666666666,1.498435876843149,0,0,0,0,0,4,1,10,0,0
bayesfl_observability_v1,,65,65,5,234,444.05687184584593,444.05687184584593,3.341585876187733,-435.20589665252334,-88.21753200124787,13,synthetic,,,static,,,,1.3610773181129292,9,0.4517374517374517,0.9648383655468464,37,0,3,5,0,29,0,0,68,117
bayesfl_observability_v1,,66,66,5,62,521.1253930592115,521.1253930592115,1.979567985571703,-207.1382189600275,478.1897463739529,13,synthetic,,,static,,,,0.9660110351731741,5,0.7205882352941176,1.4090820076417192,0,1,0,7,0,49,3,0,7,1
bayesfl_observability_v1,,67,67,5,16,520.7471560224626,520.7471560224626,1.9104971155417736,-173.5155532125563,490.98875068459927,13,synthetic,,,static,,,,-0.0,9,1.0,2.311121424016332,0,0,0,0,0,0,0,0,0,17
bayesfl_observability_v1,,68,68,5,63,454.70173775484653,454.70173775484653,6.209823751991205,453.47870274187466,-33.327713345258005,13,synthetic,,,static,,,,1.4664510448986239,9,0.37681159420289856,0.8489783962099641,12,0,0,0,2,0,18,1,10,26
bayesfl_observability_v1,,69,69,5,1,503.3134101777154,503.3134101777154,0.597063216187032,416.2353011658439,282.97095774672783,13,synthetic,,,static,,,,-0.0,7,1.0,2.259365973874069,0,0,0,0,0,0,0,1,0,0
bayesfl_observability_v1,,70,70,5,44,312.8278346471957,312.8278346471957,6.254261365008327,312.6969887575348,-9.04695263739987,13,synthetic,,,static,,,,0.9231677754626141,1,0.4791666666666667,1.3278616130171497,2,23,22,0,1,0,0,0,0,0
bayesfl_observability_v1,,71,71,5,2,368.0283492417785,368.0283492417785,0.6968815853170758,282.22158387167974,236.2114380011877,13,synthetic,,,static,,,,-0.0,5,1.0,2.4040642619438994,0,0,0,0,0,2,0,0,0,0
bayesfl_observability_v1,,72,72,5,243,120.93847648909959,120.93847648909959,2.7047799311386003,-109.58291623139579,51.16345928225911,13,synthetic,,,static,,,,0.5850114854903742,8,0.7592592592592593,1.7313068426386855,0,0,0,63,0,0,0,2,205,0
bayesfl_observability_v1,,73,73,5,163,433.18462453670395,433.18462453670395,0.9332705617839532,257.8354053936389,348.09455994097794,13,synthetic,,,static,,,,0.5806591790624623,3,0.8453038674033149,1.7081390410628632,2,0,0,153,19,4,0,3,0,0
bayesfl_observability_v1,,74,74,5,70,448.8275593995928,448.8275593995928,0.8340559361124446,301.5570105020369,332.4297632488244,13,synthetic,,,static,,,,1.1534898214385076,0,0.33766233766233766,1.1546999842430363,26,0,1,25,0,0,0,0,25,0
bayesfl_observability_v1,,75,75,6,1255,485.0116432459541,485.0116432459541,3.4413935150410224,-463.3778539318803,-143.2384674925895,12,synthetic,,,static,,,,1.2609117925786006,6,0.6255380200860832,1.0481333848545875,38,3,25,133,170,0,872,122,2,29
bayesfl_observability_v1,,76,76,6,933,387.9205314772656,387.9205314772656,5.339625383666714,227.67422531893538,-314.08085880395015,12,synthetic,,,static,,,,0.0076666405810588475,0,0.999034749034749,2.3077806594899846,1035,0,0,0,0,0,0,1,0,0
bayesfl_observability_v1,,77,77,6,103,482.20293006246277,482.20293006246277,1.0688092845431048,232.02080491725235,422.7126823817505,12,synthetic,,,static,,,,0.560246206790157,0,0.8333333333333334,1.7468416333340404,95,7,0,0,0,0,0,0,0,12
bayesfl_observability_v1,,78,78,6,10,81.32713332086043,81.32713332086043,4.78352099908292,5.780085977277225,-81.12147200516205,12,synthetic,,,static,,,,0.6554817739013927,5,0.6363636363636364,1.6692820093029912,0,4,0,0,0,7,0,0,0,0
bayesfl_observability_v1,,79,79,6,34,219.91129097851376,219.91129097851376,4.559978394090928,-33.387199165709035,-217.36207312156787,12,synthetic,,,static,,,,-0.0,1,1.0,2.185987945410232,0,37,0,0,0,0,0,0,0,0
bayesfl_observability_v1,,80,80,6,127,473.32247054734864,473.32247054734864,4.706451518668536,-2.8103175359700825,-473.3141274464483,12,synthetic,,,static,,,,0.7755044244857179,8,0.8085106382978723,1.553098974403993,0,3,4,0,1,10,1,0,114,8
bayesfl_observability_v1,,81,81,6,44,493.3182778151673,493.3182778151673,1.396117985534601,85.73446561002073,485.8112026632226,12,synthetic,,,static,,,,1.526223874005866,3,0.4583333333333333,0.7872639671545474,0,0,6,22,6,7,5,0,0,2
bayesfl_observability_v1,,82,82,6,2,522.2747400291731,522.2747400291731,2.145992916681383,-284.11733160727863,438.2330954559457,12,synthetic,,,static,,,,-0.0,0,1.0,2.3155014849272724,2,0,0,0,0,0,0,0,0,0
bayesfl_observability_v1,,83,83,6,165,530.5836903660695,530.5836903660695,2.0093833430662467,-225.31801000931245,480.36532644219903,12,synthetic,,,static,,,,0.7163703465940834,1,0.6830601092896175,1.5113752911057265,54,125,0,0,3,1,0,0,0,0
bayesfl_observability_v1,,84,84,6,274,495.0572154735567,495.0572154735567,5.696552780601844,412.28834968338754,-274.04372517498064,12,synthetic,,,static,,,,1.133714687294696,1,0.3782894736842105,1.1323684819948365,72,115,0,0,0,0,113,4,0,0
bayesfl_observability_v1,,85,85,6,91,101.05014002889084,101.05014002889084,5.146080158971667,42.46360409215519,-91.69500055817191,12,synthetic,,,static,,,,0.7052992177089794,9,0.801980198019802,1.615535625363525,4,0,0,0,7,9,0,0,0,81
bayesfl_observability_v1,,86,86,6,7,416.53476519919326,416.53476519919326,2.7163714976901447,-379.4413128106612,171.829859896553,12,synthetic,,,static,,,,0.410116318288409,0,0.8571428571428571,1.9071323795658244,6,0,0,0,0,0,0,0,1,0
bayesfl_observability_v1,,87,87,7,39,374.83550460292463,374.83550460292463,2.295494594932251,-248.48204181092132,280.6391462508477,13,synthetic,,,static,,,,0.4377023180952629,4,0.8837209302325582,1.8840029267722176,0,2,0,0,38,0,3,0,0,0
bayesfl_observability_v1,,88,88,7,205,497.7510695876567,497.7510695876567,3.365019667719345,-485.37889141290333,-110.28807300174057,13,synthetic,,,static,,,,0.7902076087663292,8,0.6784140969162996,1.5291533326690006,3,4,64,0,0,0,0,2,154,0
bayesfl_observability_v1,,89,89,7,52,546.5384330237597,546.5384330237597,4.125130843665766,-302.82634766008624,-454.97303429425267,13,synthetic,,,static,,,,0.8769609959156035,8,0.631578947368421,1.4396900839655709,17,3,0,0,1,0,0,0,36,0
bayesfl_observability_v1,,90,90,7,127,476.2277436151597,476.2277436151597,1.5523475188887363,8.785335781113023,476.14670183043313,13,synthetic,,,static,,,,0.33259851747627467,7,0.9078014184397163,1.931410578800812,0,0,12,0,0,0,0,128,0,1
bayesfl_observability_v1,,91,91,7,21,464.40227318498495,464.40227318498495,0.9928567282267872,253.70264879651884,388.9787106423841,13,synthetic,,,static,,,,0.38721237518636065,6,0.8695652173913043,1.9290234778424857,3,0,0,0,0,0,20,0,0,0
bayesfl_observability_v1,,92,92,7,263,534.980056763498,534.980056763498,2.0325682341798506,-238.3524098064914,478.94862968184174,13,synthetic,,,static,,,,1.1235252994155807,2,0.5821917808219178,1.1782721753134522,9,0,170,2,0,0,0,62,46,3
bayesfl_observability_v1,,93,93,7,103,520.4425354053219,520.4425354053219,6.110323892359406,512.6861887036129,-89.51706301975709,13,synthetic,,,static,,,,1.1983912561963983,6,0.5526315789473685,1.1190743533532796,11,0,26,0,0,2,63,0,12,0
bayesfl_observability_v1,,94,94,7,163,413.0009631664054,413.0009631664054,0.6443426491629795,330.1921193745155,248.0785357086426,13,synthetic,,,static,,,,1.3759749478332663,9,0.4198895027624309,0.9081964456095792,0,33,0,42,27,0,2,0,1,76
bayesfl_observability_v1,,95,95,7,23,462.4736593564874,462.4736593564874,3.3191875175531025,-455.1996133817868,-81.70188232624892,13,synthetic,,,static,,,,0.8945510979978213,4,0.56,1.3821042036330575,0,9,0,0,14,0,2,0,0,0
bayesfl_observability_v1,,96,96,7,406,404.9133581657208,404.9133581657208,2.996326169706289,-400.64855389556936,58.61368340609857,13,synthetic,,,static,,,,0.976478358472114,8,0.6585365853658537,1.3250720199394128,20,77,0,0,0,0,57,0,297,0
bayesfl_observability_v1,,97,97,7,4,474.5577579749368,474.5577579749368,3.957671339207772,-325.1114560405546,-345.69872259727725,13,synthetic,,,static,,,,0.6931471805599453,1,0.5,1.5580197962672118,0,2,0,0,0,0,2,0,0,0
bayesfl_observability_v1,,98,98,7,780,549.8039070437338,549.8039070437338,0.663157723523529,433.2742019468522,338.4638860024405,13,synthetic,,,static,,,,1.14643460798294,7,0.5554272517321016,1.1350968930507688,0,0,11,146,193,0,35,481,0,0
bayesfl_observability_v1,,99,99,7,18,421.4606558707937,421.4606558707937,5.53959021131973,310.21175870591,-285.3029078148799,13,synthetic,,,static,,,,0.6128694524619496,3,0.8,1.681828938853387,0,1,0,16,0,3,0,0,0,0
bayesfl_observability_v1,,100,100,8,10,300.18614970373824,300.18614970373824,3.7006468336014144,-254.48495128875413,-159.21411382636776,12,synthetic,,,static,,,,0.6001660731596457,2,0.8181818181818182,1.7117035045711888,0,0,9,0,0,0,1,0,1,0
bayesfl_observability_v1,,101,101,8,1047,152.34664836523982,152.34664836523982,2.7093013664620176,-138.332005009729,63.825995159576955,12,synthetic,,,static,,,,1.3655297072495858,7,0.36715391229578676,0.9316261638098886,53,0,0,0,51,0,3,427,282,347
bayesfl_observability_v1,,102,102,8,8,275.3879835647775,275.3879835647775,3.1964630367488636,-274.973524149035,-15.103062899102556,12,synthetic,,,static,,,,1.0735428464085233,5,0.625,1.2939773289156493,0,0,0,1,0,5,0,0,1,1
bayesfl_observability_v1,,103,103,8,34,201.28823144984364,201.28823144984364,6.136110008091885,199.1151056366925,-29.49791225654124,12,synthetic,,,static,,,,0.95557352218981,1,0.5405405405405406,1.2692229080072153,0,20,0,0,0,0,0,14,2,1
bayesfl_observability_v1,,104,104,8,14,429.36715569146986,429.36715569146986,0.1770332118014059,422.6563638888208,75.61582143218193,12,synthetic,,,static,,,,1.3095258353040693,6,0.4,0.9903230688691502,0,2,0,0,0,0,6,0,3,4
bayesfl_observability_v1,,105,105,8,413,481.7202222938435,481.7202222938435,1.2261557081869083,162.75324783489265,453.3935959914123,12,synthetic,,,static,,,,1.5226552204244723,1,0.3951965065502183,0.7426563375743231,54,181,77,0,0,0,41,6,99,0
bayesfl_observability_v1,,106,106,8,699,492.88205255459764,492.88205255459764,3.08096390636755,-491.9764509981277,29.86451730264532,12,synthetic,,,static,,,,0.8165958843333622,8,0.720360824742268,1.4987922765808088,0,1,0,0,0,0,89,122,559,5
bayesfl_observability_v1,,107,107,8,2,122.44727650103779,122.44727650103779,3.641393496418491,-107.46928386971122,-58.68294937247983,12,synthetic,,,static,,,,-0.0,9,1.0,2.311121424016332,0,0,0,0,0,0,0,0,0,2
bayesfl_observability_v1,,108,108,8,1,423.2285017459682,423.2285017459682,3.4718177386646465,-400.3612043746906,-137.23436421605268,12,synthetic,,,static,,,,-0.0,6,1.0,2.3163460082440825,0,0,0,0,0,0,1,0,0,0
bayesfl_observability_v1,,109,109,8,28,452.16527865496397,452.16527865496397,3.008083198190912,-448.14138895772635,60.18915786220155,12,synthetic,,,static,,,,0.8583093118876355,6,0.6451612903225806,1.4436829998723784,0,3,8,0,0,0,20,0,0,0
bayesfl_observability_v1,,110,110,8,58,504.0063693721851,504.0063693721851,4.342182494439445,-182.3535046103153,-469.8612771064106,12,synthetic,,,static,,,,0.08048483706800685,1,0.984375,2.1077419116679486,0,63,0,0,1,0,0,0,0,0
bayesfl_observability_v1,,111,111,8,104,362.4127345771058,362.4127345771058,5.84665032519695,328.426435487481,-153.228804918146,12,synthetic,,,static,,,,1.3179184853439518,5,0.3130434782608696,1.015282595513532,0,0,0,34,12,36,0,0,0,33
bayesfl_observability_v1,,112,112,9,53,479.9929787701995,479.9929787701995,1.7280492386568027,-75.16959252514964,474.070450490528,13,synthetic,,,static,,,,0.7684671875616165,4,0.6379310344827587,1.5586349016673413,0,0,0,2,37,0,0,0,19,0
bayesfl_observability_v1,,113,113,9,2,287.15494180515213,287.15494180515213,4.851663897418012,39.86431043125373,-284.374396451159,13,synthetic,,,static,,,,-0.0,8,1.0,2.3277319754160017,0,0,0,0,0,0,0,0,2,0
bayesfl_observability_v1,,114,114,9,112,503.7964908652484,503.7964908652484,1.3168164609715463,126.5829647765431,487.6347580274798,13,synthetic,,,static,,,,0.17604524709725128,2,0.967741935483871,2.1334990783975436,1,0,120,0,0,0,0,1,2,0
bayesfl_observability_v1,,115,115,9,475,77.82051198709341,77.82051198709341,1.7417962608890467,-13.242544085005745,76.68550783616178,13,synthetic,,,static,,,,0.6676113069747761,4,0.7419354838709677,1.6615326749486288,0,0,9,0,391,4,0,0,123,0
bayesfl_observability_v1,,116,116,9,205,498.74908300085406,498.74908300085406,3.154226262822562,-498.7092813379172,-6.300833406057295,13,synthetic,,,static,,,,0.9545659472413177,3,0.5242290748898678,1.3413563853720292,0,0,0,119,0,0,26,0,0,82
bayesfl_observability_v1,,117,117,9,8,451.05544720842494,451.05544720842494,0.03391461562941973,450.79606982341335,15.294439779098186,13,synthetic,,,static,,,,0.5623351446188083,2,0.75,1.7518051301834499,0,0,6,0,0,0,0,0,2,0
bayesfl_observability_v1,,118,118,9,17,336.1605785701321,336.1605785701321,0.418716155316603,307.1202338805395,136.67880788830678,13,synthetic,,,static,,,,0.8277381569989198,0,0.6111111111111112,1.4618562942707825,11,1,0,0,0,0,0,6,0,0
bayesfl_observability_v1,,119,119,9,843,462.198729846986,462.198729846986,1.4919467448214077,36.40642457525218,460.76267006107776,13,synthetic,,,static,,,,0.9765459908687751,4,0.5566239316239316,1.371331098617695,0,45,0,0,521,329,0,0,0,41
bayesfl_observability_v1,,120,120,9,855,544.4364868465909,544.4364868465909,3.7184881313655316,-456.3248687956006,-296.9489894384827,13,synthetic,,,static,,,,1.0262410776633744,4,0.6126315789473684,1.2672530622969025,0,259,6,23,582,68,0,10,0,2
bayesfl_observability_v1,,121,121,9,200,487.8337625290491,487.8337625290491,3.0015903687615895,-483.0606396105649,68.07494636267154,13,synthetic,,,static,,,,0.3200447217843331,4,0.9234234234234234,2.005272317401729,0,0,0,0,205,0,0,11,0,6
bayesfl_observability_v1,,122,122,9,9,159.02447353412242,159.02447353412242,0.8523758390877691,104.669330193778,119.72098604501501,13,synthetic,,,static,,,,0.9649629230074277,4,0.4444444444444444,1.3560707552711873,0,0,0,0,4,0,0,0,1,4
bayesfl_observability_v1,,123,123,9,342,405.92180494791853,405.92180494791853,4.542610573124623,-68.58615012877665,-400.0855555286755,13,synthetic,,,static,,,,1.498568731965637,7,0.32717678100263853,0.7759416568633053,121,64,0,5,8,0,5,124,0,52
bayesfl_observability_v1,,124,124,9,6,392.72214991524504,392.72214991524504,0.9175607134148717,238.68044181764608,311.86909710291184,13,synthetic,,,static,,,,-0.0,4,1.0,2.3292713582565514,0,0,0,0,6,0,0,0,0,0
bayesfl_observability_v1,,125,125,10,4,383.59433817812254,383.59433817812254,3.8144535232158803,-299.98684533972835,-239.06590912430352,12,synthetic,,,static,,,,0.5623351446188083,5,0.75,1.818115478821869,0,0,1,0,0,3,0,0,0,0
bayesfl_observability_v1,,126,126,10,285,199.29961694974457,199.29961694974457,2.686620278845943,-179.02549831752526,87.57972521352575,12,synthetic,,,static,,,,0.8109234426674724,3,0.6265822784810127,1.4398861295926373,0,106,9,198,0,2,0,0,0,1
bayesfl_observability_v1,,127,127,10,1,489.1945730528673,489.1945730528673,0.2634571744981509,472.31512584201147,127.39604470006924,12,synthetic,,,static,,,,-0.0,8,1.0,2.3277319754160017,0,0,0,0,0,0,0,0,1,0
bayesfl_observability_v1,,128,128,10,63,91.86636830857358,91.86636830857358,1.3107000224737446,23.625606331627584,88.77646282472315,12,synthetic,,,static,,,,0.9152182792868668,7,0.7101449275362319,1.361330606993555,0,0,5,0,0,0,8,49,7,0
bayesfl_observability_v1,,129,129,10,7,317.6141392360155,317.6141392360155,4.626210341821955,-27.337686369547438,-316.4354473610618,12,synthetic,,,static,,,,-0.0,2,1.0,2.3096097079310103,0,0,7,0,0,0,0,0,0,0
bayesfl_observability_v1,,130,130,10,1094,198.17571202154096,198.17571202154096,2.7880453467149926,-185.91863170976515,68.61395789789015,12,synthetic,,,static,,,,0.6052736126066325,9,0.8065843621399177,1.7019556514146783,0,36,191,0,0,0,6,0,2,980
bayesfl_observability_v1,,131,131,10,45,293.33697604589935,293.33697604589935,1.8368383558248853,-77.12262657469877,283.0171054653271,12,synthetic,,,static,,,,0.742378396193409,0,0.7755102040816326,1.5708860200036903,38,0,1,5,5,0,0,0,0,0
bayesfl_observability_v1,,132,132,10,381,511.56884868926454,511.56884868926454,3.352382439468175,-500.24576897071415,-107.03671134782914,12,synthetic,,,static,,,,0.9889320457164062,3,0.624113475177305,1.276983504145674,59,92,0,264,0,0,4,0,4,0
bayesfl_observability_v1,,133,133,10,110,541.9292220429796,541.9292220429796,0.2654367396178076,522.9497891248038,142.16469237624486,12,synthetic,,,static,,,,0.8672080260993454,1,0.7131147540983607,1.3569534273062465,0,87,0,5,21,0,9,0,0,0
bayesfl_observability_v1,,134,134,10,326,280.2588722020636,280.2588722020636,0.7182160235598093,211.02956630482157,184.4222264076962,12,synthetic,,,static,,,,0.4149757414196952,8,0.8756906077348067,1.8961001489773186,0,42,1,1,0,0,1,0,317,0
bayesfl_observability_v1,,135,135,10,2,426.61517554812576,426.61517554812576,0.054865846869908065,425.9732250638536,23.394861330165476,12,synthetic,,,static,,,,-0.0,2,1.0,2.3096097079310103,0,0,2,0,0,0,0,0,0,0
bayesfl_observability_v1,,136,136,10,138,173.8623079109163,173.8623079109163,2.6872336829201764,-156.22268181836043,76.30580448163548,12,synthetic,,,static,,,,0.2813922348789828,2,0.934640522875817,2.0277707902000017,0,0,143,0,0,3,0,7,0,0
bayesfl_observability_v1,,137,137,11,171,523.1949217261263,523.1949217261263,1.643351120041765,-37.92700304996122,521.8184248947671,13,synthetic,,,static,,,,0.6827231249542707,9,0.6368421052631579,1.62788476164325,0,0,68,0,0,0,1,0,0,121
bayesfl_observability_v1,,138,138,11,64,548.5789377522484,548.5789377522484,5.395934516329517,346.4528217787145,-425.3343311172418,13,synthetic,,,static,,,,1.1844657730950183,6,0.43661971830985913,1.1205255670011776,21,1,0,17,0,0,31,1,0,0
bayesfl_observability_v1,,139,139,11,364,199.40749488651014,199.40749488651014,1.2969710379833004,53.92301267332001,191.97827408627919,13,synthetic,,,static,,,,0.8409163134019236,2,0.7128712871287128,1.4643652933933091,0,0,288,85,0,4,0,0,16,11
bayesfl_observability_v1,,140,140,11,4,333.9270631852678,333.9270631852678,6.055941878711427,325.3421761525145,-75.23132289069527,13,synthetic,,,static,,,,0.5623351446188083,2,0.75,1.7521899758935873,0,0,3,0,1,0,0,0,0,0
bayesfl_observability_v1,,141,141,11,30,401.09643414160416,401.09643414160416,2.869583829181718,-386.3493759032103,107.76135309242417,13,synthetic,,,static,,,,1.5190465305721117,7,0.3939393939393939,0.7674065092926465,1,1,2,6,9,0,0,13,0,1
bayesfl_observability_v1,,142,142,11,1305,503.8803379260892,503.8803379260892,1.6155477050607419,-22.541813816297694,503.3758651131193,13,synthetic,,,static,,,,1.0393456977703441,9,0.48378191856452724,1.2528709717652187,0,0,0,0,124,1,44,579,0,701
bayesfl_observability_v1,,143,143,11,59,132.2078149831968,132.2078149831968,1.157911912606807,53.04878535311962,121.0980293612982,13,synthetic,,,static,,,,0.5821360471219024,8,0.8153846153846154,1.7374773776084904,0,3,0,0,0,0,9,0,53,0
bayesfl_observability_v1,,144,144,11,31,376.59812363934867,376.59812363934867,3.41708029421189,-362.39761236497117,-102.44079890769227,13,synthetic,,,static,,,,1.0406143781872677,9,0.5588235294117647,1.27432833756673,0,0,4,1,0,0,0,0,10,19
bayesfl_observability_v1,,145,145,11,20,424.004736604649,424.004736604649,4.095620742328892,-245.24513230631956,-345.8826993985585,13,synthetic,,,static,,,,0.9075352941050092,7,0.6363636363636364,1.3905696415166529,0,0,0,0,0,4,0,14,4,0
bayesfl_observability_v1,,146,146,11,17,359.71447641942336,359.71447641942336,5.149789625973441,152.3701092047724,-325.84943511785565,13,synthetic,,,static,,,,1.1169258998260736,7,0.6111111111111112,1.1648958944353667,1,0,1,0,1,0,4,11,0,0
bayesfl_observability_v1,,147,147,11,14,542.103656327626,542.103656327626,2.540797429767278,-447.17389925985,306.4504495420466,13,synthetic,,,static,,,,0.8918673953172509,7,0.4666666666666667,1.3950007042270034,0,0,1,0,0,0,0,7,0,7
bayesfl_observability_v1,,148,148,11,143,202.1501900631251,202.1501900631251,2.1939680714013625,-117.97760991120475,164.15231616458297,13,synthetic,,,static,,,,0.8043283840341318,3,0.6012658227848101,1.4893525926791222,0,2,0,95,3,0,58,0,0,0
bayesfl_observability_v1,,149,149,11,333,427.0949856881615,427.0949856881615,0.7390916384227064,315.65768286191144,287.69837338820633,13,synthetic,,,static,,,,0.21239478849365837,7,0.9621621621621622,2.0487084209067463,3,0,3,3,0,0,0,356,0,5
bayesfl_observability_v1,,150,150,12,12,402.11438380447424,402.11438380447424,6.145053787971962,398.28424476505637,-55.36820418237047,12,synthetic,,,static,,,,-0.0,1,1.0,2.185987945410232,0,13,0,0,0,0,0,0,0,0
bayesfl_observability_v1,,151,151,12,210,59.71953091395691,59.71953091395691,5.256481255585119,30.913316924633758,-51.09588250828247,12,synthetic,,,static,,,,0.14950144571405588,5,0.9656652360515021,2.251522034186354,8,0,0,0,0,225,0,0,0,0
bayesfl_observability_v1,,152,152,12,227,374.82544744764004,374.82544744764004,4.149431919821053,-200.0403143829824,-316.9826315050734,12,synthetic,,,static,,,,1.1253357822770327,5,0.6626984126984127,1.2504533290609954,5,1,4,0,24,167,0,0,27,24
bayesfl_observability_v1,,153,153,12,1,402.2952646373345,402.2952646373345,1.7881377999209567,-86.74870016292617,392.83093433392656,12,synthetic,,,static,,,,-0.0,7,1.0,2.259365973874069,0,0,0,0,0,0,0,1,0,0
bayesfl_observability_v1,,154,154,12,5,353.31588455617657,353.31588455617657,1.9443289530259302,-128.92734507037167,328.95266220661415,12,synthetic,,,static,,,,0.9502705392332347,8,0.6,1.3902817953906008,1,0,0,0,0,1,0,0,3,0
bayesfl_observability_v1,,155,155,12,7,364.07798553100133,364.07798553100133,4.510246561176719,-73.09542260665661,-356.6648829675642,12,synthetic,,,static,,,,0.410116318288409,2,0.8571428571428571,1.9023021968319642,0,0,6,0,1,0,0,0,0,0
bayesfl_observability_v1,,156,156,12,30,485.52024317733554,485.52024317733554,3.127830335861415,-485.4742647987548,6.681672925816085,12,synthetic,,,static,,,,0.6926879734424749,1,0.5151515151515151,1.5393599710132444,0,17,0,16,0,0,0,0,0,0
bayesfl_observability_v1,,157,157,12,1161,447.5664585179893,447.5664585179893,4.346154033485115,-160.27471928711992,-417.88485154139045,12,synthetic,,,static,,,,0.7423673181497622,2,0.6687354538401862,1.5962776212694494,13,0,862,0,0,394,20,0,0,0
bayesfl_observability_v1,,158,158,12,100,386.08390679380824,386.08390679380824,1.4119042331237421,61.08787662822532,381.22048005612805,12,synthetic,,,static,,,,0.9581847713458628,8,0.5585585585585585,1.3628065184402316,15,0,0,0,0,0,0,0,62,34
bayesfl_observability_v1,,159,159,12,768,185.52299944121046,185.52299944121046,6.2634131232463455,185.4867365107927,-3.6679558665736076,12,synthetic,,,static,,,,0.779620627031505,9,0.753810082063306,1.5226258572565863,14,78,0,0,117,0,1,0,0,643
bayesfl_observability_v1,,160,160,12,379,403.5511747322784,403.5511747322784,1.0645512112886544,195.68065644585968,352.93431587296715,12,synthetic,,,static,,,,1.1782151454192733,0,0.49643705463182897,1.120809894534982,209,45,0,16,0,0,139,12,0,0
bayesfl_observability_v1,,161,161,12,522,402.43485738984157,402.43485738984157,3.492772365656858,-377.87326748531206,-138.43990812751915,12,synthetic,,,static,,,,0.46907990249119813,4,0.8827586206896552,1.8590800092150952,36,0,0,0,512,0,0,0,26,6
bayesfl_observability_v1,,162,162,13,1,426.7719174505846,426.7719174505846,3.382761174901961,-414.4209466147328,-101.92913485062734,13,synthetic,,,static,,,,-0.0,0,1.0,2.3155014849272724,1,0,0,0,0,0,0,0,0,0
bayesfl_observability_v1,,163,163,13,151,176.2690904351675,176.2690904351675,4.414354249060658,-51.760033689540066,-168.49834169895837,13,synthetic,,,static,,,,0.7494436652757661,1,0.592814371257485,1.488660305959026,65,99,0,3,0,0,0,0,0,0
bayesfl_observability_v1,,164,164,13,62,472.83800926553005,472.83800926553005,5.636812277753803,377.45407661917716,-284.7879966742872,13,synthetic,,,static,,,,1.019453344863651,9,0.5882352941176471,1.2659801342180577,0,8,0,0,0,2,0,18,0,40
bayesfl_observability_v1,,165,165,13,36,356.8073637938388,356.8073637938388,5.001853908713208,101.84689947658632,-341.9630154337088,13,synthetic,,,static,,,,0.38131648785332906,0,0.9,1.926685551035581,36,3,0,0,0,1,0,0,0,0
bayesfl_observability_v1,,166,166,13,76,492.81797518905296,492.81797518905296,3.986647168342786,-327.0786113389432,-368.63144015944516,13,synthetic,,,static,,,,1.0982287840542058,4,0.47619047619047616,1.252671424477001,0,0,13,2,40,29,0,0,0,0
bayesfl_observability_v1,,167,167,13,86,291.0058662753708,291.0058662753708,0.48639610896319174,257.2559398827975,136.02865728109452,13,synthetic,,,static,,,,1.7378293573159467,8,0.30526315789473685,0.5580381273299192,16,18,17,0,9,1,4,0,29,1
bayesfl_observability_v1,,168,168,13,207,134.67819380288756,134.67819380288756,3.3771563345695412,-130.9587777309317,-31.432696690366427,13,synthetic,,,static,,,,0.9862272293909359,5,0.5807860262008734,1.3773906685164472,70,6,0,0,0,133,20,0,0,0
bayesfl_observability_v1,,169,169,13,10,277.9408552749002,277.9408552749002,3.043563931738982,-276.60646993438,27.202570124602406,13,synthetic,,,static,,,,0.6001660731596457,0,0.8181818181818182,1.7098339961345228,9,0,0,0,0,0,0,1,0,1
bayesfl_observability_v1,,170,170,13,19,330.7368755542129,330.7368755542129,0.28255189252715196,317.622192651183,92.2118408167718,13,synthetic,,,static,,,,0.5010469137590966,5,0.8571428571428571,1.8905307785475154,0,0,0,0,0,18,0,0,1,2
bayesfl_observability_v1,,171,171,13,648,505.35595564335915,505.35595564335915,1.2725412185698093,148.5002619801994,483.0448365276509,13,synthetic,,,static,,,,0.8947993234419066,8,0.5611111111111111,1.3755222828587679,5,277,0,0,3,0,0,29,404,2
bayesfl_observability_v1,,172,172,13,289,512.2695804846903,512.2695804846903,1.7870059304089094,-109.89669420776637,500.34272223363587,13,synthetic,,,static,,,,1.2787090971089894,6,0.48598130841121495,1.0140274784545764,85,54,0,0,0,2,156,10,0,14
bayesfl_observability_v1,,173,173,13,119,323.5469306973342,323.5469306973342,5.863675063656309,295.4917020555177,-131.78493988312442,13,synthetic,,,static,,,,0.7679964346078391,4,0.6136363636363636,1.5533998077393687,0,0,48,0,81,0,2,1,0,0
bayesfl_observability_v1,,174,174,13,57,178.45550546165217,178.45550546165217,0.7761383914779828,127.3501352859727,125.0132411875567,13,synthetic,,,static,,,,0.7356907463699587,3,0.6984126984126984,1.5546238632023086,0,0,1,44,0,0,0,0,1,17
bayesfl_observability_v1,,175,175,14,34,238.02955642964469,238.02955642964469,4.36514428677167,-81.00342167897097,-223.822508721514,12,synthetic,,,static,,,,0.12425083738963087,5,0.972972972972973,2.2773014559616316,0,0,0,0,0,36,0,0,0,1
bayesfl_observability_v1,,176,176,14,6,489.5050999646001,489.5050999646001,5.930952849271908,459.45186959441367,-168.87635245217442,12,synthetic,,,static,,,,0.8675632284814612,4,0.6666666666666666,1.4502930449152613,0,1,0,0,4,1,0,0,0,0
bayesfl_observability_v1,,177,177,14,173,491.3944810637074,491.3944810637074,0.07563468299589884,489.989614049974,37.13104015547951,12,synthetic,,,static,,,,0.7072416889214992,9,0.7760416666666666,1.6019064244591992,23,0,0,19,0,1,0,0,0,149
bayesfl_observability_v1,,178,178,14,135,512.7351539524458,512.7351539524458,5.953113087456182,485.0571662087784,-166.18328317898823,12,synthetic,,,static,,,,0.4244935576316679,7,0.8926174496644296,1.8415271470075187,0,0,4,1,11,0,0,133,0,0
bayesfl_observability_v1,,179,179,14,2,103.47826926519456,103.47826926519456,3.046349888550348,-103.009288718082,9.84066298147298,12,synthetic,,,static,,,,0.6931471805599453,5,0.5,1.6644456624201702,0,0,0,0,0,1,0,0,0,1
bayesfl_observability_v1,,180,180,14,9,513.8569424337791,513.8569424337791,6.226351452948496,513.0272644861078,-29.188750937531637,12,synthetic,,,static,,,,-0.0,2,1.0,2.3096097079310103,0,0,9,0,0,0,0,0,0,0
bayesfl_observability_v1,,181,181,14,2,117.2094200248818,117.2094200248818,0.9884171798994301,64.46664043869376,97.88820364639109,12,synthetic,,,static,,,,0.6931471805599453,3,0.5,1.6112121538688304,0,0,0,1,0,0,0,0,1,0
bayesfl_observability_v1,,182,182,14,63,483.47287598519335,483.47287598519335,2.5019490810491027,-387.89442876035787,288.58955966921224,12,synthetic,,,static,,,,0.9378390910177137,1,0.6714285714285714,1.2919180902993594,0,47,11,0,2,0,0,0,10,0
bayesfl_observability_v1,,183,183,14,18,145.57423040736145,145.57423040736145,1.8419185953761883,-38.986653649664866,140.25654136580096,12,synthetic,,,static,,,,1.3727655308924485,6,0.5,0.9483462981176023,1,0,5,0,0,2,10,1,1,0
bayesfl_observability_v1,,184,184,14,772,335.0554348937908,335.0554348937908,3.9960109846843737,-220.01660029037004,-252.69515240410692,12,synthetic,,,static,,,,0.5555478088018497,0,0.8483080513418904,1.7571605964604784,727,0,4,75,0,2,49,0,0,0
bayesfl_observability_v1,,185,185,14,2,316.91266672642354,316.91266672642354,2.3900448368657425,-231.54683371648352,216.37860829463784,12,synthetic,,,static,,,,0.6931471805599453,7,0.5,1.592096518385255,0,0,0,0,0,0,0,1,0,1
bayesfl_observability_v1,,186,186,14,2,481.3553947592233,481.3553947592233,1.5623700394087605,4.05599089325066,481.33830618566145,12,synthetic,,,static,,,,-0.0,3,1.0,2.28098669344155,0,0,0,2,0,0,0,0,0,0
bayesfl_observability_v1,,187,187,15,222,471.5017614130201,471.5017614130201,3.6346428597224256,-415.34271916323394,-223.16885233757762,13,synthetic,,,static,,,,0.8255883307346321,5,0.6951219512195121,1.5535715337415847,0,0,0,0,35,171,40,0,0,0
bayesfl_observability_v1,,188,188,15,69,545.5729882159798,545.5729882159798,2.4915145370187335,-434.29602350919293,330.2072825287416,13,synthetic,,,static,,,,0.7873390100049964,9,0.7368421052631579,1.5118297685691615,0,2,0,0,0,0,0,14,4,56
bayesfl_observability_v1,,189,189,15,1,475.29194595271167,475.29194595271167,0.44670535021845836,428.6540529486013,205.32446707164033,13,synthetic,,,static,,,,-0.0,4,1.0,2.3292713582565514,0,0,0,0,1,0,0,0,0,0
bayesfl_observability_v1,,190,190,15,78,538.8510336655534,538.8510336655534,4.547164504193733,-88.62685250755156,-531.5126691782991,13,synthetic,,,static,,,,0.06335477530377637,7,0.9883720930232558,2.1966737571094788,0,0,0,0,0,0,1,85,0,0
bayesfl_observability_v1,,191,191,15,172,444.132030473283,444.132030473283,1.689736634999263,-52.70073742751111,440.99420944828483,13,synthetic,,,static,,,,1.325943075341454,3,0.5235602094240838,0.9746161163341331,0,0,0,100,33,2,15,0,8,33
bayesfl_observability_v1,,192,192,15,5,484.836426855211,484.836426855211,4.739542518360244,13.1634065940232,-484.6576993431228,13,synthetic,,,static,,,,-0.0,8,1.0,2.3277319754160017,0,0,0,0,0,0,0,0,5,0
bayesfl_observability_v1,,193,193,15,49,315.4408952658323,315.4408952658323,4.4252255726357275,-89.34324937908951,-302.52395309544596,13,synthetic,,,static,,,,0.7946603084287958,9,0.6851851851851852,1.5090944792576573,0,0,4,13,0,0,0,0,0,37
bayesfl_observability_v1,,194,194,15,424,372.73179401533986,372.73179401533986,4.160249863749864,-195.50143440204553,-317.3455205554923,13,synthetic,,,static,,,,1.287255851511245,0,0.3354564755838641,1.0138774988279884,158,0,0,38,0,0,0,129,146,0
bayesfl_observability_v1,,195,195,15,25,533.2327766715206,533.2327766715206,1.3882606107027624,96.79440976199957,524.3739470603454,13,synthetic,,,static,,,,1.3119690925702856,2,0.37037037037037035,0.9861324927876863,0,0,10,3,0,0,0,7,7,0
bayesfl_observability_v1,,196,196,15,201,222.54856737415753,222.54856737415753,4.816278063269207,23.078799538838116,-221.3486703193314,13,synthetic,,,static,,,,0.833774860477824,1,0.7533632286995515,1.391112748373465,1,168,0,4,0,30,0,17,0,3
bayesfl_observability_v1,,197,197,15,44,459.71502899947825,459.71502899947825,5.147298840189475,193.69111448941638,-416.9192488430331,13,synthetic,,,static,,,,0.6499878819913241,7,0.6458333333333334,1.583390040135136,0,17,0,0,0,0,0,31,0,0
bayesfl_observability_v1,,198,198,15,1143,456.7195185021447,456.7195185021447,5.266217818611937,240.2105200790236,-388.44771157029083,13,synthetic,,,static,,,,0.36262928713185916,9,0.9212598425196851,1.9482562356482285,23,4,5,7,0,0,61,0,0,1170
bayesfl_observability_v1,,199,199,15,66,328.12115505327296,328.12115505327296,2.8909580760026232,-317.8690849096413,81.38020184419081,13,synthetic,,,static,,,,0.5771077249415074,9,0.7808219178082192,1.7075923616880604,0,15,0,0,0,0,0,1,0,57
bayesfl_observability_v1,,200,200,16,671,315.63184436716875,315.63184436716875,3.6934672579291026,-268.77414854611663,-165.48086974611496,12,synthetic,,,static,,,,1.3048913590493298,5,0.43087248322147653,1.0288700487966953,113,0,0,117,0,321,0,192,0,2
bayesfl_observability_v1,,201,201,16,42,94.3218869478672,94.3218869478672,2.294699255001969,-62.47069549452187,70.66845521048954,12,synthetic,,,static,,,,1.3298452344417466,2,0.41304347826086957,0.9647582614250333,0,5,19,0,0,0,0,3,3,16
bayesfl_observability_v1,,202,202,16,344,322.9654192480836,322.9654192480836,3.1555204714008904,-322.934094674919,-4.4980580899822185,12,synthetic,,,static,,,,0.7151651242351365,7,0.7670157068062827,1.5572907521493602,60,0,3,0,0,0,26,293,0,0
bayesfl_observability_v1,,203,203,16,396,520.0017289324702,520.0017289324702,5.54684421320646,385.2852794305512,-349.22349798786496,12,synthetic,,,static,,,,1.5571176369237727,6,0.38496583143507973,0.7668056340182599,73,28,0,6,0,72,169,1,88,2
bayesfl_observability_v1,,204,204,16,2,240.54352884875206,240.54352884875206,0.3042386112416968,229.49664327763043,72.05886479337887,12,synthetic,,,static,,,,0.6931471805599453,1,0.5,1.5580197962672118,0,1,0,0,0,0,1,0,0,0
bayesfl_observability_v1,,205,205,16,59,374.8131351810234,374.8131351810234,1.2157628836474934,130.29318781385558,351.43786294810565,12,synthetic,,,static,,,,0.5862670279243112,0,0.8,1.7062547875005167,52,11,0,2,0,0,0,0,0,0
bayesfl_observability_v1,,206,206,16,6,27.189961972719313,27.189961972719313,4.222570958325521,-12.791934031475941,-23.992925119965886,12,synthetic,,,static,,,,0.6365141682948128,7,0.6666666666666666,1.6395997169315697,0,0,2,0,0,0,0,4,0,0
bayesfl_observability_v1,,207,207,16,38,337.40646018493874,337.40646018493874,2.0807020583163696,-164.68639687730078,294.48516101512286,12,synthetic,,,static,,,,0.8004620558661684,5,0.7857142857142857,1.5780966386200626,1,2,3,0,0,33,3,0,0,0
bayesfl_observability_v1,,208,208,16,2,184.3760036169153,184.3760036169153,3.1704543509148975,-184.29921656570414,-5.320665655014129,12,synthetic,,,static,,,,-0.0,5,1.0,2.4040642619438994,0,0,0,0,0,2,0,0,0,0
bayesfl_observability_v1,,209,209,16,35,431.28862020778746,431.28862020778746,4.438813501980837,-116.52369038453456,-415.24944732041035,12,synthetic,,,static,,,,0.38937723629048177,4,0.868421052631579,1.9497352935038788,0,0,0,0,33,5,0,0,0,0
bayesfl_observability_v1,,210,210,16,280,515.9071967579426,515.9071967579426,0.9210150647325754,312.13017778709184,410.7736454316866,12,synthetic,,,static,,,,0.29393881488658424,4,0.9228295819935691,2.0344083103604644,0,0,0,0,287,0,22,0,2,0
bayesfl_observability_v1,,211,211,16,4,528.1235984642576,528.1235984642576,1.262339670820833,160.3322486377092,503.1978788723301,12,synthetic,,,static,,,,-0.0,5,1.0,2.4040642619438994,0,0,0,0,0,4,0,0,0,0
bayesfl_observability_v1,,212,212,17,239,204.93282197249428,204.93282197249428,1.8291552855127098,-52.35917211730276,198.13121565467844,13,synthetic,,,static,,,,0.8353546496930009,4,0.6867924528301886,1.4841423980608157,56,0,0,0,182,0,0,26,1,0
bayesfl_observability_v1,,213,213,17,221,462.0587270552541,462.0587270552541,4.37710092807046,-152.03635608274092,-436.3292491651274,13,synthetic,,,static,,,,0.8483302342361435,3,0.7061224489795919,1.4429576609466432,0,3,0,173,0,2,50,0,17,0
bayesfl_observability_v1,,214,214,17,8,452.30287686025963,452.30287686025963,1.267071144019375,135.27336534076957,431.6005202098925,13,synthetic,,,static,,,,0.37677016125643675,5,0.875,2.011909404624669,0,0,0,1,0,7,0,0,0,0
bayesfl_observability_v1,,215,215,17,42,535.4635076978701,535.4635076978701,0.46195059571228464,479.3388091849124,238.65346024161715,13,synthetic,,,static,,,,1.521719365805568,4,0.3695652173913043,0.7932357448939426,0,8,5,0,17,8,0,0,8,0
bayesfl_observability_v1,,216,216,17,118,173.36402250976164,173.36402250976164,3.077097597291967,-173.0035839170855,11.173372481444423,13,synthetic,,,static,,,,1.2644842887837744,8,0.37404580152671757,1.0559689770084641,47,0,22,0,13,0,0,0,49,0
bayesfl_observability_v1,,217,217,17,189,452.7588570783861,452.7588570783861,0.5928028650980628,375.5082409322396,252.9508720184644,13,synthetic,,,static,,,,0.3250829733914482,8,0.9,1.9958124018703602,0,0,0,0,0,0,0,21,189,0
bayesfl_observability_v1,,218,218,17,3,430.25317250087494,430.25317250087494,5.550035310795923,319.70825582336045,-287.93128278367453,13,synthetic,,,static,,,,-0.0,4,1.0,2.3292713582565514,0,0,0,0,3,0,0,0,0,0
bayesfl_observability_v1,,219,219,17,79,510.5548451629031,510.5548451629031,5.273497031688743,271.67883042408033,-432.26943336155495,13,synthetic,,,static,,,,0.8512212851081872,0,0.6091954022988506,1.4493005765096665,53,0,0,28,0,0,0,6,0,0
bayesfl_observability_v1,,220,220,17,369,397.83276820166617,397.83276820166617,3.751909192056509,-326.01068271458803,-228.00865380719404,13,synthetic,,,static,,,,0.4951145579587969,0,0.848780487804878,1.8291712766140646,348,8,0,0,0,53,0,1,0,0
bayesfl_observability_v1,,221,221,17,270,306.3734823435835,306.3734823435835,0.2630900110840357,295.8314722938734,79.67716538490357,13,synthetic,,,static,,,,0.2763321868646684,8,0.9297658862876255,2.0503635880823854,0,0,0,2,0,0,19,0,278,0
bayesfl_observability_v1,,222,222,17,625,344.1128776705216,344.1128776705216,3.4722911826444824,-325.4673826682561,-111.73475465477294,13,synthetic,,,static,,,,0.2960944988460536,2,0.9265129682997119,2.006520240843815,0,44,643,0,0,6,0,0,1,0
bayesfl_observability_v1,,223,223,17,110,389.6884005060269,389.6884005060269,0.1670921152751622,384.2610394831058,64.8112877846804,13,synthetic,,,static,,,,0.8399031444716331,0,0.6229508196721312,1.4694341093795324,76,4,40,0,0,0,2,0,0,0
bayesfl_observability_v1,,224,224,17,90,450.00240059880355,450.00240059880355,5.597281626599864,348.23300618674637,-285.01918171734957,13,synthetic,,,static,,,,0.6694250749067785,2,0.8,1.6387902561312846,0,0,80,11,8,0,0,0,1,0
bayesfl_observability_v1,,225,225,18,3,25.980997426466867,25.980997426466867,2.0346182988489887,-11.62310696502852,23.236084260339208,12,synthetic,,,static,,,,1.0986122886681096,0,0.3333333333333333,1.2032389420923582,1,1,0,0,0,1,0,0,0,0
bayesfl_observability_v1,,226,226,18,194,259.64493770055356,259.64493770055356,4.4476501651609315,-67.9379652508563,-250.59913517627666,12,synthetic,,,static,,,,0.9859708285056665,8,0.5581395348837209,1.3182756176046706,0,30,0,0,0,0,64,1,120,0
bayesfl_observability_v1,,227,227,18,607,140.6061359978593,140.6061359978593,2.427206468007539,-106.22730672537948,92.11864516003615,12,synthetic,,,static,,,,1.1247376207296473,7,0.41543026706231456,1.2027930712885904,109,1,0,0,16,268,0,280,0,0
bayesfl_observability_v1,,228,228,18,56,341.43963612458083,341.43963612458083,3.805897254550807,-268.8310283402461,-210.50155181948654,12,synthetic,,,static,,,,0.42008907680192553,1,0.8870967741935484,1.7809840036757387,0,55,0,0,0,0,5,0,2,0
bayesfl_observability_v1,,229,229,18,381,395.8602888120731,395.8602888120731,2.723119300990756,-361.70165589127373,160.86416749509058,12,synthetic,,,static,,,,1.2645702769066132,7,0.3877068557919622,0.9847598976008598,80,148,0,0,3,0,0,164,28,0
bayesfl_observability_v1,,230,230,18,26,234.91750384106712,234.91750384106712,4.613775043013793,-23.12861093672302,-233.7761770734039,12,synthetic,,,static,,,,0.46922034844159877,8,0.8214285714285714,1.856478418550846,0,0,0,0,0,0,5,0,23,0
bayesfl_observability_v1,,231,231,18,14,197.17137371975178,197.17137371975178,1.5200310733993183,10.005156057275,196.91736202479353,12,synthetic,,,static,,,,0.24493002679463532,3,0.9333333333333333,2.0384139543004163,0,0,0,14,0,0,1,0,0,0
bayesfl_observability_v1,,232,232,18,8,469.61485828552657,469.61485828552657,4.813794021046244,47.53974089738816,-467.2024059847556,12,synthetic,,,static,,,,0.5623351446188083,8,0.75,1.7608662639259458,0,0,2,0,0,0,0,0,6,0
bayesfl_observability_v1,,233,233,18,351,439.21626364831354,439.21626364831354,5.778760420837365,384.51300852856565,-212.27499269931934,12,synthetic,,,static,,,,-0.0,8,1.0,2.3277319754160017,0,0,0,0,0,0,0,0,389,0
bayesfl_observability_v1,,234,234,18,258,33.24794504104462,33.24794504104462,3.538740333852053,-30.660190695763504,-12.859959407079822,12,synthetic,,,static,,,,0.5587441188775659,3,0.8356643356643356,1.7309189483214762,0,0,0,239,36,3,0,0,8,0
bayesfl_observability_v1,,235,235,18,231,463.605168585859,463.605168585859,4.030063670844018,-292.3491502751054,-359.8079024603915,12,synthetic,,,static,,,,0.696711248923874,2,0.8046875,1.5968824956831422,0,30,206,14,2,0,3,1,0,0
bayesfl_observability_v1,,236,236,18,41,432.8639651776865,432.8639651776865,0.5610407148912296,366.50671531007833,230.31291753170635,12,synthetic,,,static,,,,1.0353574001541463,0,0.5777777777777777,1.2518665823368382,26,7,0,11,1,0,0,0,0,0
bayesfl_observability_v1,,237,237,19,36,469.67455714719193,469.67455714719193,4.854893099297161,66.70425763848326,-464.9136819284949,13,synthetic,,,static,,,,1.3898628753106193,6,0.48717948717948717,0.9179151593699346,0,1,5,0,8,0,19,5,1,0
bayesfl_observability_v1,,238,238,19,18,461.53317502431446,461.53317502431446,3.939706840466583,-322.17704934969663,-330.476656543768,13,synthetic,,,static,,,,0.9404479886553264,6,0.7,1.3716040057455146,2,0,2,2,0,0,14,0,0,0
bayesfl_observability_v1,,239,239,19,46,523.5911267759934,523.5911267759934,3.30686170828379,-516.4567404647905,-86.14002128533761,13,synthetic,,,static,,,,0.9560443809671457,6,0.5294117647058824,1.3493424985245688,0,0,0,18,6,0,27,0,0,0
bayesfl_observability_v1,,240,240,19,26,485.5557472749281,485.5557472749281,4.00309377263168,-316.2420316888658,-368.4499438254974,13,synthetic,,,static,,,,0.9684025979068378,5,0.6071428571428571,1.4023380517684862,1,0,0,2,8,17,0,0,0,0
bayesfl_observability_v1,,241,241,19,2,547.0850924910858,547.0850924910858,2.779182278604292,-511.5491763499034,193.95756907559795,13,synthetic,,,static,,,,0.6931471805599453,3,0.5,1.6493782971327793,0,0,0,1,0,1,0,0,0,0
bayesfl_observability_v1,,242,242,19,3,66.67214109584975,66.67214109584975,4.121278865594621,-37.15525876989193,-55.35938171662746,13,synthetic,,,static,,,,0.6365141682948128,3,0.6666666666666666,1.6128062758029642,0,1,0,2,0,0,0,0,0,0
bayesfl_observability_v1,,243,243,19,10,512.3745838194576,512.3745838194576,0.8295792690777347,345.94823330377824,377.9517614963013,13,synthetic,,,static,,,,0.7595473914748635,8,0.7272727272727273,1.555578650820714,0,1,0,0,2,0,0,0,8,0
bayesfl_observability_v1,,244,244,19,1260,507.4517079249348,507.4517079249348,3.4936319454721323,-476.3304514545956,-174.97581802350416,13,synthetic,,,static,,,,1.3323327101463387,0,0.4,1.0014916603766353,560,48,43,263,0,465,21,0,0,0
bayesfl_observability_v1,,245,245,19,166,485.3238413937074,485.3238413937074,4.904374316276556,92.60373449971763,-476.40715714801166,13,synthetic,,,static,,,,0.4534650765650608,3,0.8315217391304348,1.8353971806874023,0,0,0,153,0,0,0,0,31,0
bayesfl_observability_v1,,246,246,19,144,192.7660910115579,192.7660910115579,5.48594460494769,134.68247821095696,-137.9108259232441,13,synthetic,,,static,,,,1.1481123895199365,2,0.5534591194968553,1.1644224577874513,7,10,88,0,46,8,0,0,0,0
bayesfl_observability_v1,,247,247,19,450,485.30777624160794,485.30777624160794,4.015726156723911,-311.40340859334447,-372.22513993149516,13,synthetic,,,static,,,,1.512840026741559,4,0.39,0.8057138470029137,95,13,66,14,195,0,3,0,114,0
bayesfl_observability_v1,,248,248,19,336,496.9107944354552,496.9107944354552,5.646545211386695,399.56484985668635,-295.4120315516599,13,synthetic,,,static,,,,0.7817865195402651,4,0.7211796246648794,1.5221172317857152,0,60,44,0,269,0,0,0,0,0
bayesfl_observability_v1,,249,249,19,148,442.00811601762734,442.00811601762734,3.1223736420174864,-441.9264861717174,8.49443614203981,13,synthetic,,,static,,,,0.8084292285499561,0,0.4878048780487805,1.5072994420910157,80,0,5,0,0,0,79,0,0,0
bayesfl_observability_v1,,250,250,20,178,539.3963132867785,539.3963132867785,0.7089335613432048,409.4323237142643,351.1602982760244,12,synthetic,,,static,,,,1.1913948887090147,3,0.49746192893401014,1.0967669956015758,54,0,7,98,0,0,3,35,0,0
bayesfl_observability_v1,,251,251,20,36,220.58329616686788,220.58329616686788,3.3999804458092657,-213.26063423912728,-56.36392846285042,12,synthetic,,,static,,,,0.7570449135276909,5,0.775,1.610651168463865,0,5,2,0,0,31,2,0,0,0
bayesfl_observability_v1,,252,252,20,369,459.27232267836285,459.27232267836285,1.874998350090816,-137.5667261417181,438.18541992748663,12,synthetic,,,static,,,,1.0683684981935357,1,0.44254278728606355,1.1688247118610566,0,181,0,0,0,11,46,171,0,0
bayesfl_observability_v1,,253,253,20,321,480.68624150525653,480.68624150525653,5.454885620983222,325.0061475527681,-354.16135704697956,12,synthetic,,,static,,,,0.7378925589010543,3,0.7612359550561798,1.546566822838165,0,9,0,271,0,1,63,12,0,0
bayesfl_observability_v1,,254,254,20,32,323.3116816480785,323.3116816480785,2.31607225248344,-219.26177499392278,237.60201496751415,12,synthetic,,,static,,,,0.6429124396658009,7,0.6571428571428571,1.6660643758322098,0,0,0,0,0,12,0,23,0,0
bayesfl_observability_v1,,255,255,20,13,475.86688399091037,475.86688399091037,5.405131307473174,303.91228786889263,-366.1783889875451,12,synthetic,,,static,,,,0.6517565611726531,2,0.6428571428571429,1.6399089560237352,0,0,9,0,0,0,0,5,0,0
bayesfl_observability_v1,,256,256,20,63,527.4188185003038,527.4188185003038,1.6729914705643931,-53.80587102386372,524.6670738207418,12,synthetic,,,static,,,,0.20651944177314374,1,0.9565217391304348,1.98512400603107,1,66,0,0,0,0,2,0,0,0
bayesfl_observability_v1,,257,257,20,1,353.037371327772,353.037371327772,2.349799077257663,-248.0335053067506,251.22652288177952,12,synthetic,,,static,,,,-0.0,5,1.0,2.4040642619438994,0,0,0,0,0,1,0,0,0,0
bayesfl_observability_v1,,258,258,20,50,387.3861590787106,387.3861590787106,4.07938397478496,-229.16611592109788,-312.331438634336,12,synthetic,,,static,,,,-0.0,7,1.0,2.259365973874069,0,0,0,0,0,0,0,55,0,0
bayesfl_observability_v1,,259,259,20,3,241.3915248670327,241.3915248670327,5.365072908894912,146.60210738155956,-191.77510367333124,12,synthetic,,,static,,,,-0.0,7,1.0,2.259365973874069,0,0,0,0,0,0,0,3,0,0
bayesfl_observability_v1,,260,260,20,217,400.62744373318765,400.62744373318765,4.295173276929027,-162.34087676337518,-366.26191230305,12,synthetic,,,static,,,,0.6044081348942495,1,0.7302904564315352,1.6077125747920737,0,176,0,64,0,1,0,0,0,0
bayesfl_observability_v1,,261,261,20,68,90.27863004855585,90.27863004855585,5.688976132692893,74.80410589186947,-50.54282130196129,12,synthetic,,,static,,,,0.19340471446596552,1,0.96,1.997146461251904,0,72,2,1,0,0,0,0,0,0
bayesfl_observability_v1,,262,262,21,160,327.4094485351827,327.4094485351827,4.898695141696435,60.64613385845001,-321.743676609402,13,synthetic,,,static,,,,0.9542672572047401,6,0.6779661016949152,1.3332467097968215,0,30,0,16,0,0,120,11,0,0
bayesfl_observability_v1,,263,263,21,214,406.0448992293342,406.0448992293342,2.4314697304812256,-307.89643466606736,264.71162745539584,13,synthetic,,,static,,,,0.7768433258123565,3,0.6666666666666666,1.5365177254738465,0,9,0,158,0,69,1,0,0,0
bayesfl_observability_v1,,264,264,21,197,84.75662840573435,84.75662840573435,2.8667719852171194,-81.57604092164345,23.000774036064257,13,synthetic,,,static,,,,0.6375936626726958,2,0.7155963302752294,1.698074512420698,0,0,156,0,0,60,2,0,0,0
bayesfl_observability_v1,,265,265,21,52,337.2273981860745,337.2273981860745,3.468085735682727,-319.4126581171754,-108.15670077193383,13,synthetic,,,static,,,,1.03127351150664,1,0.45614035087719296,1.2200074472909117,0,26,0,0,0,10,0,21,0,0
bayesfl_observability_v1,,266,266,21,765,312.8849897895343,312.8849897895343,4.692398110344136,-6.254426567925286,-312.8224719931473,13,synthetic,,,static,,,,0.7641131958245704,3,0.624263839811543,1.5607339077663793,0,0,1,530,0,296,22,0,0,0
bayesfl_observability_v1,,267,267,21,306,150.43278096868144,150.43278096868144,5.4986340060965535,106.46208385280515,-106.28191893115955,13,synthetic,,,static,,,,0.49629795412582844,5,0.8029411764705883,1.8891532045272958,0,0,67,0,0,273,0,0,0,0
bayesfl_observability_v1,,268,268,21,302,385.0821861615506,385.0821861615506,0.7249054437771512,288.25793849552457,255.33439054163756,13,synthetic,,,static,,,,-0.0,3,1.0,2.28098669344155,0,0,0,335,0,0,0,0,0,0
bayesfl_observability_v1,,269,269,21,141,419.8222126178066,419.8222126178066,5.316281132989882,238.39626199910097,-345.56896919741916,13,synthetic,,,static,,,,0.5553872255443504,6,0.7948717948717948,1.7524876572526569,0,2,0,30,0,0,124,0,0,0
bayesfl_observability_v1,,270,270,21,127,327.8335218641916,327.8335218641916,6.2700502866494805,327.8052419145712,-4.305976220191402,13,synthetic,,,static,,,,0.24980042066198757,6,0.9432624113475178,2.0694700517910234,0,0,0,0,0,6,133,2,0,0
bayesfl_observability_v1,,271,271,21,143,361.67468454144,361.67468454144,4.233435798952013,-166.67792301955558,-320.9782662674176,13,synthetic,,,static,,,,1.0368649511366086,5,0.6392405063291139,1.308132397731561,0,23,12,0,0,101,0,22,0,0
bayesfl_observability_v1,,272,272,21,458,473.3454255951759,473.3454255951759,3.100589203174686,-472.9475675467279,19.403357531918637,13,synthetic,,,static,,,,0.692767381715621,6,0.5137795275590551,1.5958737672973724,0,0,0,0,0,0,261,247,0,0
bayesfl_observability_v1,,273,273,21,112,487.6354987850719,487.6354987850719,3.3458412105634263,-477.49934990165866,-98.90778795857882,13,synthetic,,,static,,,,0.04690514858239692,1,0.9919354838709677,2.1408414767998805,0,123,0,0,0,1,0,0,0,0
bayesfl_observability_v1,,274,274,21,41,396.887292097371,396.887292097371,2.7539391343520725,-367.43770635892713,150.03017887770025,13,synthetic,,,static,,,,0.5699626470748532,6,0.8666666666666667,1.739856822479874,0,2,1,0,0,1,39,2,0,0
bayesfl_observability_v1,,275,275,22,84,441.15248065144397,441.15248065144397,1.0731128050036338,210.60237971724217,387.636619583802,12,synthetic,,,static,,,,1.0439788738046754,7,0.5913978494623656,1.2487548086232239,0,0,4,0,0,11,23,55,0,0
bayesfl_observability_v1,,276,276,22,91,336.8020076539627,336.8020076539627,5.5866636930851366,258.35354296436225,-216.0764660889783,12,synthetic,,,static,,,,0.6083265295165262,6,0.7029702970297029,1.6692992620442342,0,30,0,0,0,0,71,0,0,0
bayesfl_observability_v1,,277,277,22,896,499.13702723040376,499.13702723040376,0.1704494029325066,491.90385105388276,84.6662463486149,12,synthetic,,,static,,,,1.0079628307563315,5,0.5798994974874372,1.347582353346925,0,37,297,0,0,577,0,84,0,0
bayesfl_observability_v1,,278,278,22,61,259.0496696070433,259.0496696070433,5.205400833556147,122.60334019803234,-228.19980783472155,12,synthetic,,,static,,,,0.3945326819623348,5,0.8656716417910447,1.9802377464173406,0,9,0,0,0,58,0,0,0,0
bayesfl_observability_v1,,279,279,22,12,412.30022652116133,412.30022652116133,0.04336722844290614,411.91257736165534,17.874714002726975,12,synthetic,,,static,,,,0.6172417697303416,1,0.6923076923076923,1.6358465807671725,0,9,0,0,0,4,0,0,0,0
bayesfl_observability_v1,,280,280,22,64,533.6066337489176,533.6066337489176,2.752592265264449,-493.74015562380583,202.3776131528176,12,synthetic,,,static,,,,0.2899701528409824,6,0.9295774647887324,2.0294816997969796,0,1,0,0,0,4,66,0,0,0
bayesfl_observability_v1,,281,281,22,45,335.4438673309002,335.4438673309002,0.4904535997333814,295.90150677877256,158.00280508890532,12,synthetic,,,static,,,,0.6455309973239547,6,0.6530612244897959,1.625588744222669,0,17,0,0,0,0,32,0,0,0
bayesfl_observability_v1,,282,282,22,46,362.4573302953916,362.4573302953916,3.1915554814179132,-362.0050261501329,-18.101859763687468,12,synthetic,,,static,,,,-0.0,6,1.0,2.3163460082440825,0,0,0,0,0,0,51,0,0,0
bayesfl_observability_v1,,283,283,22,95,414.58382044962013,414.58382044962013,5.510602635687206,296.88778080026356,-289.3741346252244,12,synthetic,,,static,,,,-0.0,6,1.0,2.3163460082440825,0,0,0,0,0,0,105,0,0,0
bayesfl_observability_v1,,284,284,22,252,371.0770482955434,371.0770482955434,3.3719919238913163,-361.27144592485905,-84.74147822108552,12,synthetic,,,static,,,,0.042414731858117456,1,0.9928571428571429,2.1445043425723562,0,278,0,0,0,0,2,0,0,0
bayesfl_observability_v1,,285,285,22,188,503.1449414764846,503.1449414764846,0.6368843465911291,404.50464151167586,299.21702346104195,12,synthetic,,,static,,,,0.030457357557417006,6,0.9951923076923077,2.2852619292307335,0,1,0,0,0,0,207,0,0,0
bayesfl_observability_v1,,286,286,22,12,397.35062926648067,397.35062926648067,1.2691704213794874,118.0421840712176,379.4121312743768,12,synthetic,,,static,,,,-0.0,1,1.0,2.185987945410232,0,13,0,0,0,0,0,0,0,0
bayesfl_observability_v1,,287,287,23,262,272.38909644962644,272.38909644962644,1.0585795296784222,133.5008225302067,237.43072726250523,13,synthetic,,,static,,,,-0.0,6,1.0,2.3163460082440825,0,0,0,0,0,0,291,0,0,0
bayesfl_observability_v1,,288,288,23,1,220.35323721463058,220.35323721463058,3.1894663115402193,-220.1007730647113,-10.545086404753087,13,synthetic,,,static,,,,-0.0,1,1.0,2.185987945410232,0,1,0,0,0,0,0,0,0,0
bayesfl_observability_v1,,289,289,23,111,313.5345872353198,313.5345872353198,1.1242531484348939,135.39999190302868,282.7910528738173,13,synthetic,,,static,,,,0.21838083332586875,1,0.943089430894309,1.975025863627753,0,116,0,0,0,0,7,0,0,0
bayesfl_observability_v1,,290,290,23,47,380.66775623364026,380.66775623364026,3.355100586067569,-372.0241753513398,-80.65949163061805,13,synthetic,,,static,,,,-0.0,1,1.0,2.185987945410232,0,52,0,0,0,0,0,0,0,0
bayesfl_observability_v1,,291,291,23,331,253.723296922642,253.723296922642,1.9391815291334993,-91.36815465722718,236.70101756398972,13,synthetic,,,static,,,,0.6563087339558499,6,0.6348773841961853,1.6124405973952192,0,134,0,0,0,0,233,0,0,0
bayesfl_observability_v1,,292,292,23,70,279.0671500457063,279.0671500457063,2.060423575075183,-131.24443352832463,246.2790549406545,13,synthetic,,,static,,,,0.30463609734923813,6,0.9090909090909091,1.9998591779099486,0,7,0,0,0,0,70,0,0,0
bayesfl_observability_v1,,293,293,23,287,267.517534898283,267.517534898283,3.107535633443526,-267.36240569114705,9.10908892790878,13,synthetic,,,static,,,,-0.0,6,1.0,2.3163460082440825,0,0,0,0,0,0,318,0,0,0
bayesfl_observability_v1,,294,294,23,791,492.7762168519203,492.7762168519203,5.965964465332432,468.18963110624117,-153.71034194058834,13,synthetic,,,static,,,,0.5393589008331952,6,0.7699316628701595,1.7469958446632359,0,202,0,0,0,0,676,0,0,0
bayesfl_observability_v1,,295,295,23,395,251.85000781365778,251.85000781365778,2.946033796276255,-247.04955236468913,48.93817642849196,13,synthetic,,,static,,,,0.3952304836260419,1,0.865296803652968,1.8083171095175168,0,379,0,0,0,0,59,0,0,0
bayesfl_observability_v1,,296,296,23,107,433.47189676235445,433.47189676235445,3.772405701277136,-350.0494666740671,-255.66238707317603,13,synthetic,,,static,,,,-0.0,1,1.0,2.185987945410232,0,118,0,0,0,0,0,0,0,0
bayesfl_observability_v1,,297,297,23,590,356.07457906536206,356.07457906536206,1.523657716816707,16.77864526706661,355.6790448136869,13,synthetic,,,static,,,,-0.0,1,1.0,2.185987945410232,0,655,0,0,0,0,0,0,0,0
bayesfl_observability_v1,,298,298,23,16,258.2292184226586,258.2292184226586,3.0916830175682297,-257.9076643331295,12.88277630819245,13,synthetic,,,static,,,,-0.0,1,1.0,2.185987945410232,0,17,0,0,0,0,0,0,0,0
bayesfl_observability_v1,,299,299,23,48,193.6088990086483,193.6088990086483,5.727270269879843,164.45486669304333,-102.17143728221859,13,synthetic,,,static,,,,-0.0,1,1.0,2.185987945410232,0,53,0,0,0,0,0,0,0,0
