schema_version,run_id,round,method,aggregation_mode,num_results_received,num_failures,total_selected_examples,aggregation_weight_entropy,aggregation_weight_min,aggregation_weight_max,global_before_l2,global_after_l2,aggregation_delta_l2,aggregation_delta_linf,aggregation_delta_cosine,client_update_l2_mean,client_update_l2_std,client_update_l2_min,client_update_l2_max,client_update_cosine_mean,client_update_cosine_std,pairwise_update_cosine_mean,pairwise_update_cosine_std,update_conflict_fraction,fedavg_equivalent_delta_l2,bayes_product_delta_l2,bayes_vs_fedavg_delta_l2,aggregation_energy_before,aggregation_energy_after,aggregation_error_proxy
bayesfl_observability_v1,vi_sparse_random_keep010_seed42,1,vi,product,24,0,2363,1.7112095259625277,0.00042319085907744394,0.3381294964028777,6.786648565740691,7.000994487838395,1.725658138069734,0.022490959614515305,0.9691459812133094,3.872076563877355,0.3153257000435823,3.6621408538550946,4.415230426061808,0.8684511619734334,0.017626605830962483,,,,,1.725658138069734,,,,
bayesfl_observability_v1,vi_sparse_random_keep010_seed42,2,vi,product,24,0,2180,1.7045020586286277,0.0009174311926605505,0.4389908256880734,7.000994487838395,7.264471914150827,1.9321428692986629,0.025587081909179688,0.963980910678397,3.7738568240798385,0.20537518468944063,3.673567829262157,4.408942301935203,0.8802806690116138,0.011143933445027853,,,,,1.9321428692986629,,,,
bayesfl_observability_v1,vi_sparse_random_keep010_seed42,3,vi,product,24,0,2209,1.9545763137175338,0.0009053870529651426,0.35083748302399276,7.264471914150827,7.416984401864676,1.5127465665329796,0.02173294872045517,0.9789799354877408,3.851256031847211,0.2971124673500872,3.674844515109345,4.453931465302748,0.8832430292975268,0.015195423926674004,,,,,1.5127465665329796,,,,
bayesfl_observability_v1,vi_sparse_random_keep010_seed42,4,vi,product,24,0,2335,1.6919175055918885,0.0021413276231263384,0.44839400428265525,7.416984401864676,7.699482823996901,1.996097912293801,0.027164749801158905,0.9658132510434347,3.760582101825131,0.1903707986785631,3.680793021732293,4.420030791291342,0.8920050575098271,0.009237498309414756,,,,,1.996097912293801,,,,
bayesfl_observability_v1,vi_sparse_random_keep010_seed42,5,vi,product,24,0,1743,2.124958864752726,0.0005737234652897303,0.24440619621342513,7.699482823996901,7.867973536017887,1.581721691956814,0.020995900966227055,0.97958499615985,3.8034514297246464,0.2498791744824806,3.6854938423618298,4.455097138101672,0.8964914373735829,0.011716872120842894,,,,,1.581721691956814,,,,
bayesfl_observability_v1,vi_sparse_random_keep010_seed42,6,vi,product,24,0,2411,1.849010354504028,0.0008295313148071339,0.334301119867275,7.867973536017887,8.091293186238461,1.8289135020731004,0.02478499338030815,0.97412075683316,3.8569993919173715,0.30438568083879447,3.6865973575528797,4.484791682653291,0.897966017467666,0.013907237383801481,,,,,1.8289135020731004,,,,
bayesfl_observability_v1,vi_sparse_random_keep010_seed42,7,vi,product,24,0,2366,1.4109014015181776,0.00042265426880811494,0.41335587489433645,8.091293186238461,8.374077988335399,2.0957938124490947,0.029321840032935143,0.9681776287915713,3.904641837086704,0.33821412092274483,3.6897972281086044,4.498580812549349,0.9004783861595475,0.014804694463249831,,,,,2.0957938124490947,,,,
bayesfl_observability_v1,vi_sparse_random_keep010_seed42,8,vi,product,24,0,2075,1.7810933348363378,0.0019277108433734939,0.4130120481927711,8.374077988335399,8.63148654446253,2.0302787728321112,0.029641050845384598,0.9719443059957629,3.8514600217743316,0.2831009823431436,3.6958536579296095,4.485899505922943,0.9085389731295518,0.011922533214353988,,,,,2.0302787728321112,,,,
bayesfl_observability_v1,vi_sparse_random_keep010_seed42,9,vi,product,24,0,1581,1.8773831910452834,0.0018975332068311196,0.2567994939911448,8.63148654446253,8.825471401662314,1.738621207522886,0.022398396860808134,0.9804063167249928,3.8168713806022696,0.2664467438506315,3.7002041963329173,4.508723317631665,0.9145662800909858,0.01062870468638574,,,,,1.738621207522886,,,,
bayesfl_observability_v1,vi_sparse_random_keep010_seed42,10,vi,product,24,0,2556,2.1466275087525,0.000782472613458529,0.18896713615023475,8.825471401662314,8.979577705818857,1.5287286587463056,0.021435330621898174,0.9854051005255723,3.9796777398904952,0.3709141543329406,3.706597538202642,4.527664131418828,0.9115939588533998,0.01438984533066482,,,,,1.5287286587463056,,,,
bayesfl_observability_v1,vi_sparse_random_keep010_seed42,11,vi,product,24,0,3421,1.9726654132494301,0.00029231218941829873,0.38146740719087985,8.979577705818857,9.187641609695973,1.8375867594259607,0.027310746256262064,0.9797976461967248,3.8965188812029266,0.3192050885810585,3.7066708508497537,4.542857186642129,0.9173421607449621,0.012095464838789642,,,,,1.8375867594259607,,,,
bayesfl_observability_v1,vi_sparse_random_keep010_seed42,12,vi,product,24,0,1928,1.9709510218510513,0.0005186721991701245,0.22095435684647302,9.187641609695973,9.366189510329304,1.6941859311650338,0.02325323224067688,0.9835079528423842,3.885725228510784,0.31664642491543915,3.7124322647936085,4.522464139962755,0.9209504409901152,0.011506490828242323,,,,,1.6941859311650338,,,,
bayesfl_observability_v1,vi_sparse_random_keep010_seed42,13,vi,product,24,0,1779,2.351286479687022,0.002810567734682406,0.16245081506464307,9.366189510329304,9.48138296174638,1.3280037697301155,0.017833327874541283,0.9901450609599683,3.841050097029586,0.2707534129069675,3.7197543168855196,4.547762281782018,0.9252064142164387,0.009532000239557147,,,,,1.3280037697301155,,,,
bayesfl_observability_v1,vi_sparse_random_keep010_seed42,14,vi,product,24,0,1333,1.8382032063780318,0.0015003750937734434,0.2768192048012003,9.48138296174638,9.639678005642239,1.6649983375310986,0.02121419832110405,0.9849713461511957,3.790968470411409,0.19625275526133926,3.725030315107039,4.523044505847256,0.9285240959835933,0.006854359353099292,,,,,1.6649983375310986,,,,
bayesfl_observability_v1,vi_sparse_random_keep010_seed42,15,vi,product,24,0,1656,2.099276434064476,0.0036231884057971015,0.21195652173913043,9.639678005642239,9.790494571921798,1.6205644867528353,0.021033176453784108,0.9862070330543329,3.8461437368232256,0.2823765846974832,3.7241045504775094,4.578791094403152,0.928693457378001,0.009644503473315531,,,,,1.6205644867528353,,,,
bayesfl_observability_v1,vi_sparse_random_keep010_seed42,16,vi,product,24,0,1990,1.5657012987415717,0.004020100502512563,0.5894472361809046,9.790494571921798,10.11792993962241,2.514201692389589,0.034010451287031174,0.9686350433998648,3.7712863416167655,0.12023826336618366,3.7288150870004197,4.220252495105183,0.9332348851134262,0.00397778609586724,,,,,2.514201692389589,,,,
bayesfl_observability_v1,vi_sparse_random_keep010_seed42,17,vi,product,24,0,1767,2.0111408536898496,0.0005659309564233164,0.2212790039615167,10.11792993962241,10.273621947586511,1.739307179189663,0.021297525614500046,0.9855651113592935,3.9131185999590694,0.33527041337606706,3.7340882761329546,4.600846353305354,0.9324658539346342,0.010714363633255983,,,,,1.739307179189663,,,,
bayesfl_observability_v1,vi_sparse_random_keep010_seed42,18,vi,product,24,0,1559,1.9605950644733052,0.0006414368184733803,0.24438742783835793,10.273621947586511,10.449867584458653,1.834327105731109,0.023810877464711666,0.9844739388356619,3.9112629681110547,0.33191104973195135,3.739368311174241,4.576516609038021,0.934387726616642,0.010301305481466691,,,,,1.834327105731109,,,,
bayesfl_observability_v1,vi_sparse_random_keep010_seed42,19,vi,product,24,0,2448,1.7539471495683678,0.0012254901960784314,0.3443627450980392,10.449867584458653,10.627647579719671,1.915238833405787,0.028562127612531185,0.9836276985493441,3.9207082741040837,0.32867422616521014,3.7342274798839425,4.605942032936639,0.9360776216118452,0.01002444670189818,,,,,1.915238833405787,,,,
bayesfl_observability_v1,vi_sparse_random_keep010_seed42,20,vi,product,24,0,2683,2.0234359713023133,0.005963473723443906,0.28512858740216174,10.627647579719671,10.824072799496662,1.9036358397825062,0.02541915327310562,0.9844166372208735,3.9399218230373854,0.3713085225330359,3.7428783258205813,4.719000267280045,0.9374963639547098,0.010942200977222106,,,,,1.9036358397825062,,,,
bayesfl_observability_v1,vi_sparse_random_keep010_seed42,21,vi,product,24,0,2756,1.5509112410852548,0.000362844702467344,0.4735123367198839,10.824072799496662,11.377465691197555,3.432284435075765,0.052637482061982155,0.9534133796670514,4.011515664790651,0.3771612345718359,3.745634154604886,4.627665533670116,0.9375541844726862,0.0107420331071429,,,,,3.432284435075765,,,,
bayesfl_observability_v1,vi_sparse_random_keep010_seed42,22,vi,product,24,0,1157,1.8572532208005497,0.006050129645635264,0.29732065687121867,11.377465691197555,11.801690402696398,3.0874733298088883,0.042733874171972275,0.9651735563578254,3.817372868891135,0.2088477217157249,3.7479334734601966,4.597976482762939,0.9480084457252911,0.005518250531747516,,,,,3.0874733298088883,,,,
bayesfl_observability_v1,vi_sparse_random_keep010_seed42,23,vi,product,24,0,1286,1.69374164184039,0.0007776049766718507,0.2884914463452566,11.801690402696398,12.236275912993626,3.2229058821999113,0.04327898658812046,0.964689610340565,3.8793897792957717,0.29899400173664636,3.7525239285383067,4.6543818919273425,0.9498607955573447,0.007425909602139224,,,,,3.2229058821999113,,,,
bayesfl_observability_v1,vi_sparse_random_keep010_seed42,24,vi,product,24,0,3578,1.6648335652761794,0.00027948574622694243,0.39351593068753493,12.236275912993626,12.690965862134176,3.3861933632742884,0.054816439747810364,0.9637466966628649,3.9712404861967427,0.36223383281395255,3.748747905992095,4.74286243581265,0.9509808419444871,0.008510049663906024,,,,,3.3861933632742884,,,,
bayesfl_observability_v1,vi_sparse_random_keep010_seed42,25,vi,product,24,0,2133,2.0410196291702882,0.00046882325363338024,0.27660571964369435,12.690965862134176,13.11171303344463,3.31436029419437,0.04804772883653641,0.9675242297787684,3.9548236009159115,0.37293988449617377,3.7542493070905962,4.772510835955806,0.954500447585064,0.008271333539439873,,,,,3.31436029419437,,,,
bayesfl_observability_v1,vi_sparse_random_keep010_seed42,26,vi,product,24,0,1529,1.92260868415081,0.002616088947024199,0.2589928057553957,13.11171303344463,13.511016666701753,3.2083061470677614,0.0437210681848228,0.9713981435560229,3.885908374146095,0.29658808323969843,3.7573507638997055,4.644971536369023,0.9586544011516663,0.00621918361244763,,,,,3.2083061470677614,,,,
bayesfl_observability_v1,vi_sparse_random_keep010_seed42,27,vi,product,24,0,2319,1.606001937302282,0.0008624407072013799,0.33635187580853815,13.511016666701753,13.952285752738206,3.4284805112795778,0.05439386237412691,0.9693390619493256,4.010031726355993,0.39249118817333506,3.7641550316065273,4.679818579378333,0.9584693933558862,0.007774387140460775,,,,,3.4284805112795778,,,,
bayesfl_observability_v1,vi_sparse_random_keep010_seed42,28,vi,product,24,0,1737,1.033655111222508,0.0011514104778353484,0.7426597582037997,13.952285752738206,14.344139643548429,3.2937308750773404,0.04882001504302025,0.9732800562487824,3.9093883835634755,0.3521872657896885,3.7595687190787563,4.811609694123708,0.9627203881468755,0.006776172778107743,,,,,3.2937308750773404,,,,
bayesfl_observability_v1,vi_sparse_random_keep010_seed42,29,vi,product,24,0,2968,1.5461922590424162,0.0006738544474393531,0.4444070080862534,14.344139643548429,14.72709311339577,3.307666076030023,0.06315683200955391,0.974451762685711,3.989822993810231,0.3633001924718315,3.7621959635055613,4.680054256186291,0.9632629484933268,0.0065244761156144256,,,,,3.307666076030023,,,,
bayesfl_observability_v1,vi_sparse_random_keep010_seed42,30,vi,product,24,0,2279,2.0129124065767754,0.008336989907854322,0.36989907854322074,14.72709311339577,15.10501572203009,3.206036706962909,0.059163907542824745,0.977218003133916,3.904586067822413,0.31283070040195876,3.76842333611464,4.717182832482434,0.9665036772777214,0.005364930785804195,,,,,3.206036706962909,,,,
bayesfl_observability_v1,vi_sparse_random_keep010_seed42,31,vi,product,24,0,2899,1.7310017906290969,0.0006898930665746809,0.45463953087271475,15.10501572203009,15.481759606126502,3.2824325259517515,0.0587590578943491,0.9772667814941285,4.034009078134392,0.4095449705248297,3.7745562959734467,4.731593685417727,0.9659448385116389,0.006742587668060295,,,,,3.2824325259517515,,,,
bayesfl_observability_v1,vi_sparse_random_keep010_seed42,32,vi,product,24,0,3540,1.9256073388906951,0.000847457627118644,0.2635593220338983,15.481759606126502,15.875126643929303,3.5130430369347496,0.05884191021323204,0.9752075292682361,4.1021764472204065,0.451662225655957,3.771594367414169,4.865551803316043,0.9663734716542318,0.007149347871443981,,,,,3.5130430369347496,,,,
bayesfl_observability_v1,vi_sparse_random_keep010_seed42,33,vi,product,24,0,4000,2.048781431500284,0.0165,0.31375,15.875126643929303,16.21996070488702,3.2900371234498063,0.055466219782829285,0.9792122600141552,4.025736433700383,0.39173408940401494,3.7766661089850366,4.7509090797712465,0.9691318458512908,0.005913029504488409,,,,,3.2900371234498063,,,,
bayesfl_observability_v1,vi_sparse_random_keep010_seed42,34,vi,product,24,0,5847,2.0639066599867584,0.0003420557550880794,0.22319138019497178,16.21996070488702,16.584977625713805,3.44324400305818,0.05272018909454346,0.9782112323379786,4.132397493197482,0.42428849893995957,3.7833961560213947,4.776776144881915,0.9688097995878296,0.006183948963650444,,,,,3.44324400305818,,,,
bayesfl_observability_v1,vi_sparse_random_keep010_seed42,35,vi,product,24,0,1905,1.5514084632505916,0.0005249343832020997,0.5039370078740157,16.584977625713805,16.92628950147232,3.379576258421613,0.05833388026803732,0.9798643559335698,3.982884277278114,0.38370316521763664,3.770726553682271,4.777675958216957,0.9721834415086129,0.005368758891345889,,,,,3.379576258421613,,,,
bayesfl_observability_v1,vi_sparse_random_keep010_seed42,36,vi,product,24,0,1527,1.902657910508341,0.0006548788474132286,0.2632612966601179,16.92628950147232,17.21656508066094,3.230615186125871,0.04692365415394306,0.9822371856599492,3.922895982387716,0.3192475159531372,3.778840355321219,4.738471192430299,0.9740569317970085,0.004310061407661506,,,,,3.230615186125871,,,,
bayesfl_observability_v1,vi_sparse_random_keep010_seed42,37,vi,product,24,0,5135,1.9113160388441834,0.00019474196689386563,0.30496592015579355,17.21656508066094,17.57596600194852,3.55188516905707,0.056609269231557846,0.979367462720762,4.2560518049372025,0.495452929440157,3.782558139690134,4.931828826319377,0.9705064965355737,0.006532601645211886,,,,,3.55188516905707,,,,
bayesfl_observability_v1,vi_sparse_random_keep010_seed42,38,vi,product,24,0,3690,1.9617904841805283,0.004607046070460705,0.2669376693766938,17.57596600194852,17.90398229225564,3.402107615215044,0.06110442243516445,0.9817803015647252,4.078989242820284,0.4565137413987869,3.7915786792700437,4.932703626438079,0.9738663668408096,0.005824730812637852,,,,,3.402107615215044,,,,
bayesfl_observability_v1,vi_sparse_random_keep010_seed42,39,vi,product,24,0,4371,1.9998131225625657,0.001601464195836193,0.32212308396247996,17.90398229225564,18.251162970159807,3.4404287615957836,0.0543808750808239,0.9820729114195549,4.131448762518009,0.47292944379378726,3.7940366074795846,4.971421188594314,0.9741563853582541,0.005830700044416105,,,,,3.4404287615957836,,,,
bayesfl_observability_v1,vi_sparse_random_keep010_seed42,40,vi,product,24,0,2913,1.6635287128377279,0.0006865774116031583,0.27154136628904907,18.251162970159807,18.59129212434785,3.5160754987381257,0.05030514067038894,0.9819530789959642,4.1312939798095405,0.46320613765056656,3.7929934287911533,4.875935500910444,0.9750907446276799,0.00549584007989791,,,,,3.5160754987381257,,,,
bayesfl_observability_v1,vi_sparse_random_keep010_seed42,41,vi,product,24,0,2399,2.0842048134231064,0.007503126302626094,0.25302209253855773,18.59129212434785,18.874409952079624,3.35851530778415,0.048708684742450714,0.9840417783847372,4.080273499465977,0.4469351734711803,3.8015896306328054,4.975655239375603,0.9765482277062422,0.005151637977023338,,,,,3.35851530778415,,,,
bayesfl_observability_v1,vi_sparse_random_keep010_seed42,42,vi,product,24,0,2168,1.4721212901650527,0.00046125461254612545,0.3980627306273063,18.874409952079624,19.185730872137068,3.363871166965864,0.0632089152932167,0.9845096533482204,3.9596139607916556,0.3877009597731622,3.796070414324464,4.991206709232821,0.9785376797927814,0.004395284141353561,,,,,3.363871166965864,,,,
bayesfl_observability_v1,vi_sparse_random_keep010_seed42,43,vi,product,24,0,4163,1.8383620847508204,0.0031227480182560653,0.27456161422051406,19.185730872137068,19.510605764585534,3.5237543456993126,0.05612090229988098,0.9835553417697275,4.151216363684866,0.4668822246933382,3.8102313703258086,4.994135087967038,0.9771612865152629,0.005084987196005792,,,,,3.5237543456993126,,,,
bayesfl_observability_v1,vi_sparse_random_keep010_seed42,44,vi,product,24,0,2178,1.83209971316117,0.002295684113865932,0.38705234159779617,19.510605764585534,19.798151232374693,3.3669756587226964,0.055255068466067314,0.9854328211096997,4.020448421699386,0.4155631324221269,3.8011988245345005,4.932220063888058,0.9792511122396823,0.004385301493230379,,,,,3.3669756587226964,,,,
bayesfl_observability_v1,vi_sparse_random_keep010_seed42,45,vi,product,24,0,2462,1.75194045639753,0.0012185215272136475,0.5097481722177092,19.798151232374693,20.061881693928704,3.1302332674018376,0.056838009506464005,0.9877528998329462,3.8769566176300887,0.2366720184101803,3.8031665705151187,4.761927485916562,0.981314227635459,0.002370265048361043,,,,,3.1302332674018376,,,,
bayesfl_observability_v1,vi_sparse_random_keep010_seed42,46,vi,product,24,0,2551,1.5184316075433086,0.0015680125441003528,0.45981967855742845,20.061881693928704,20.338745158216813,3.3286481933774246,0.05965427402406931,0.9865167376699722,3.963538594458872,0.37753353492532393,3.806863461834739,5.069634774259134,0.9808997907967684,0.0038482101753887932,,,,,3.3286481933774246,,,,
bayesfl_observability_v1,vi_sparse_random_keep010_seed42,47,vi,product,24,0,2767,1.6003481752655362,0.0007228044813877846,0.3809179616913625,20.338745158216813,20.65215156955103,3.560346531272022,0.05666319653391838,0.9850277612276914,4.178384369991198,0.5149140466797639,3.803222345162663,5.047605775411758,0.9792991441713591,0.00506862620241234,,,,,3.560346531272022,,,,
bayesfl_observability_v1,vi_sparse_random_keep010_seed42,48,vi,product,24,0,4252,1.822415922559669,0.00047036688617121356,0.34689557855127,20.65215156955103,20.984792990263582,3.676121156886722,0.0565713569521904,0.9845364557233941,4.3256020760352305,0.5426918056579443,3.8148883747769564,5.108160236054372,0.9785044524503886,0.005197419639564174,,,,,3.676121156886722,,,,
bayesfl_observability_v1,vi_sparse_random_keep010_seed42,49,vi,product,24,0,4023,2.1370345974446137,0.0004971414367387521,0.2421078796917723,20.984792990263582,21.280953006994004,3.5375552559719896,0.05605245195329189,0.9860868301428705,4.2602440654208085,0.5362611508091649,3.812086168546988,5.071415033908522,0.9797610707355769,0.004989148027651395,,,,,3.5375552559719896,,,,
bayesfl_observability_v1,vi_sparse_random_keep010_seed42,50,vi,product,24,0,2690,1.769516796368511,0.0007434944237918215,0.36988847583643125,21.280953006994004,21.55065107058101,3.323343709232232,0.050575658679008484,0.9880381199939208,4.048806364216829,0.4404513280345719,3.8138230308018795,5.117186838049384,0.9822280875676607,0.003970581148483281,,,,,3.323343709232232,,,,
bayesfl_observability_v1,vi_sparse_random_keep010_seed42,51,vi,product,24,0,2306,1.961687772094351,0.0008673026886383347,0.305724197745013,21.55065107058101,21.826731181766704,3.3661385647970534,0.05306000332348049,0.9880366276157544,4.0519020277439175,0.43536973310534666,3.8201313222245403,5.07670908292978,0.9826153726180834,0.0038583194192360116,,,,,3.3661385647970534,,,,
bayesfl_observability_v1,vi_sparse_random_keep010_seed42,52,vi,product,24,0,3153,1.8406871434021543,0.01014906438312718,0.44655883285759596,21.826731181766704,22.09063071913474,3.418208245478176,0.058910876512527466,0.9879559130873597,4.09730347284991,0.43254192057016055,3.822327928981042,4.859268193877711,0.9826786582915787,0.0037065409834397436,,,,,3.418208245478176,,,,
bayesfl_observability_v1,vi_sparse_random_keep010_seed42,53,vi,product,24,0,2085,1.9504587175010144,0.00047961630695443646,0.22302158273381295,22.09063071913474,22.408675161588064,3.547528026160967,0.0474267303943634,0.9873906526555488,4.172370825387388,0.48456307674352805,3.821849349176721,4.897350942778022,0.9824351413333506,0.004052224905433548,,,,,3.547528026160967,,,,
bayesfl_observability_v1,vi_sparse_random_keep010_seed42,54,vi,product,24,0,3683,2.120550501161728,0.00027151778441487917,0.3152321477056747,22.408675161588064,22.66465933948622,3.4480065152058836,0.05288907088106498,0.9883603362074,4.205342861552994,0.5119091402663887,3.8184833713454793,5.135355045180074,0.9826292212545353,0.00422708460802358,,,,,3.4480065152058836,,,,
bayesfl_observability_v1,vi_sparse_random_keep010_seed42,55,vi,product,24,0,3937,1.9533611105455735,0.005842011684023368,0.32004064008128014,22.66465933948622,22.951142858574983,3.5026048078144556,0.05781380459666252,0.9882865820351884,4.160155081430703,0.5291477195219982,3.829615332149643,5.156503360085808,0.9833491916023956,0.004316047188972471,,,,,3.5026048078144556,,,,
bayesfl_observability_v1,vi_sparse_random_keep010_seed42,56,vi,product,24,0,2156,1.7749020151024375,0.0009276437847866419,0.300556586270872,22.951142858574983,23.21499772124549,3.454741082590301,0.058819279074668884,0.9888650735526189,4.0699938924530255,0.45821729334287103,3.8298228740246114,5.178389019685096,0.9844849238379854,0.003635112221073927,,,,,3.454741082590301,,,,
bayesfl_observability_v1,vi_sparse_random_keep010_seed42,57,vi,product,24,0,2966,2.0541099873735114,0.00033715441672285906,0.3536749831422792,23.21499772124549,23.47186158077794,3.4504962958512464,0.05908697843551636,0.9891356554015287,4.132352960675611,0.47300037247656557,3.8322647349562433,4.960341436608832,0.9843596414063942,0.003637669447270502,,,,,3.4504962958512464,,,,
bayesfl_observability_v1,vi_sparse_random_keep010_seed42,58,vi,product,24,0,2597,2.207425366312503,0.0015402387370042356,0.22718521370812475,23.47186158077794,23.718387085777675,3.440839929376387,0.053948108572512865,0.9894213278141682,4.162139503129847,0.5278968159635831,3.8392821504737418,5.1794127646665125,0.984435409235856,0.004048155045762053,,,,,3.440839929376387,,,,
bayesfl_observability_v1,vi_sparse_random_keep010_seed42,59,vi,product,24,0,4793,1.922249221778164,0.0008345503859795535,0.35113707490089713,23.718387085777675,24.00912078936132,3.694813300036777,0.06346910540014505,0.9880876831321505,4.406318170618693,0.5974465553134772,3.8416662344555816,5.205590292424235,0.982914816121017,0.0044907358826811305,,,,,3.694813300036777,,,,
bayesfl_observability_v1,vi_sparse_random_keep010_seed42,60,vi,product,24,0,2092,2.091289920114181,0.0033460803059273425,0.20936902485659656,24.00912078936132,24.267976144129676,3.3892869686234786,0.04575866973027587,0.9901997719413066,4.134778588645551,0.4713276884555014,3.838925246639275,4.936158933229069,0.9853340680812702,0.003409177789444129,,,,,3.3892869686234786,,,,
bayesfl_observability_v1,vi_sparse_random_keep010_seed42,61,vi,product,24,0,2855,1.8365940414405901,0.0007005253940455342,0.34535901926444834,24.267976144129676,24.539126748096624,3.574080248073901,0.059830889105796814,0.9893365169680833,4.174796809845984,0.5413286292538929,3.841432656021807,5.220723189493144,0.9853125436910848,0.003910053390654691,,,,,3.574080248073901,,,,
bayesfl_observability_v1,vi_sparse_random_keep010_seed42,62,vi,product,24,0,2662,1.7461723823480406,0.0003756574004507889,0.384297520661157,24.539126748096624,24.79813953077879,3.4814266351923537,0.05378703773021698,0.9900963395477012,4.184112294239423,0.5462770279040915,3.846119388159573,5.250675538347004,0.9855731385367401,0.003864616392461216,,,,,3.4814266351923537,,,,
bayesfl_observability_v1,vi_sparse_random_keep010_seed42,63,vi,product,24,0,3985,1.5691750312677548,0.00150564617314931,0.3932245922208281,24.79813953077879,25.0659064150426,3.55575132140933,0.059388238936662674,0.9898874564056646,4.160092676345673,0.5078361533999931,3.8432073832388673,5.091375825883055,0.9860438083309713,0.0034764280366591047,,,,,3.55575132140933,,,,
bayesfl_observability_v1,vi_sparse_random_keep010_seed42,64,vi,product,24,0,2125,1.9232579478698435,0.0009411764705882353,0.3407058823529412,25.0659064150426,25.310876048134425,3.381319461578136,0.052729878574609756,0.9910367329626815,4.096739607703493,0.47364437508371016,3.850255086388716,5.230166673673837,0.9867550498915036,0.0031970663882855883,,,,,3.381319461578136,,,,
bayesfl_observability_v1,vi_sparse_random_keep010_seed42,65,vi,product,24,0,2962,1.819711727208886,0.002363268062120189,0.475354490209318,25.310876048134425,25.549230329157503,3.369053168308602,0.06375138461589813,0.9912678436650417,4.080821256344682,0.4353410480742365,3.846701846470906,4.96805199665813,0.9871306594422677,0.0028518068471409096,,,,,3.369053168308602,,,,
bayesfl_observability_v1,vi_sparse_random_keep010_seed42,66,vi,product,24,0,3096,1.7480293760111105,0.0006459948320413437,0.37370801033591733,25.549230329157503,25.794974029923967,3.485970545396757,0.061954304575920105,0.9908263770906619,4.112686098233622,0.5058401589286521,3.8541744453024935,5.285828719828428,0.987131333402463,0.0033197125588261766,,,,,3.485970545396757,,,,
bayesfl_observability_v1,vi_sparse_random_keep010_seed42,67,vi,product,24,0,1413,2.1068621497389977,0.0014154281670205238,0.20665251238499646,25.794974029923967,25.984738677003772,3.067679499331299,0.025024738162755966,0.9930068720543547,3.8709379795224756,0.015365859465903608,3.8481195046777006,3.901043972401555,0.988933574885383,8.688554833394271e-05,,,,,3.067679499331299,,,,
bayesfl_observability_v1,vi_sparse_random_keep010_seed42,68,vi,product,24,0,2073,2.0057130900881175,0.002894356005788712,0.1958514230583695,25.984738677003772,26.202418517267894,3.3769939805623,0.04471781104803085,0.9916600668068931,4.1596833541167095,0.4823682091546878,3.8573365731056977,4.970173853278797,0.9872797555182626,0.0030157790349942394,,,,,3.3769939805623,,,,
bayesfl_observability_v1,vi_sparse_random_keep010_seed42,69,vi,product,24,0,3298,1.614014326135733,0.0006064281382656155,0.4229836264402668,26.202418517267894,26.453614121830384,3.583341682411576,0.046119505539536476,0.9907831905610207,4.451799910595838,0.5453775397072357,3.8547509658834676,4.9731930184432125,0.9856935875435071,0.0033456326601251155,,,,,3.583341682411576,,,,
bayesfl_observability_v1,vi_sparse_random_keep010_seed42,70,vi,product,24,0,4320,2.022889026449679,0.000462962962962963,0.24166666666666667,26.453614121830384,26.719142540235406,3.6974952562521297,0.06460936274379492,0.9903787339778487,4.386850073984686,0.6438864232627471,3.8584582502777276,5.392228349495261,0.986273501305773,0.003994947400624255,,,,,3.6974952562521297,,,,
bayesfl_observability_v1,vi_sparse_random_keep010_seed42,71,vi,product,24,0,1135,1.8449143215905603,0.001762114537444934,0.2986784140969163,26.719142540235406,26.910321272787847,3.335361236239966,0.04431091248989105,0.9922894534775537,4.016597136931841,0.371822725605548,3.8587102914930327,4.971648778579993,0.9888093656088254,0.0022043391986629806,,,,,3.335361236239966,,,,
bayesfl_observability_v1,vi_sparse_random_keep010_seed42,72,vi,product,24,0,1207,1.6540446497652614,0.0016570008285004142,0.5062137531068766,26.910321272787847,27.11859009630757,3.2941696722261637,0.05744016487733461,0.9925948049783494,3.9691406949130354,0.3690519503556105,3.849399636321976,5.349489672706254,0.9892246274536479,0.0022369248727038917,,,,,3.2941696722261637,,,,
bayesfl_observability_v1,vi_sparse_random_keep010_seed42,73,vi,product,24,0,3542,1.6643160710487954,0.000282326369282891,0.3557312252964427,27.11859009630757,27.35558025602281,3.7435831834023445,0.06360415741801262,0.9905922024923991,4.238682289895575,0.6170738548027552,3.855981669207117,5.394276081879121,0.9877872777821144,0.00366221690381087,,,,,3.7435831834023445,,,,
bayesfl_observability_v1,vi_sparse_random_keep010_seed42,74,vi,product,24,0,3880,1.8754397637701128,0.002061855670103093,0.3322164948453608,27.35558025602281,27.577640396556173,3.57105244451895,0.06668076408095658,0.9915806831931598,4.217556708472267,0.5675339441606241,3.86999239424881,5.281921603398773,0.9881398705677499,0.0032862808683205695,,,,,3.57105244451895,,,,
bayesfl_observability_v1,vi_sparse_random_keep010_seed42,75,vi,product,24,0,2542,1.488254536018046,0.0011801730920535012,0.5137686860739575,27.577640396556173,27.785700674119873,3.3877567311089067,0.05910754203796387,0.9925393822008133,4.050199834327786,0.4336236796187506,3.8690642077319093,5.304386225666961,0.989283227368577,0.0024729107449682525,,,,,3.3877567311089067,,,,
bayesfl_observability_v1,vi_sparse_random_keep010_seed42,76,vi,product,24,0,3638,1.7848400088191834,0.013468938977460142,0.38702583837273224,27.785700674119873,28.012476139968022,3.468144495003608,0.062093168031424284,0.992306381184269,4.146055419395883,0.5266253047894526,3.865273338078752,5.429633204988543,0.9888936522305525,0.0029973090309413047,,,,,3.468144495003608,,,,
bayesfl_observability_v1,vi_sparse_random_keep010_seed42,77,vi,product,24,0,2740,1.8524761319348437,0.00072992700729927,0.3200729927007299,28.012476139968022,28.25755881919484,3.6874086123967875,0.0590122789144516,0.9914492615453188,4.308795013969659,0.6087892941255124,3.8726453387934834,5.393728086718687,0.9881757890201115,0.003383988130953944,,,,,3.6874086123967875,,,,
bayesfl_observability_v1,vi_sparse_random_keep010_seed42,78,vi,product,24,0,4685,2.078342809196438,0.00021344717182497332,0.19957310565635006,28.25755881919484,28.55850313869651,3.9259191760069028,0.06959716975688934,0.9905065701695144,4.600666575717982,0.6889151944849017,3.869976345905618,5.462214572927415,0.9867478247424074,0.0038121233501496577,,,,,3.9259191760069028,,,,
bayesfl_observability_v1,vi_sparse_random_keep010_seed42,79,vi,product,24,0,4613,1.9429485251898766,0.001300672013873835,0.27205722956861045,28.55850313869651,28.82219243068244,3.7250938340833626,0.06148074194788933,0.9916131218480487,4.340905263164891,0.6523183392980502,3.8688542141679125,5.476160803144137,0.9884237309273188,0.003528633306800519,,,,,3.7250938340833626,,,,
bayesfl_observability_v1,vi_sparse_random_keep010_seed42,80,vi,product,24,0,1020,2.0657163506198555,0.00392156862745098,0.24313725490196078,28.82219243068244,28.875124944648743,1.5756156379767006,0.012466188985854387,0.998510195583822,2.0167576830098266,0.006194618950568351,2.006165028341838,2.0291209662556122,0.9975616336332245,1.4845181982355032e-05,,,,,1.5756156379767006,,,,
bayesfl_observability_v1,vi_sparse_random_keep010_seed42,81,vi,product,24,0,1520,1.9740109371862071,0.020394736842105264,0.25921052631578945,28.875124944648743,28.92266674601246,1.550208752619993,0.012519166804850101,0.9985625938113285,2.022697840032081,0.012643417338448046,2.0049300158268473,2.0588843933756698,0.9975562250898554,3.0400501005928527e-05,,,,,1.550208752619993,,,,
bayesfl_observability_v1,vi_sparse_random_keep010_seed42,82,vi,product,24,0,1912,1.5335405641860653,0.0005230125523012552,0.5475941422594143,28.92266674601246,28.98292721085264,1.8486581002629232,0.03748994693160057,0.9979637039757746,2.119551894839162,0.3725796562074502,2.009476035347592,3.512852972845634,0.9972458950541153,0.001214454180606145,,,,,1.8486581002629232,,,,
bayesfl_observability_v1,vi_sparse_random_keep010_seed42,83,vi,product,24,0,2694,2.2705838373395784,0.004454342984409799,0.24424647364513735,28.98292721085264,29.050563000952465,1.8851543369731019,0.028589636087417603,0.9978923056720914,2.2524510761087764,0.3907921713821641,2.009461382826768,3.193496831574314,0.996907019079065,0.0011499728168477721,,,,,1.8851543369731019,,,,
bayesfl_observability_v1,vi_sparse_random_keep010_seed42,84,vi,product,24,0,1959,2.025045563450917,0.0005104645227156713,0.24298111281265952,29.050563000952465,29.115884145873164,1.9034899734127413,0.02360329031944275,0.9978606841017281,2.2232371129894806,0.3413864850398579,2.0080707203086794,2.8078423378806536,0.9970183481182905,0.0009610003150857731,,,,,1.9034899734127413,,,,
bayesfl_observability_v1,vi_sparse_random_keep010_seed42,85,vi,product,24,0,2471,1.5839035064842073,0.0004046944556859571,0.46458923512747874,29.115884145873164,29.185500313321832,1.960855522422739,0.0349421501159668,0.9977404793522102,2.2177048115541305,0.424675673247737,2.008371294698164,3.468993868374057,0.9970091202261054,0.001303479390464503,,,,,1.960855522422739,,,,
bayesfl_observability_v1,vi_sparse_random_keep010_seed42,86,vi,product,24,0,3065,1.9063857612454276,0.01533442088091354,0.4195758564437194,29.185500313321832,29.246415932827944,1.8908120809444344,0.03536529093980789,0.9979079312468118,2.1767309152497547,0.4113723940995892,2.0136273837745753,3.533221859188926,0.9971351639120208,0.0012900593781179895,,,,,1.8908120809444344,,,,
bayesfl_observability_v1,vi_sparse_random_keep010_seed42,87,vi,product,24,0,2659,2.116897546594139,0.000376081233546446,0.19631440391124483,29.246415932827944,29.317706554249575,1.9143534215454796,0.030286865774542093,0.9978659288762347,2.249364915472168,0.3929863156514379,2.0090320484981437,3.1847993295796337,0.9969697488284944,0.0011321518250307007,,,,,1.9143534215454796,,,,
bayesfl_observability_v1,vi_sparse_random_keep010_seed42,88,vi,product,24,0,1123,2.0436934572262206,0.0017809439002671415,0.2947462154942119,29.317706554249575,29.365542467908867,1.6018654655895639,0.012517489492893219,0.9985110963536546,2.0225659485729826,0.007216388762924707,2.015038256340204,2.0394661681889774,0.997629018836118,1.6665709526575098e-05,,,,,1.6018654655895639,,,,
bayesfl_observability_v1,vi_sparse_random_keep010_seed42,89,vi,product,24,0,2209,1.8075836205697893,0.0009053870529651426,0.42236306020823905,29.365542467908867,29.4251623209244,1.8840651088160485,0.03904179856181145,0.9979480356078287,2.165044162990147,0.38722950928701017,2.0129865016216253,3.4321529554372514,0.9972097473678211,0.0011797414049752248,,,,,1.8840651088160485,,,,
bayesfl_observability_v1,vi_sparse_random_keep010_seed42,90,vi,product,24,0,2459,1.5120912202462167,0.0024400162667751117,0.5546970313135421,29.4251623209244,29.478802579940634,1.9050494438086123,0.03923702985048294,0.9979096964769558,2.175407237607791,0.4196729798164582,2.012764562348109,3.5847092245202794,0.9971805105809375,0.001309063478796161,,,,,1.9050494438086123,,,,
bayesfl_observability_v1,vi_sparse_random_keep010_seed42,91,vi,product,24,0,3271,1.7609434213062325,0.0006114338122898196,0.39406909202078877,29.478802579940634,29.554174270413498,1.9876970940356697,0.03870191425085068,0.9977357893016677,2.2749108503407824,0.4572349757071816,2.0086207873439883,3.5431133252879645,0.9969210238910782,0.0013718422222128005,,,,,1.9876970940356697,,,,
bayesfl_observability_v1,vi_sparse_random_keep010_seed42,92,vi,product,24,0,1956,1.5250676706298503,0.0005112474437627812,0.3946830265848671,29.554174270413498,29.61886900957495,1.9676855880683009,0.035309821367263794,0.9977908541686821,2.1957639481128273,0.4455380256993596,2.0098368453737603,3.411992021722182,0.9971427730738636,0.001347730342329569,,,,,1.9676855880683009,,,,
bayesfl_observability_v1,vi_sparse_random_keep010_seed42,93,vi,product,24,0,2488,1.53507773520515,0.0020096463022508037,0.34686495176848875,29.61886900957495,29.693992508762737,2.0444906542508003,0.038948435336351395,0.9976268978108207,2.293164655598977,0.47701551664466424,2.015140599301262,3.4407246174936916,0.9968917228439246,0.0014068945421740382,,,,,2.0444906542508003,,,,
bayesfl_observability_v1,vi_sparse_random_keep010_seed42,94,vi,product,24,0,2243,2.1727135308314134,0.025858225590726706,0.19616584930896122,29.693992508762737,29.74792418671462,1.776365839279052,0.02245420776307583,0.9982155307662409,2.1754936499280815,0.3124353447777234,2.013190022702804,2.827501792780995,0.9972736039985552,0.000844798252659847,,,,,1.776365839279052,,,,
bayesfl_observability_v1,vi_sparse_random_keep010_seed42,95,vi,product,24,0,3395,1.9347072949747535,0.000589101620029455,0.30839469808541975,29.74792418671462,29.83225486447107,2.134613164723489,0.04399557411670685,0.9974367718090708,2.3737528850846243,0.5351785975403791,2.0129522761219496,3.5606811805578262,0.9966776787236333,0.0015980137787402347,,,,,2.134613164723489,,,,
bayesfl_observability_v1,vi_sparse_random_keep010_seed42,96,vi,product,24,0,4182,2.1433085527040845,0.00023912003825920613,0.312051649928264,29.83225486447107,29.907761965759967,2.0255814808373236,0.040554970502853394,0.9977038748929586,2.3846685592262147,0.47953726160678745,2.0155690112445313,3.609963366578927,0.9966983540014424,0.0014040334076555008,,,,,2.0255814808373236,,,,
bayesfl_observability_v1,vi_sparse_random_keep010_seed42,97,vi,product,24,0,2165,1.367551068558902,0.0009237875288683603,0.6,29.907761965759967,29.98204051535877,1.9168458238324688,0.03639696491882205,0.9979542778655783,2.1716100413598607,0.4150385476642537,2.0119598684223043,3.5528559590544364,0.9972829481960827,0.001241703979386424,,,,,1.9168458238324688,,,,
bayesfl_observability_v1,vi_sparse_random_keep010_seed42,98,vi,product,24,0,2570,1.7759978093443558,0.0007782101167315176,0.3630350194552529,29.98204051535877,30.0474313799469,1.9644768136303594,0.03761214762926102,0.9978604924940554,2.273566541937806,0.4427628665531373,2.015403846965969,3.470534233570959,0.9970332767819895,0.0012715555061975665,,,,,1.9644768136303594,,,,
bayesfl_observability_v1,vi_sparse_random_keep010_seed42,99,vi,product,24,0,1776,1.8366910798433969,0.0045045045045045045,0.3766891891891892,30.0474313799469,30.121871452347968,1.8907674971404187,0.02351963147521019,0.9980281073411291,2.225566257327659,0.3384279370528095,2.013031817714975,2.796380402122395,0.9972075477873549,0.0008912683868741796,,,,,1.8907674971404187,,,,
bayesfl_observability_v1,vi_sparse_random_keep010_seed42,100,vi,product,24,0,3778,1.8474040645240064,0.00026469031233456857,0.30730545262043407,30.121871452347968,30.193452461079744,2.150148544351222,0.036784425377845764,0.9974611876030154,2.3769217996382803,0.549465116537792,2.0123397817944704,3.62404586977571,0.9967422875139682,0.0016210137906625469,,,,,2.150148544351222,,,,
bayesfl_observability_v1,vi_sparse_random_keep010_seed42,101,vi,product,24,0,3052,1.8241891069965632,0.01474442988204456,0.31913499344692003,30.193452461079744,30.264058880677737,1.926252303125689,0.03867574408650398,0.9979724456797258,2.2806731065378685,0.4513270253630749,2.0143722134662876,3.510883877167119,0.9970530113432284,0.0012854754527441556,,,,,1.926252303125689,,,,
bayesfl_observability_v1,vi_sparse_random_keep010_seed42,102,vi,product,24,0,1356,1.7535383476901492,0.0007374631268436578,0.42920353982300885,30.264058880677737,30.31747039865805,1.684658738108705,0.023032721132040024,0.9984549697709891,2.0761442817902567,0.20366216591128739,2.0100817688805783,2.8372997889002654,0.9976336776585008,0.0005312737639515014,,,,,1.684658738108705,,,,
bayesfl_observability_v1,vi_sparse_random_keep010_seed42,103,vi,product,24,0,1375,1.9389689265985046,0.005818181818181818,0.28,30.31747039865805,30.362060525376073,1.7300096936530642,0.023122094571590424,0.9983753707605002,2.1255603737042192,0.26998727036224474,2.010817935683302,2.832200438886021,0.9975128901985783,0.0007027386798169361,,,,,1.7300096936530642,,,,
bayesfl_observability_v1,vi_sparse_random_keep010_seed42,104,vi,product,24,0,1805,2.083955964911852,0.000554016620498615,0.22493074792243767,30.362060525376073,30.410292824154183,1.6839703429787263,0.023828674107789993,0.9984656281864525,2.078574419191612,0.19110645070309065,2.013395423416047,2.792210899474337,0.9976461921140722,0.0004940323835439339,,,,,1.6839703429787263,,,,
bayesfl_observability_v1,vi_sparse_random_keep010_seed42,105,vi,product,24,0,2980,1.831505145436488,0.0010067114093959733,0.3895973154362416,30.410292824154183,30.485739625162797,1.997209268856984,0.04409036785364151,0.9978517757430593,2.2890107296574507,0.4721173296729438,2.014700910108318,3.629898681140428,0.997064782841906,0.0013530165547153683,,,,,1.997209268856984,,,,
bayesfl_observability_v1,vi_sparse_random_keep010_seed42,106,vi,product,24,0,3737,1.9335871365635828,0.0005351886540005352,0.3767728124163768,30.485739625162797,30.56157164276679,2.0712576621606225,0.03942795633338392,0.9977007652333517,2.3422779158546,0.4911537648968871,2.0160874484759037,3.66612358466228,0.9969370801272412,0.001400174769832925,,,,,2.0712576621606225,,,,
bayesfl_observability_v1,vi_sparse_random_keep010_seed42,107,vi,product,24,0,1935,2.003276011738027,0.0010335917312661498,0.19224806201550387,30.56157164276679,30.6210850421469,1.8442215295683042,0.023109493777155876,0.9981847041084764,2.179038991088578,0.3077932557097732,2.0147900696702163,2.804445824335755,0.9974189605255671,0.0007861439219100467,,,,,1.8442215295683042,,,,
bayesfl_observability_v1,vi_sparse_random_keep010_seed42,108,vi,product,24,0,2895,1.940282143275942,0.000690846286701209,0.39481865284974094,30.6210850421469,30.68706647657372,1.9556029610284507,0.03861436992883682,0.9979673586368883,2.2384914233866993,0.4595211130523382,2.013885130679378,3.6547542686217502,0.9972309952739856,0.0013210135874036923,,,,,1.9556029610284507,,,,
bayesfl_observability_v1,vi_sparse_random_keep010_seed42,109,vi,product,24,0,2336,2.055826415408383,0.0008561643835616438,0.18236301369863014,30.68706647657372,30.738616810559915,1.8542970044768985,0.02335607260465622,0.9981788189558282,2.2304209604107323,0.34325947850508026,2.015264298714889,2.807123560855904,0.9973094518867411,0.0008692496492322234,,,,,1.8542970044768985,,,,
bayesfl_observability_v1,vi_sparse_random_keep010_seed42,110,vi,product,24,0,2773,2.0605949713216156,0.002163721601153985,0.35124413992066356,30.738616810559915,30.81184182277016,1.960503590096595,0.037420352920889854,0.9979737313249106,2.277501883970348,0.44823092304010786,2.0157249462957694,3.516275888310045,0.9971645661121507,0.0012336725869414706,,,,,1.960503590096595,,,,
bayesfl_observability_v1,vi_sparse_random_keep010_seed42,111,vi,product,24,0,3173,2.066582721995574,0.005042546485975417,0.2694610778443114,30.81184182277016,30.87731560268305,2.0229140356071005,0.033556025475263596,0.9978516132062109,2.3804249845061185,0.46792198285675385,2.0140841389486175,3.4983754923351764,0.9969186433411459,0.0012626388767428966,,,,,2.0229140356071005,,,,
bayesfl_observability_v1,vi_sparse_random_keep010_seed42,112,vi,product,24,0,4370,2.2978483595335066,0.011212814645308924,0.21533180778032038,30.87731560268305,30.953103948386424,2.047896702718352,0.03361482918262482,0.9978089759520747,2.4470639970154275,0.5368160609124679,2.0147718018962575,3.5151579450731143,0.9967296186744806,0.0014737073836573636,,,,,2.047896702718352,,,,
bayesfl_observability_v1,vi_sparse_random_keep010_seed42,113,vi,product,24,0,2859,1.538665932846868,0.0006995452955578874,0.43896467296257435,30.953103948386424,31.02455778718434,1.9554872251867539,0.040348947048187256,0.9980116633673617,2.2111381456618577,0.4817988045652621,2.0187294958847417,3.6171945786973274,0.9973417541821433,0.001365093052989846,,,,,1.9554872251867539,,,,
bayesfl_observability_v1,vi_sparse_random_keep010_seed42,114,vi,product,24,0,3474,1.8336985042552865,0.0002878526194588371,0.30023028209556707,31.02455778718434,31.097035383828757,2.122171363070221,0.03851489722728729,0.99766869303904,2.358706012072063,0.565160507469808,2.014886605343767,3.5031445361698412,0.9969635059626538,0.0015703785068319723,,,,,2.122171363070221,,,,
bayesfl_observability_v1,vi_sparse_random_keep010_seed42,115,vi,product,24,0,1632,1.8955559992188526,0.0012254901960784314,0.3743872549019608,31.097035383828757,31.143436416693433,1.7525959102346234,0.030027776956558228,0.9984153128219639,2.1081747217579325,0.30858021087294646,2.014253468359555,3.2623426467825203,0.9976626468728024,0.0008336923012908013,,,,,1.7525959102346234,,,,
bayesfl_observability_v1,vi_sparse_random_keep010_seed42,116,vi,product,24,0,3801,1.7250522882106805,0.00026308866087871614,0.3704288345172323,31.143436416693433,31.233830183895492,2.2036918496989037,0.04504575487226248,0.9975079967235232,2.3684231703548186,0.5917472448061911,2.015763179791906,3.690339545391239,0.9969482703017019,0.0016570137585867567,,,,,2.2036918496989037,,,,
bayesfl_observability_v1,vi_sparse_random_keep010_seed42,117,vi,product,24,0,3983,1.8596825772862888,0.0005021340697966357,0.3163444639718805,31.233830183895492,31.318098011287663,2.1702806374413264,0.03817918989807367,0.9975960472500783,2.3682121610013667,0.5893976532439574,2.0150490057012367,3.6483963652938756,0.9969676150957324,0.0016387666794437652,,,,,2.1702806374413264,,,,
bayesfl_observability_v1,vi_sparse_random_keep010_seed42,118,vi,product,24,0,2655,1.2606791834729212,0.0003766478342749529,0.4915254237288136,31.318098011287663,31.39197339328905,2.075080960884654,0.04024285078048706,0.9978128664358139,2.2368474001125636,0.5389730686893602,2.0153002006916503,3.719064593967926,0.9973170378885923,0.0015293691949744416,,,,,2.075080960884654,,,,
bayesfl_observability_v1,vi_sparse_random_keep010_seed42,119,vi,product,24,0,2747,1.5975032592757974,0.00036403349108117945,0.45686203130688025,31.39197339328905,31.46228309272718,2.023325164788751,0.038967704866081476,0.9979300122449847,2.293900693634497,0.48193433265715646,2.0186243984276766,3.6390354466771364,0.9972284886715557,0.0012970321545568138,,,,,2.023325164788751,,,,
bayesfl_observability_v1,vi_sparse_random_keep010_seed42,120,vi,product,24,0,2938,1.591989756358092,0.0013614703880190605,0.5034036759700476,31.46228309272718,31.4843290378629,1.0468750410729482,0.023478850722312927,0.9994470544362953,1.1682256960759803,0.30804994450894113,1.0249268951540003,2.186591363985637,0.9992643358290756,0.0004809814804539709,,,,,1.0468750410729482,,,,
bayesfl_observability_v1,vi_sparse_random_keep010_seed42,121,vi,product,24,0,2991,1.8221778799995967,0.0010030090270812437,0.47074557004346373,31.4843290378629,31.505841117928206,1.0892451739748132,0.022877298295497894,0.999402185636948,1.1934068071173394,0.31729469862572857,1.0224324485206704,2.1887783269243264,0.9992322460095718,0.0004886510435391003,,,,,1.0892451739748132,,,,
bayesfl_observability_v1,vi_sparse_random_keep010_seed42,122,vi,product,24,0,2547,1.7895709233356325,0.0007852375343541421,0.4499411071849234,31.505841117928206,31.526848138350207,1.045196379361411,0.02263987436890602,0.9994503089153051,1.1604207959282147,0.2978515552552618,1.0252319428348713,2.1337312062849523,0.9992782813167297,0.000455098796335166,,,,,1.045196379361411,,,,
bayesfl_observability_v1,vi_sparse_random_keep010_seed42,123,vi,product,24,0,4769,2.211824616000658,0.0004193751310547285,0.22939819668693645,31.526848138350207,31.556043468510094,1.1777497595760245,0.020938873291015625,0.999303299700668,1.308604639660446,0.3781709939247932,1.027543706542345,2.131145750020931,0.9990691085347808,0.0005697489020367783,,,,,1.1777497595760245,,,,
bayesfl_observability_v1,vi_sparse_random_keep010_seed42,124,vi,product,24,0,2069,1.9179132103815375,0.0009666505558240696,0.3301111648139198,31.556043468510094,31.570112447824524,0.9795889717867589,0.011926088482141495,0.9995184853412702,1.1484289479259848,0.19582773014211532,1.0258939721486944,1.4839208844093574,0.9993194669080744,0.0002453434386567063,,,,,0.9795889717867589,,,,
bayesfl_observability_v1,vi_sparse_random_keep010_seed42,125,vi,product,24,0,2257,2.08657252655414,0.003544528134692069,0.2715994683207798,31.570112447824524,31.592448548968235,0.9683694826932926,0.015068087726831436,0.9995301473717333,1.1424811030257607,0.22854844873330302,1.0260420132792347,1.787388451996585,0.9993200741465096,0.0003092809612167586,,,,,0.9683694826932926,,,,
bayesfl_observability_v1,vi_sparse_random_keep010_seed42,126,vi,product,24,0,3698,2.100450796629352,0.00027041644131963225,0.24229313142239048,31.592448548968235,31.618196345457747,1.1406975648814175,0.019700676202774048,0.9993490174795965,1.2751645686985769,0.3343221193096302,1.0251457136462625,1.9770595602586631,0.9991313443866301,0.00048487530585949404,,,,,1.1406975648814175,,,,
bayesfl_observability_v1,vi_sparse_random_keep010_seed42,127,vi,product,24,0,2240,1.7816403721059433,0.020089285714285716,0.4316964285714286,31.618196345457747,31.635569196839967,0.94442737715035,0.018360786139965057,0.9995542950947176,1.0933302918427412,0.23332956632080867,1.0243586437783758,1.9660657599630265,0.9993758747343569,0.0003480129370432646,,,,,0.94442737715035,,,,
bayesfl_observability_v1,vi_sparse_random_keep010_seed42,128,vi,product,24,0,2806,1.5814365132873383,0.0007127583749109052,0.44903777619387025,31.635569196839967,31.661081415431596,1.114093323422246,0.02149687521159649,0.9993807244249058,1.1818433380501916,0.32432733358916693,1.0246335922614285,2.076261699192567,0.9992513480672941,0.00047896805096960416,,,,,1.114093323422246,,,,
bayesfl_observability_v1,vi_sparse_random_keep010_seed42,129,vi,product,24,0,4004,1.8967063031876312,0.0017482517482517483,0.3146853146853147,31.661081415431596,31.69302574536103,1.1836018284526513,0.02218043804168701,0.9993024499869909,1.2675949092243934,0.3651342869529258,1.0263783457690565,2.069121650100438,0.9991342020576857,0.0005367754152837193,,,,,1.1836018284526513,,,,
bayesfl_observability_v1,vi_sparse_random_keep010_seed42,130,vi,product,24,0,1664,2.0552981584518433,0.0018028846153846155,0.18870192307692307,31.69302574536103,31.707607261793086,0.8523466228752075,0.011493027210235596,0.9996386332431166,1.0629588203581994,0.10844608817089325,1.0242706330816163,1.4675789212359711,0.9994323301712498,0.00013452106430735414,,,,,0.8523466228752075,,,,
bayesfl_observability_v1,vi_sparse_random_keep010_seed42,131,vi,product,24,0,3182,1.2438208096205337,0.0009428032683846638,0.507228158390949,31.707607261793086,31.73590230216231,1.171688290745365,0.02134043723344803,0.9993182478423962,1.21946663479319,0.3873878173421163,1.0260478713562384,2.1543650696505416,0.9991879093864036,0.0005871231340077204,,,,,1.171688290745365,,,,
bayesfl_observability_v1,vi_sparse_random_keep010_seed42,132,vi,product,24,0,1595,1.90898367866461,0.0012539184952978057,0.25956112852664576,31.73590230216231,31.757533417300397,0.9596966442963478,0.011772707104682922,0.9995433119459107,1.1169499814414174,0.17456639923121856,1.0259038599010568,1.47106451883907,0.9993664122567232,0.00021551473383550678,,,,,0.9596966442963478,,,,
bayesfl_observability_v1,vi_sparse_random_keep010_seed42,133,vi,product,24,0,2900,1.8663071511257823,0.0003448275862068965,0.35620689655172416,31.757533417300397,31.77989210897522,1.1045691041193244,0.0182189978659153,0.999395802921162,1.2158817795308228,0.2933585532592664,1.0247200431083416,2.023501782071081,0.9992260140980213,0.000414710000512135,,,,,1.1045691041193244,,,,
bayesfl_observability_v1,vi_sparse_random_keep010_seed42,134,vi,product,24,0,950,1.8658304727399753,0.002105263157894737,0.38842105263157894,31.77989210897522,31.795374753211537,0.8774917378444633,0.01135745644569397,0.9996191056899859,1.060820245472157,0.11993585260562181,1.0238876832963282,1.5093809397680782,0.999436407378312,0.00014988681128328763,,,,,0.8774917378444633,,,,
bayesfl_observability_v1,vi_sparse_random_keep010_seed42,135,vi,product,24,0,1071,2.1863361721051624,0.0018674136321195146,0.19327731092436976,31.795374753211537,31.80780941941378,0.8108471148900053,0.006262391805648804,0.9996750263860312,1.02950659746532,0.002942002735190311,1.024833205601056,1.0344864420087867,0.9994762861535254,2.935171128227945e-06,,,,,0.8108471148900053,,,,
bayesfl_observability_v1,vi_sparse_random_keep010_seed42,136,vi,product,24,0,2228,1.9068473358594504,0.0004488330341113106,0.3464991023339318,31.80780941941378,31.83248815294545,1.030672319512552,0.019562914967536926,0.9994757266076321,1.1519880211703364,0.26017960884277636,1.0274933995046056,1.936445024774389,0.9993118172876752,0.00036387663283689536,,,,,1.030672319512552,,,,
bayesfl_observability_v1,vi_sparse_random_keep010_seed42,137,vi,product,24,0,2189,1.9313548133454672,0.0013704888076747374,0.21699406121516673,31.83248815294545,31.854917737472572,1.0207593183843064,0.01220451295375824,0.9994864770056843,1.1786263878084855,0.21185927324156098,1.0263722903501165,1.514434797913239,0.9992934464871766,0.0002613674616908853,,,,,1.0207593183843064,,,,
bayesfl_observability_v1,vi_sparse_random_keep010_seed42,138,vi,product,24,0,3016,1.8679953302977221,0.0009946949602122016,0.2957559681697613,31.854917737472572,31.87884634813935,1.0584568632631053,0.01630156021565199,0.9994486654222223,1.194477164229282,0.2803757846808229,1.026114513733133,1.7997316843565274,0.999259577563649,0.00038027542081931056,,,,,1.0584568632631053,,,,
bayesfl_observability_v1,vi_sparse_random_keep010_seed42,139,vi,product,24,0,3696,1.695887286706599,0.003246753246753247,0.295995670995671,31.87884634813935,31.90763952817046,1.1936061583388675,0.022424936294555664,0.9993000902589534,1.2376741820156556,0.4185411103243796,1.022411007911418,2.1593679059006528,0.9991622817018354,0.0006383534913028608,,,,,1.1936061583388675,,,,
bayesfl_observability_v1,vi_sparse_random_keep010_seed42,140,vi,product,24,0,1503,1.8692139437702306,0.0006653359946773121,0.24218230206254157,31.90763952817046,31.925977607520352,0.886443710674594,0.011580199003219604,0.999614479437194,1.0621593435634151,0.11306837953776076,1.0229758783236318,1.4848046739376388,0.999440327997035,0.00013907907240208751,,,,,0.886443710674594,,,,
bayesfl_observability_v1,vi_sparse_random_keep010_seed42,141,vi,product,24,0,4239,2.117266617710311,0.006605331446095777,0.25807973578674215,31.925977607520352,31.947670723839522,1.1292629184009007,0.019865989685058594,0.9993750914876459,1.2901771450887325,0.35424788911757027,1.027256662172498,2.137238495670631,0.9991240318877525,0.0005122592519982325,,,,,1.1292629184009007,,,,
bayesfl_observability_v1,vi_sparse_random_keep010_seed42,142,vi,product,24,0,2707,1.7840348774109154,0.0014776505356483192,0.3605467306981899,31.947670723839522,31.969747169111727,1.0730674352838134,0.01952587068080902,0.9994365417051314,1.1748683051965159,0.3081733993219712,1.02523019488029,2.0172607753805827,0.9992787231200112,0.0004400807275597969,,,,,1.0730674352838134,,,,
bayesfl_observability_v1,vi_sparse_random_keep010_seed42,143,vi,product,24,0,3364,2.136432241244178,0.005945303210463734,0.28953626634958385,31.969747169111727,31.993796187088957,1.0670244892073715,0.018913717940449715,0.9994437203993728,1.2151622954643548,0.2850683446550367,1.0247347886120297,1.997140665220784,0.9992393288513366,0.00039522826859174245,,,,,1.0670244892073715,,,,
bayesfl_observability_v1,vi_sparse_random_keep010_seed42,144,vi,product,24,0,2945,1.6513037063703606,0.009507640067911714,0.3881154499151104,31.993796187088957,32.0155170440095,1.092043295081405,0.02588609606027603,0.9994180956872318,1.1696544133591409,0.35528464009045013,1.0252376334503943,2.1747735386717477,0.9992715643755067,0.0005396358814976248,,,,,1.092043295081405,,,,
bayesfl_observability_v1,vi_sparse_random_keep010_seed42,145,vi,product,24,0,2912,1.4140413992967744,0.0006868131868131869,0.4326923076923077,32.0155170440095,32.038502629276095,1.1348025722234374,0.02397548407316208,0.9993725202973035,1.190659112599715,0.34572825391780654,1.0266548380420462,2.0987803779164502,0.9992516749919208,0.0005086727180741215,,,,,1.1348025722234374,,,,
bayesfl_observability_v1,vi_sparse_random_keep010_seed42,146,vi,product,24,0,4072,1.7663048925912377,0.0019646365422396855,0.3204813359528487,32.038502629276095,32.06535064094287,1.1800335814124632,0.02140025794506073,0.9993226304599122,1.240638427867073,0.38857106402446173,1.026862960164834,2.1943153766677597,0.9991789279347129,0.0005922789999509848,,,,,1.1800335814124632,,,,
bayesfl_observability_v1,vi_sparse_random_keep010_seed42,147,vi,product,24,0,2055,1.9791879666850754,0.00145985401459854,0.27153284671532846,32.06535064094287,32.08108610126828,0.9373581936865578,0.0116684939712286,0.9995730532570359,1.1216824464840027,0.18233541344116633,1.0280340886255954,1.4896040164352191,0.9993728059049026,0.00022236792885920283,,,,,0.9373581936865578,,,,
bayesfl_observability_v1,vi_sparse_random_keep010_seed42,148,vi,product,24,0,4140,1.9090758616036054,0.0007246376811594203,0.2751207729468599,32.08108610126828,32.117918619593134,1.2072875004742367,0.022708043456077576,0.9992933724902272,1.288609861567042,0.39930596728849926,1.0251491519748295,2.1407739186603405,0.9991182703899676,0.0005868693319034113,,,,,1.2072875004742367,,,,
bayesfl_observability_v1,vi_sparse_random_keep010_seed42,149,vi,product,24,0,3612,1.6760832343085863,0.004429678848283499,0.384828349944629,32.117918619593134,32.136872657726684,1.123973248389777,0.02207182627171278,0.9993882028796548,1.2264431680619563,0.36191913046223845,1.0265047314992979,2.1618992154703967,0.9992092629384293,0.0005336030218919325,,,,,1.123973248389777,,,,
bayesfl_observability_v1,vi_sparse_random_keep010_seed42,150,vi,product,24,0,4147,1.6044820830287962,0.0009645526886906198,0.38557993730407525,32.136872657726684,32.168900992971224,1.1799520135042232,0.025009918957948685,0.9993271182325553,1.2399362037960349,0.3919343048239389,1.0264886788684124,2.2310792741072367,0.9991833504404066,0.0005942796922688512,,,,,1.1799520135042232,,,,
bayesfl_observability_v1,vi_sparse_random_keep010_seed42,151,vi,product,24,0,1505,2.263542272334645,0.0053156146179402,0.24717607973421926,32.168900992971224,32.18292789764174,0.8371526276188408,0.011943437159061432,0.9996616270998571,1.061337501052151,0.11251659762893562,1.023650457894065,1.4817510229851716,0.9994502248510683,0.0001360684844749978,,,,,0.8371526276188408,,,,
bayesfl_observability_v1,vi_sparse_random_keep010_seed42,152,vi,product,24,0,3195,2.0137961398546564,0.04913928012519562,0.2431924882629108,32.18292789764174,32.211408730382225,1.0176877636227775,0.016247687861323357,0.9995008586338047,1.1910675158702562,0.27126603666894766,1.026008081031933,1.7873104508437934,0.9992809986632442,0.00035910807581207056,,,,,1.0176877636227775,,,,
bayesfl_observability_v1,vi_sparse_random_keep010_seed42,153,vi,product,24,0,3189,1.376902986355205,0.0015678896205707118,0.5374725619316401,32.211408730382225,32.23158766654156,1.160093845505012,0.02251229016110301,0.9993520620565794,1.2205208892298203,0.3533694549851668,1.0249368629915951,2.2214209532390106,0.9992237049783719,0.0005200215013754549,,,,,1.160093845505012,,,,
bayesfl_observability_v1,vi_sparse_random_keep010_seed42,154,vi,product,24,0,1658,1.9750239503439793,0.0012062726176115801,0.2195416164053076,32.23158766654156,32.24379273470238,0.92454178177773,0.012054041028022766,0.9995888317437537,1.1171175810645344,0.17246634938200991,1.027200018117541,1.471498964995251,0.9993858792188687,0.00020620813842927568,,,,,0.92454178177773,,,,
bayesfl_observability_v1,vi_sparse_random_keep010_seed42,155,vi,product,24,0,2297,1.6840635966079578,0.00043535045711797995,0.455811928602525,32.24379273470238,32.263818305047344,1.0242444181364379,0.023032188415527344,0.9994959782413441,1.131153724250787,0.2830136620347877,1.025450577272489,2.109241720500255,0.9993473375599498,0.0004154855537148668,,,,,1.0242444181364379,,,,
bayesfl_observability_v1,vi_sparse_random_keep010_seed42,156,vi,product,24,0,2249,1.7550494170585282,0.0008892841262783459,0.3468208092485549,32.263818305047344,32.288462268439446,1.0624252481672045,0.019660845398902893,0.9994585355990708,1.1691303949807428,0.2964684986820849,1.026151599158106,1.9697433659680486,0.9993024418743379,0.0004093156447927105,,,,,1.0624252481672045,,,,
bayesfl_observability_v1,vi_sparse_random_keep010_seed42,157,vi,product,24,0,2332,1.6807691296280887,0.0008576329331046312,0.3666380789022298,32.288462268439446,32.311491040642686,1.0705768831062346,0.019719749689102173,0.9994509645736561,1.1806797919458134,0.2779255022422009,1.024943309786969,1.9900300018758637,0.9992957140173468,0.00037958620785423855,,,,,1.0705768831062346,,,,
bayesfl_observability_v1,vi_sparse_random_keep010_seed42,158,vi,product,24,0,1873,2.2005955982887677,0.002135611318739989,0.19701014415376403,32.311491040642686,32.32639132929209,0.8584920617535313,0.010987382382154465,0.9996473064653285,1.062478211857433,0.10858910668579125,1.0248066531167848,1.468257855379305,0.9994543492280722,0.00012955139130189247,,,,,0.8584920617535313,,,,
bayesfl_observability_v1,vi_sparse_random_keep010_seed42,159,vi,product,24,0,3725,2.0449334698080914,0.00026845637583892615,0.21422818791946308,32.32639132929209,32.346505851739,1.1516018998439999,0.018758408725261688,0.9993660461631795,1.2843800952341742,0.3314711284079555,1.0259815489375868,1.9521049736768588,0.9991598536330586,0.00044782953451405846,,,,,1.1516018998439999,,,,
bayesfl_observability_v1,vi_sparse_random_keep010_seed42,160,vi,product,24,0,2728,1.211052257568177,0.004398826979472141,0.6312316715542522,32.346505851739,32.35407592794853,0.5549563650092998,0.011305321473628283,0.9998528871917646,0.5911805304211221,0.16507014629847216,0.5171160853709666,1.132572016135892,0.9998200903632635,0.00012513666336387439,,,,,0.5549563650092998,,,,
bayesfl_observability_v1,vi_sparse_random_keep010_seed42,161,vi,product,24,0,2168,1.8722157687136884,0.012453874538745387,0.3095018450184502,32.35407592794853,32.360349057654595,0.5204086187307915,0.00805249810218811,0.999870683584528,0.5919974850664148,0.12879863130738003,0.5153268605569957,0.924234204118667,0.999824777756728,8.403009410444136e-05,,,,,0.5204086187307915,,,,
bayesfl_observability_v1,vi_sparse_random_keep010_seed42,162,vi,product,24,0,3158,1.8586485811432312,0.004433185560481318,0.26979100696643443,32.360349057654595,32.36967507047602,0.5654212874859392,0.009433865547180176,0.9998474386189014,0.622161386451549,0.17905703905305928,0.5173942022018068,1.049295258932588,0.9998000370088194,0.00012697911017966015,,,,,0.5654212874859392,,,,
bayesfl_observability_v1,vi_sparse_random_keep010_seed42,163,vi,product,24,0,1133,1.7340631758873013,0.00176522506619594,0.4227714033539276,32.36967507047602,32.374358492878414,0.45591359534772063,0.00573301874101162,0.9999008369794672,0.548419635819367,0.07718657235525987,0.5169095233822895,0.7511860387992063,0.9998536869997097,4.648182100837903e-05,,,,,0.45591359534772063,,,,
bayesfl_observability_v1,vi_sparse_random_keep010_seed42,164,vi,product,24,0,2246,1.8469634998687465,0.003561887800534283,0.40382902938557436,32.374358492878414,32.37958637864315,0.49915989519041115,0.010208278894424438,0.9998811691332626,0.5692232314940185,0.13648575090403797,0.517000905194527,1.035017795121131,0.9998366330849363,9.866964179833746e-05,,,,,0.49915989519041115,,,,
bayesfl_observability_v1,vi_sparse_random_keep010_seed42,165,vi,product,24,0,1853,1.8897298045920745,0.0010793308148947653,0.41284403669724773,32.37958637864315,32.38700751992409,0.4865665397197977,0.008155068382620811,0.9998871474632287,0.5614268803745033,0.11272004124543256,0.516896208522117,0.9256785409475317,0.9998436936221464,7.554609237560568e-05,,,,,0.4865665397197977,,,,
bayesfl_observability_v1,vi_sparse_random_keep010_seed42,166,vi,product,24,0,2226,1.2025932815431624,0.0013477088948787063,0.6868823000898473,32.38700751992409,32.38914650701734,0.5467595818047211,0.011272549629211426,0.9998575095241541,0.5895878462395415,0.16510387871757617,0.5166415810832927,1.1363144681719592,0.9998213893853259,0.00012544262636066055,,,,,0.5467595818047211,,,,
bayesfl_observability_v1,vi_sparse_random_keep010_seed42,167,vi,product,24,0,4345,1.7359655263619356,0.0006904487917146145,0.3518987341772152,32.38914650701734,32.39837904490651,0.6224305771514059,0.011456368491053581,0.9998154417372842,0.6598347856506174,0.21850416783641352,0.5174147996184469,1.1350561651532525,0.9997699309076089,0.0001646598631127707,,,,,0.6224305771514059,,,,
bayesfl_observability_v1,vi_sparse_random_keep010_seed42,168,vi,product,24,0,3275,1.901374023909144,0.0012213740458015267,0.2381679389312977,32.39837904490651,32.406586785515245,0.5932734970640231,0.00984923541545868,0.9998324130506993,0.6493775540512771,0.17897605805622077,0.516693797994851,1.0244091831454067,0.999784030187744,0.0001270815465434429,,,,,0.5932734970640231,,,,
bayesfl_observability_v1,vi_sparse_random_keep010_seed42,169,vi,product,24,0,2678,1.8766838528747667,0.0003734129947722181,0.27632561613144135,32.406586785515245,32.413820150071054,0.5043107130921874,0.005993708968162537,0.9998789642881124,0.5968109951000452,0.10876733183709462,0.5171369360134,0.7560378845599581,0.9998248789744745,6.57049363332994e-05,,,,,0.5043107130921874,,,,
bayesfl_observability_v1,vi_sparse_random_keep010_seed42,170,vi,product,24,0,1497,2.115787911937769,0.0006680026720106881,0.2712090848363393,32.413820150071054,32.41804991923765,0.4602379855623312,0.005811616778373718,0.9998992184261193,0.550828065127743,0.08132564465811006,0.5171640939156423,0.7608519906742978,0.9998525185912216,4.935186055757278e-05,,,,,0.4602379855623312,,,,
bayesfl_observability_v1,vi_sparse_random_keep010_seed42,171,vi,product,24,0,3609,1.680027752087706,0.004987531172069825,0.4175671931282904,32.41804991923765,32.42771966944786,0.5706214635796938,0.010984957218170166,0.9998451760363987,0.6158464167472233,0.19455881203278294,0.5166553582394792,1.1266350267498757,0.9998017395006065,0.00014435463010956898,,,,,0.5706214635796938,,,,
bayesfl_observability_v1,vi_sparse_random_keep010_seed42,172,vi,product,24,0,5670,1.7333391529517155,0.0021164021164021165,0.3832451499118166,32.42771966944786,32.44319721282383,0.6851405588794387,0.012191608548164368,0.9997770191245386,0.7270001880008752,0.2554046190882906,0.5178238427632128,1.206079046890147,0.999718038732565,0.00020100184459076895,,,,,0.6851405588794387,,,,
bayesfl_observability_v1,vi_sparse_random_keep010_seed42,173,vi,product,24,0,2351,1.8073295536707663,0.0034028073160357296,0.3887707358570821,32.44319721282383,32.4479913616562,0.5095365416792235,0.005930155515670776,0.9998766978179763,0.5946496809568077,0.10771615980665392,0.5165826225449726,0.7522522063532645,0.9998265984581584,6.468455035766445e-05,,,,,0.5095365416792235,,,,
bayesfl_observability_v1,vi_sparse_random_keep010_seed42,174,vi,product,24,0,3053,1.7184799633544332,0.0006550933508024893,0.3920733704552899,32.4479913616562,32.45228202615582,0.5652926661785982,0.00986761786043644,0.9998482744827363,0.6303454339581399,0.15207121213269323,0.5161362926286298,1.0333330026969314,0.9998004509812783,0.00010442319270634995,,,,,0.5652926661785982,,,,
bayesfl_observability_v1,vi_sparse_random_keep010_seed42,175,vi,product,24,0,2616,1.837067928869256,0.0045871559633027525,0.4197247706422018,32.45228202615582,32.46132458206926,0.5698799555034716,0.0117894122377038,0.9998458952838056,0.6102548624162443,0.1845831626913274,0.5163823548966405,1.2143282177552472,0.9998071455882918,0.00014550127188126045,,,,,0.5698799555034716,,,,
bayesfl_observability_v1,vi_sparse_random_keep010_seed42,176,vi,product,24,0,3584,2.1652057257302717,0.002232142857142857,0.23660714285714285,32.46132458206926,32.470437766005915,0.5275799103096184,0.005974754691123962,0.9998680034681723,0.6457945683663674,0.11844646654401028,0.5162456212149231,0.7731514987243112,0.9997955902805871,7.167346410476115e-05,,,,,0.5275799103096184,,,,
bayesfl_observability_v1,vi_sparse_random_keep010_seed42,177,vi,product,24,0,1405,2.0648090518130524,0.0007117437722419929,0.26263345195729537,32.470437766005915,32.476152732926366,0.46169372272773357,0.005941569805145264,0.9998989447974929,0.5508830977228083,0.08178058146466347,0.5168444387859359,0.7693638979889909,0.9998529564222716,4.955190774811895e-05,,,,,0.46169372272773357,,,,
bayesfl_observability_v1,vi_sparse_random_keep010_seed42,178,vi,product,24,0,4726,1.8883041291276423,0.00042319085907744394,0.26555226407109606,32.476152732926366,32.48632961477874,0.6430212425739515,0.011659635230898857,0.9998040945012131,0.6686492057063177,0.23679855093065746,0.5168433420706248,1.1401278699994961,0.9997617527207956,0.00018226124391011047,,,,,0.6430212425739515,,,,
bayesfl_observability_v1,vi_sparse_random_keep010_seed42,179,vi,product,24,0,4407,1.9647752368113245,0.002269117313365101,0.2859087814840027,32.48632961477874,32.49620937297699,0.5735325785512086,0.01139877736568451,0.9998442514735378,0.6437104163712651,0.19740960723812673,0.5182563450363643,1.1416962846681529,0.9997854138032106,0.00014724329671523544,,,,,0.5735325785512086,,,,
bayesfl_observability_v1,vi_sparse_random_keep010_seed42,180,vi,product,24,0,1320,1.8152381444768746,0.0007575757575757576,0.29772727272727273,32.49620937297699,32.501119705893515,0.4473825310194892,0.005801808089017868,0.9999052575305418,0.5349182168090898,0.05798107094920086,0.5165180168688177,0.7516486333903979,0.9998629742787056,3.485735822004015e-05,,,,,0.4473825310194892,,,,
bayesfl_observability_v1,vi_sparse_random_keep010_seed42,181,vi,product,24,0,2928,1.981760456261573,0.0006830601092896175,0.28620218579234974,32.501119705893515,32.50501492286388,0.5497424196928506,0.009118780493736267,0.9998569730075471,0.6107835324239969,0.1632856191843111,0.5169026780684535,1.0287255353152354,0.9998109194569086,0.00011393914645547297,,,,,0.5497424196928506,,,,
bayesfl_observability_v1,vi_sparse_random_keep010_seed42,182,vi,product,24,0,2681,1.8932999767496055,0.0014919806042521448,0.28534129056322266,32.50501492286388,32.51187705461998,0.5497273444945248,0.008120924234390259,0.9998570432738497,0.621550991858616,0.1310161045168497,0.5171960180782361,0.914116666283684,0.9998091583014066,8.329719359846656e-05,,,,,0.5497273444945248,,,,
bayesfl_observability_v1,vi_sparse_random_keep010_seed42,183,vi,product,24,0,2500,2.332214062501972,0.0008,0.1404,32.51187705461998,32.517898310297475,0.4893756754925533,0.005992457270622253,0.9998867535758019,0.5975129960559208,0.10935078863196986,0.5181519441391095,0.76957910442064,0.9998255612156958,6.576519089503791e-05,,,,,0.4893756754925533,,,,
bayesfl_observability_v1,vi_sparse_random_keep010_seed42,184,vi,product,24,0,2123,1.6165321233254746,0.0004710315591144607,0.49317004239284035,32.517898310297475,32.52368104464269,0.5321039553219612,0.012060210108757019,0.999866158892756,0.5752822556585979,0.1580111002917693,0.5169584387287098,1.1251422432351135,0.9998318106137566,0.00011996952861169642,,,,,0.5321039553219612,,,,
bayesfl_observability_v1,vi_sparse_random_keep010_seed42,185,vi,product,24,0,1554,1.741509619393423,0.001287001287001287,0.4317889317889318,32.52368104464269,32.529484490910775,0.4667565416531674,0.008212193846702576,0.9998970546314939,0.5460165204036628,0.09926988547195167,0.5163296512946952,0.9173332988956916,0.9998544883788089,6.729162931439106e-05,,,,,0.4667565416531674,,,,
bayesfl_observability_v1,vi_sparse_random_keep010_seed42,186,vi,product,24,0,4373,1.9144276197358694,0.000914703864623828,0.2654927967070661,32.529484490910775,32.54244290132306,0.6488123780391003,0.012394897639751434,0.9998012497652204,0.6747686342399885,0.23638634979689505,0.5161315264695178,1.1851878964738802,0.9997587021056817,0.00017862533796626377,,,,,0.6488123780391003,,,,
bayesfl_observability_v1,vi_sparse_random_keep010_seed42,187,vi,product,24,0,1944,1.9600210722420868,0.00205761316872428,0.40689300411522633,32.54244290132306,32.54885959400069,0.482626916489478,0.010198049247264862,0.9998900664180068,0.5553470000373671,0.13054174242282923,0.5158561459137003,1.0436436899214003,0.999846440380708,9.617204447715961e-05,,,,,0.482626916489478,,,,
bayesfl_observability_v1,vi_sparse_random_keep010_seed42,188,vi,product,24,0,2515,1.9953663941520994,0.0011928429423459245,0.20675944333996024,32.54885959400069,32.556076201694665,0.4897145844852345,0.005860641598701477,0.9998868657959331,0.581825262994185,0.10447988019852135,0.5164929145549538,0.7652266381464117,0.999835164151371,6.277703006322245e-05,,,,,0.4897145844852345,,,,
bayesfl_observability_v1,vi_sparse_random_keep010_seed42,189,vi,product,24,0,1875,2.0733768491976003,0.0016,0.24426666666666666,32.556076201694665,32.56285016063249,0.47671324732233095,0.00584808737039566,0.9998928376377054,0.5652124926384811,0.09180150951840622,0.517444632843155,0.7575241037172301,0.9998453836534199,5.485653230426164e-05,,,,,0.47671324732233095,,,,
bayesfl_observability_v1,vi_sparse_random_keep010_seed42,190,vi,product,24,0,1609,1.9208432947840584,0.0018645121193287756,0.25668116842759475,32.56285016063249,32.56504932261516,0.46109029006065066,0.005903411656618118,0.9998997561063333,0.549526336209184,0.07728374298523992,0.5165384072413683,0.7472076765228678,0.9998548342944625,4.608082989534394e-05,,,,,0.46109029006065066,,,,
bayesfl_observability_v1,vi_sparse_random_keep010_seed42,191,vi,product,24,0,2821,1.4933232148244864,0.0003544842254519674,0.5054945054945055,32.56504932261516,32.56842024178657,0.5507204700595685,0.011227436363697052,0.9998570224871753,0.5873145705631394,0.17783921118053508,0.5166926039521629,1.128913907749531,0.9998225954055364,0.00013317597614569276,,,,,0.5507204700595685,,,,
bayesfl_observability_v1,vi_sparse_random_keep010_seed42,192,vi,product,24,0,3578,1.7173314098410841,0.002794857462269424,0.39351593068753493,32.56842024178657,32.57393248279485,0.6048139487353255,0.014120765030384064,0.9998276105671584,0.6119864270186358,0.2367331922812158,0.5169237178202899,1.2278223591650206,0.9997972467775544,0.00019319048705680977,,,,,0.6048139487353255,,,,
bayesfl_observability_v1,vi_sparse_random_keep010_seed42,193,vi,product,24,0,1627,1.8577030324540753,0.0006146281499692685,0.27289489858635524,32.57393248279485,32.579343342082055,0.46337117445291987,0.005898073315620422,0.9998988522351319,0.5500331159162479,0.07750158015829098,0.5170242563335279,0.7480993356977131,0.999854658993386,4.6200619844950024e-05,,,,,0.46337117445291987,,,,
bayesfl_observability_v1,vi_sparse_random_keep010_seed42,194,vi,product,24,0,1823,1.9560629257050672,0.0038398244651673065,0.34284147010422383,32.579343342082055,32.58672379188496,0.46876957148544557,0.008116215467453003,0.9998965338862198,0.5480936841198686,0.10565055335178955,0.5166258535338022,0.9432993438281159,0.9998533018059813,7.268469414155924e-05,,,,,0.46876957148544557,,,,
bayesfl_observability_v1,vi_sparse_random_keep010_seed42,195,vi,product,24,0,3144,1.716876799231985,0.0006361323155216285,0.29993638676844786,32.58672379188496,32.597235888550415,0.5772434914503743,0.010133989155292511,0.9998432084808256,0.6232935287045567,0.1804656734171216,0.5169950922354555,1.03553087477389,0.9998018972609495,0.00012589918731418617,,,,,0.5772434914503743,,,,
bayesfl_observability_v1,vi_sparse_random_keep010_seed42,196,vi,product,24,0,2600,1.9891587992086432,0.0015384615384615385,0.3515384615384615,32.597235888550415,32.605024432405834,0.5192791921230414,0.009592205286026001,0.9998731738441686,0.5867037426894209,0.15059096576830827,0.5166520066567944,1.0689022796261305,0.9998274708543844,0.00010787401610003827,,,,,0.5192791921230414,,,,
bayesfl_observability_v1,vi_sparse_random_keep010_seed42,197,vi,product,24,0,4324,1.8623919901492054,0.00023126734505087883,0.3108233117483811,32.605024432405834,32.61500899160719,0.6082487098599632,0.011619824916124344,0.9998260944975147,0.6641536004487579,0.21105588903483094,0.5172241336668345,1.2262840707905762,0.9997718309097512,0.00016270982129000703,,,,,0.6082487098599632,,,,
bayesfl_observability_v1,vi_sparse_random_keep010_seed42,198,vi,product,24,0,2985,1.6465315494062787,0.00033500837520938025,0.4726968174204355,32.61500899160719,32.623719427102465,0.5715688515237395,0.013921312987804413,0.9998465187734222,0.5974320943756453,0.18744571371109645,0.5164586824989165,1.2326784374167956,0.9998158628093076,0.00014901712478995662,,,,,0.5715688515237395,,,,
bayesfl_observability_v1,vi_sparse_random_keep010_seed42,199,vi,product,24,0,2579,1.7936276269751759,0.00038774718883288094,0.40907328421868944,32.623719427102465,32.62942363132061,0.5616642159885703,0.011589668691158295,0.9998518383372689,0.6043791275312709,0.1838059704190809,0.5169210333476986,1.1420819881251074,0.9998127011868704,0.00013649126611806834,,,,,0.5616642159885703,,,,
bayesfl_observability_v1,vi_sparse_random_keep010_seed42,200,vi,product,24,0,5480,1.8501328760231417,0.0010948905109489052,0.2569343065693431,32.62942363132061,32.64442010680678,0.6989710836229256,0.014388486742973328,0.9997707707138698,0.6998371521204908,0.27847930772624924,0.5163005344206003,1.2200934187014982,0.9997338929010229,0.00022293377333143744,,,,,0.6989710836229256,,,,
