rank,run_label,status,method,lr,batch_size,local_epochs,ola_prior_lambda,precision_init,precision_floor,fisher_clip,posterior_sample_scale,client_fraction,num_rounds,final_round,final_global_accuracy,final_global_mean_accuracy,final_global_mc_accuracy,final_global_loss,final_global_mean_loss,final_global_mc_loss,final_global_ece,final_global_mean_ece,final_global_mc_ece,final_global_nll,final_local_accuracy_weighted,final_posterior_sigma_mean,final_posterior_snr_raw_p50,output_dir
1,ola_lr0p005_b32_e2_lam0p05_pinit0p001_fclip10p0,ok,ola,0.005,32,2,0.05,0.001,1e-8,10.0,0.001,0.05,60,60,0.8857,0.8857,0.8739,0.41371913380622866,0.41371913380622866,0.4758689946174622,0.08579570754617452,0.08579570754617452,0.12252052957862616,0.41371913380622866,0.9821329925680836,30.566372547724093,0.0005892351964109288,outputs/tune_ola_mnist_noniid_unbalanced_fixed/ola_lr0p005_b32_e2_lam0p05_pinit0p001_fclip10p0
2,ola_lr0p005_b32_e2_lam0p01_pinit0p001_fclip10p0,ok,ola,0.005,32,2,0.01,0.001,1e-8,10.0,0.001,0.05,60,60,0.8857,0.8857,0.8739,0.41371913528442383,0.41371913528442383,0.47586900181770325,0.08579571014046672,0.08579571014046672,0.12252053123712542,0.41371913528442383,0.9821329925680836,30.566372543975742,0.0005892349674635868,outputs/tune_ola_mnist_noniid_unbalanced_fixed/ola_lr0p005_b32_e2_lam0p01_pinit0p001_fclip10p0
3,ola_lr0p005_b32_e2_lam0p001_pinit0p001_fclip10p0,ok,ola,0.005,32,2,0.001,0.001,1e-8,10.0,0.001,0.05,60,60,0.8857,0.8857,0.8739,0.4137191465854645,0.4137191465854645,0.4758689996957779,0.08579571519941094,0.08579571519941094,0.12252052948027849,0.4137191465854645,0.9821329925680836,30.566372539993118,0.0005892350274258237,outputs/tune_ola_mnist_noniid_unbalanced_fixed/ola_lr0p005_b32_e2_lam0p001_pinit0p001_fclip10p0
4,ola_lr0p005_b32_e2_lam0p01_pinit0p01_fclip10p0,ok,ola,0.005,32,2,0.01,0.01,1e-8,10.0,0.001,0.05,60,60,0.8855,0.8855,0.8829,0.41787287662029265,0.41787287662029265,0.4251554680109024,0.08849936308413742,0.08849936308413742,0.09231520913243295,0.41787287662029265,0.9821329925680836,9.952288754065776,0.0018135024687913567,outputs/tune_ola_mnist_noniid_unbalanced_fixed/ola_lr0p005_b32_e2_lam0p01_pinit0p01_fclip10p0
5,ola_lr0p005_b32_e2_lam0p001_pinit0p01_fclip10p0,ok,ola,0.005,32,2,0.001,0.01,1e-8,10.0,0.001,0.05,60,60,0.8855,0.8855,0.8829,0.4178728709697723,0.4178728709697723,0.42515546338558197,0.08849936479181048,0.08849936479181048,0.09231521145552397,0.4178728709697723,0.9821329925680836,9.9522887538971,0.0018135023768261786,outputs/tune_ola_mnist_noniid_unbalanced_fixed/ola_lr0p005_b32_e2_lam0p001_pinit0p01_fclip10p0
6,ola_lr0p005_b32_e2_lam0p05_pinit0p01_fclip10p0,ok,ola,0.005,32,2,0.05,0.01,1e-8,10.0,0.001,0.05,60,60,0.8855,0.8855,0.8829,0.41787287628650666,0.41787287628650666,0.425155465388298,0.0884993648946285,0.0884993648946285,0.09231521114856005,0.41787287628650666,0.9821329925680836,9.952288754356275,0.0018135026565155566,outputs/tune_ola_mnist_noniid_unbalanced_fixed/ola_lr0p005_b32_e2_lam0p05_pinit0p01_fclip10p0
7,ola_lr0p005_b32_e1_lam0p05_pinit0p001_fclip10p0,ok,ola,0.005,32,1,0.05,0.001,1e-8,10.0,0.001,0.05,60,60,0.8723,0.8723,0.8593,0.48280078377723695,0.48280078377723695,0.5524163147449493,0.1235218242615461,0.1235218242615461,0.15962088699638843,0.48280078377723695,0.9777998197226335,30.089246179685738,0.0005968050746410828,outputs/tune_ola_mnist_noniid_unbalanced_fixed/ola_lr0p005_b32_e1_lam0p05_pinit0p001_fclip10p0
8,ola_lr0p005_b32_e1_lam0p01_pinit0p001_fclip10p0,ok,ola,0.005,32,1,0.01,0.001,1e-8,10.0,0.001,0.05,60,60,0.8723,0.8723,0.8593,0.4828008176326752,0.4828008176326752,0.552416335105896,0.12352189697623252,0.12352189697623252,0.1596209645777941,0.4828008176326752,0.9777998197226335,30.089246224553502,0.0005968050746410828,outputs/tune_ola_mnist_noniid_unbalanced_fixed/ola_lr0p005_b32_e1_lam0p01_pinit0p001_fclip10p0
9,ola_lr0p005_b32_e1_lam0p001_pinit0p001_fclip10p0,ok,ola,0.005,32,1,0.001,0.001,1e-8,10.0,0.001,0.05,60,60,0.8723,0.8723,0.8593,0.48280082376003264,0.48280082376003264,0.5524163347244263,0.12352189993858337,0.12352189993858337,0.15962096460759642,0.48280082376003264,0.9777998197226335,30.089246224237236,0.0005968049846968217,outputs/tune_ola_mnist_noniid_unbalanced_fixed/ola_lr0p005_b32_e1_lam0p001_pinit0p001_fclip10p0
10,ola_lr0p005_b64_e2_lam0p001_pinit0p001_fclip10p0,ok,ola,0.005,64,2,0.001,0.001,1e-8,10.0,0.001,0.05,60,60,0.8722,0.8722,0.8605,0.4797269127845764,0.4797269127845764,0.5530589902400971,0.11932938062697651,0.11932938062697651,0.15847992844879627,0.4797269127845764,0.9777998197226335,30.294082185609923,0.0005928296388916729,outputs/tune_ola_mnist_noniid_unbalanced_fixed/ola_lr0p005_b64_e2_lam0p001_pinit0p001_fclip10p0
11,ola_lr0p005_b64_e2_lam0p01_pinit0p001_fclip10p0,ok,ola,0.005,64,2,0.01,0.001,1e-8,10.0,0.001,0.05,60,60,0.8722,0.8722,0.8605,0.4797269127845764,0.4797269127845764,0.5530589902400971,0.11932938062697651,0.11932938062697651,0.15847992844879627,0.4797269127845764,0.9777998197226335,30.294082185609923,0.0005928296388916729,outputs/tune_ola_mnist_noniid_unbalanced_fixed/ola_lr0p005_b64_e2_lam0p01_pinit0p001_fclip10p0
12,ola_lr0p005_b64_e2_lam0p05_pinit0p001_fclip10p0,ok,ola,0.005,64,2,0.05,0.001,1e-8,10.0,0.001,0.05,60,60,0.8722,0.8722,0.8605,0.4797269127845764,0.4797269127845764,0.5530589902400971,0.11932938062697651,0.11932938062697651,0.15847992844879627,0.4797269127845764,0.9777998197226335,30.294082185609923,0.0005928296388916729,outputs/tune_ola_mnist_noniid_unbalanced_fixed/ola_lr0p005_b64_e2_lam0p05_pinit0p001_fclip10p0
13,ola_lr0p005_b32_e1_lam0p05_pinit0p01_fclip10p0,ok,ola,0.005,32,1,0.05,0.01,1e-8,10.0,0.001,0.05,60,60,0.872,0.872,0.8689,0.48923907940387723,0.48923907940387723,0.49843714673519135,0.12777875067442654,0.12777875067442654,0.13175551492869852,0.48923907940387723,0.9734666468771833,9.92742498964203,0.0018139794583793118,outputs/tune_ola_mnist_noniid_unbalanced_fixed/ola_lr0p005_b32_e1_lam0p05_pinit0p01_fclip10p0
14,ola_lr0p005_b32_e1_lam0p001_pinit0p01_fclip10p0,ok,ola,0.005,32,1,0.001,0.01,1e-8,10.0,0.001,0.05,60,60,0.872,0.872,0.8689,0.4892391497850418,0.4892391497850418,0.49843718485832217,0.12777879527956246,0.12777879527956246,0.13175555283725265,0.4892391497850418,0.9734666468771833,9.927424993259189,0.0018139797379367146,outputs/tune_ola_mnist_noniid_unbalanced_fixed/ola_lr0p005_b32_e1_lam0p001_pinit0p01_fclip10p0
15,ola_lr0p005_b32_e1_lam0p01_pinit0p01_fclip10p0,ok,ola,0.005,32,1,0.01,0.01,1e-8,10.0,0.001,0.05,60,60,0.872,0.872,0.8689,0.4892391535997391,0.4892391535997391,0.4984371867656708,0.1277787970662117,0.1277787970662117,0.13175555414855483,0.4892391535997391,0.9734666468771833,9.927424992903097,0.0018139798311225157,outputs/tune_ola_mnist_noniid_unbalanced_fixed/ola_lr0p005_b32_e1_lam0p01_pinit0p01_fclip10p0
16,ola_lr0p005_b64_e2_lam0p001_pinit0p01_fclip10p0,ok,ola,0.005,64,2,0.001,0.01,1e-8,10.0,0.001,0.05,60,60,0.8713,0.8713,0.8698,0.48640806188583374,0.48640806188583374,0.4963184128284454,0.12316929096281529,0.12316929096281529,0.12866743022948504,0.48640806188583374,0.9777998197226335,9.937243515641374,0.0018124793045569037,outputs/tune_ola_mnist_noniid_unbalanced_fixed/ola_lr0p005_b64_e2_lam0p001_pinit0p01_fclip10p0
17,ola_lr0p005_b64_e2_lam0p01_pinit0p01_fclip10p0,ok,ola,0.005,64,2,0.01,0.01,1e-8,10.0,0.001,0.05,60,60,0.8713,0.8713,0.8698,0.48640806188583374,0.48640806188583374,0.4963184128284454,0.12316929096281529,0.12316929096281529,0.12866743022948504,0.48640806188583374,0.9777998197226335,9.937243515641374,0.0018124793045569037,outputs/tune_ola_mnist_noniid_unbalanced_fixed/ola_lr0p005_b64_e2_lam0p01_pinit0p01_fclip10p0
18,ola_lr0p005_b64_e2_lam0p05_pinit0p01_fclip10p0,ok,ola,0.005,64,2,0.05,0.01,1e-8,10.0,0.001,0.05,60,60,0.8713,0.8713,0.8698,0.4864080603599548,0.4864080603599548,0.49631841778755187,0.12316929335594176,0.12316929335594176,0.12866743257492783,0.4864080603599548,0.9777998197226335,9.93724351855103,0.0018124791166735012,outputs/tune_ola_mnist_noniid_unbalanced_fixed/ola_lr0p005_b64_e2_lam0p05_pinit0p01_fclip10p0
19,ola_lr0p002_b32_e2_lam0p001_pinit0p001_fclip10p0,ok,ola,0.002,32,2,0.001,0.001,1e-8,10.0,0.001,0.05,60,60,0.8639,0.8639,0.8503,0.5218237082004548,0.5218237082004548,0.5954654257297516,0.14025333291143183,0.14025333291143183,0.17645711317509416,0.5218237082004548,0.9734413066851046,29.97856840068727,0.0005991693976147707,outputs/tune_ola_mnist_noniid_unbalanced_fixed/ola_lr0p002_b32_e2_lam0p001_pinit0p001_fclip10p0
20,ola_lr0p002_b32_e2_lam0p05_pinit0p001_fclip10p0,ok,ola,0.002,32,2,0.05,0.001,1e-8,10.0,0.001,0.05,60,60,0.8639,0.8639,0.8503,0.521823709821701,0.521823709821701,0.5954654273986817,0.1402533353894949,0.1402533353894949,0.1764571149915457,0.521823709821701,0.9734413066851046,29.97856839129999,0.0005991694878608927,outputs/tune_ola_mnist_noniid_unbalanced_fixed/ola_lr0p002_b32_e2_lam0p05_pinit0p001_fclip10p0
21,ola_lr0p002_b32_e2_lam0p01_pinit0p001_fclip10p0,ok,ola,0.002,32,2,0.01,0.001,1e-8,10.0,0.001,0.05,60,60,0.8639,0.8639,0.8503,0.5218237147092819,0.5218237147092819,0.595465425157547,0.14025333929955963,0.14025333929955963,0.17645711773037911,0.5218237147092819,0.9734413066851046,29.978568401197982,0.0005991693744130423,outputs/tune_ola_mnist_noniid_unbalanced_fixed/ola_lr0p002_b32_e2_lam0p01_pinit0p001_fclip10p0
22,ola_lr0p002_b32_e2_lam0p001_pinit0p01_fclip10p0,ok,ola,0.002,32,2,0.001,0.01,1e-8,10.0,0.001,0.05,60,60,0.8625,0.8625,0.8602,0.5293856622219085,0.5293856622219085,0.539390843296051,0.14400440832227468,0.14400440832227468,0.14881074736416344,0.5293856622219085,0.9734413066851046,9.921750205781589,0.0018144298455507,outputs/tune_ola_mnist_noniid_unbalanced_fixed/ola_lr0p002_b32_e2_lam0p001_pinit0p01_fclip10p0
23,ola_lr0p002_b32_e2_lam0p01_pinit0p01_fclip10p0,ok,ola,0.002,32,2,0.01,0.01,1e-8,10.0,0.001,0.05,60,60,0.8625,0.8625,0.8602,0.5293856634140015,0.5293856634140015,0.5393908462524414,0.14400440934598444,0.14400440934598444,0.1488107500731945,0.5293856634140015,0.9734413066851048,9.921750205840157,0.0018144298455507,outputs/tune_ola_mnist_noniid_unbalanced_fixed/ola_lr0p002_b32_e2_lam0p01_pinit0p01_fclip10p0
24,ola_lr0p002_b32_e2_lam0p05_pinit0p01_fclip10p0,ok,ola,0.002,32,2,0.05,0.01,1e-8,10.0,0.001,0.05,60,60,0.8625,0.8625,0.8602,0.5293858038902283,0.5293858038902283,0.539390992641449,0.14400442962795493,0.14400442962795493,0.14881078048348428,0.5293858038902283,0.9734413066851046,9.921750191411347,0.001814429729330105,outputs/tune_ola_mnist_noniid_unbalanced_fixed/ola_lr0p002_b32_e2_lam0p05_pinit0p01_fclip10p0
25,ola_lr0p005_b64_e1_lam0p001_pinit0p001_fclip10p0,ok,ola,0.005,64,1,0.001,0.001,1e-8,10.0,0.001,0.05,60,60,0.8517,0.8517,0.8346,0.6000870621204376,0.6000870621204376,0.6857448066234588,0.17999293476492162,0.17999293476492162,0.2150164856314659,0.6000870621204376,0.9647749609942042,29.711704219939655,0.0006038965837203247,outputs/tune_ola_mnist_noniid_unbalanced_fixed/ola_lr0p005_b64_e1_lam0p001_pinit0p001_fclip10p0
26,ola_lr0p005_b64_e1_lam0p01_pinit0p001_fclip10p0,ok,ola,0.005,64,1,0.01,0.001,1e-8,10.0,0.001,0.05,60,60,0.8517,0.8517,0.8346,0.6000870621204376,0.6000870621204376,0.6857448066234588,0.17999293476492162,0.17999293476492162,0.2150164856314659,0.6000870621204376,0.9647749609942043,29.711704219939655,0.0006038965837203247,outputs/tune_ola_mnist_noniid_unbalanced_fixed/ola_lr0p005_b64_e1_lam0p01_pinit0p001_fclip10p0
27,ola_lr0p005_b64_e1_lam0p05_pinit0p001_fclip10p0,ok,ola,0.005,64,1,0.05,0.001,1e-8,10.0,0.001,0.05,60,60,0.8517,0.8517,0.8346,0.6000870621204376,0.6000870621204376,0.6857448066234588,0.17999293476492162,0.17999293476492162,0.2150164856314659,0.6000870621204376,0.9647749609942042,29.711704219939655,0.0006038965837203247,outputs/tune_ola_mnist_noniid_unbalanced_fixed/ola_lr0p005_b64_e1_lam0p05_pinit0p001_fclip10p0
28,ola_lr0p005_b64_e1_lam0p001_pinit0p01_fclip10p0,ok,ola,0.005,64,1,0.001,0.01,1e-8,10.0,0.001,0.05,60,60,0.8493,0.8493,0.8473,0.6116065279483796,0.6116065279483796,0.6245983965396881,0.18489795170873402,0.18489795170873402,0.1911297574445605,0.6116065279483796,0.9691081338396546,9.906721670100248,0.0018144790082116778,outputs/tune_ola_mnist_noniid_unbalanced_fixed/ola_lr0p005_b64_e1_lam0p001_pinit0p01_fclip10p0
29,ola_lr0p005_b64_e1_lam0p01_pinit0p01_fclip10p0,ok,ola,0.005,64,1,0.01,0.01,1e-8,10.0,0.001,0.05,60,60,0.8493,0.8493,0.8473,0.6116065279483796,0.6116065279483796,0.6245983965396881,0.18489795170873402,0.18489795170873402,0.1911297574445605,0.6116065279483796,0.9691081338396544,9.906721670100248,0.0018144790082116778,outputs/tune_ola_mnist_noniid_unbalanced_fixed/ola_lr0p005_b64_e1_lam0p01_pinit0p01_fclip10p0
30,ola_lr0p005_b64_e1_lam0p05_pinit0p01_fclip10p0,ok,ola,0.005,64,1,0.05,0.01,1e-8,10.0,0.001,0.05,60,60,0.8493,0.8493,0.8473,0.6116065279483796,0.6116065279483796,0.6245983965396881,0.18489795170873402,0.18489795170873402,0.1911297574445605,0.6116065279483796,0.9691081338396544,9.906721670100248,0.0018144790082116778,outputs/tune_ola_mnist_noniid_unbalanced_fixed/ola_lr0p005_b64_e1_lam0p05_pinit0p01_fclip10p0
31,ola_lr0p002_b64_e2_lam0p05_pinit0p001_fclip10p0,ok,ola,0.002,64,2,0.05,0.001,1e-8,10.0,0.001,0.05,60,60,0.838,0.838,0.8208,0.6643295901298523,0.6643295901298523,0.7564562650680542,0.20575137793123724,0.20575137793123724,0.2411599762827158,0.6643295901298523,0.9558769335471563,29.597259788069472,0.000606114970598685,outputs/tune_ola_mnist_noniid_unbalanced_fixed/ola_lr0p002_b64_e2_lam0p05_pinit0p001_fclip10p0
32,ola_lr0p002_b64_e2_lam0p001_pinit0p001_fclip10p0,ok,ola,0.002,64,2,0.001,0.001,1e-8,10.0,0.001,0.05,60,60,0.838,0.838,0.8208,0.6643295928001404,0.6643295928001404,0.756456269454956,0.2057513803213835,0.2057513803213835,0.24115997828692196,0.6643295928001404,0.9558769335471563,29.59725978577595,0.000606114970598685,outputs/tune_ola_mnist_noniid_unbalanced_fixed/ola_lr0p002_b64_e2_lam0p001_pinit0p001_fclip10p0
33,ola_lr0p002_b64_e2_lam0p01_pinit0p001_fclip10p0,ok,ola,0.002,64,2,0.01,0.001,1e-8,10.0,0.001,0.05,60,60,0.838,0.838,0.8208,0.6643295928001404,0.6643295928001404,0.756456269454956,0.2057513803213835,0.2057513803213835,0.24115997828692196,0.6643295928001404,0.9558769335471563,29.59725978577595,0.000606114970598685,outputs/tune_ola_mnist_noniid_unbalanced_fixed/ola_lr0p002_b64_e2_lam0p01_pinit0p001_fclip10p0
34,ola_lr0p002_b32_e1_lam0p001_pinit0p001_fclip10p0,ok,ola,0.002,32,1,0.001,0.001,1e-8,10.0,0.001,0.05,60,60,0.8369,0.8369,0.8219,0.6762100766181945,0.6762100766181945,0.7651114652633667,0.21275001886934036,0.21275001886934036,0.2488293768450618,0.6762100766181945,0.9558769335471563,29.42008400702507,0.0006095381697965221,outputs/tune_ola_mnist_noniid_unbalanced_fixed/ola_lr0p002_b32_e1_lam0p001_pinit0p001_fclip10p0
35,ola_lr0p002_b32_e1_lam0p01_pinit0p001_fclip10p0,ok,ola,0.002,32,1,0.01,0.001,1e-8,10.0,0.001,0.05,60,60,0.8369,0.8369,0.8219,0.6762100766181945,0.6762100766181945,0.7651114652633667,0.21275001886934036,0.21275001886934036,0.2488293768450618,0.6762100766181945,0.9558769335471563,29.42008400702507,0.0006095381697965221,outputs/tune_ola_mnist_noniid_unbalanced_fixed/ola_lr0p002_b32_e1_lam0p01_pinit0p001_fclip10p0
36,ola_lr0p002_b32_e1_lam0p05_pinit0p001_fclip10p0,ok,ola,0.002,32,1,0.05,0.001,1e-8,10.0,0.001,0.05,60,60,0.8369,0.8369,0.8219,0.6762100766181945,0.6762100766181945,0.7651114652633667,0.21275001886934036,0.21275001886934036,0.2488293768450618,0.6762100766181945,0.9558769335471563,29.42008400702507,0.0006095381697965221,outputs/tune_ola_mnist_noniid_unbalanced_fixed/ola_lr0p002_b32_e1_lam0p05_pinit0p001_fclip10p0
37,ola_lr0p002_b32_e1_lam0p05_pinit0p01_fclip10p0,ok,ola,0.002,32,1,0.05,0.01,1e-8,10.0,0.001,0.05,60,60,0.8359,0.8359,0.8344,0.6900150129318238,0.6900150129318238,0.7036802981376648,0.220028438949585,0.220028438949585,0.22694072657525544,0.6900150129318238,0.9558769335471563,9.89192801119947,0.0018165478212185068,outputs/tune_ola_mnist_noniid_unbalanced_fixed/ola_lr0p002_b32_e1_lam0p05_pinit0p01_fclip10p0
38,ola_lr0p002_b32_e1_lam0p001_pinit0p01_fclip10p0,ok,ola,0.002,32,1,0.001,0.01,1e-8,10.0,0.001,0.05,60,60,0.8359,0.8359,0.8344,0.6900150036811828,0.6900150036811828,0.7036802910804748,0.22002843993008137,0.22002843993008137,0.2269407263427973,0.6900150036811828,0.9558769335471563,9.891928013235292,0.0018165478212185068,outputs/tune_ola_mnist_noniid_unbalanced_fixed/ola_lr0p002_b32_e1_lam0p001_pinit0p01_fclip10p0
39,ola_lr0p002_b32_e1_lam0p01_pinit0p01_fclip10p0,ok,ola,0.002,32,1,0.01,0.01,1e-8,10.0,0.001,0.05,60,60,0.8359,0.8359,0.8344,0.6900150036811828,0.6900150036811828,0.7036802910804748,0.22002843993008137,0.22002843993008137,0.2269407263427973,0.6900150036811828,0.9558769335471563,9.891928013235292,0.0018165478212185068,outputs/tune_ola_mnist_noniid_unbalanced_fixed/ola_lr0p002_b32_e1_lam0p01_pinit0p01_fclip10p0
40,ola_lr0p002_b64_e2_lam0p001_pinit0p01_fclip10p0,ok,ola,0.002,64,2,0.001,0.01,1e-8,10.0,0.001,0.05,60,60,0.8358,0.8358,0.834,0.6781879673004151,0.6781879673004151,0.6926234462738037,0.2119711881697178,0.2119711881697178,0.21866503453701736,0.6781879673004151,0.9602354465846851,9.900964415554824,0.0018146496348139945,outputs/tune_ola_mnist_noniid_unbalanced_fixed/ola_lr0p002_b64_e2_lam0p001_pinit0p01_fclip10p0
41,ola_lr0p002_b64_e2_lam0p05_pinit0p01_fclip10p0,ok,ola,0.002,64,2,0.05,0.01,1e-8,10.0,0.001,0.05,60,60,0.8358,0.8358,0.834,0.6781879576683044,0.6781879576683044,0.6926234428405762,0.21197118952125313,0.21197118952125313,0.21866503229439258,0.6781879576683044,0.9602354465846851,9.900964415683672,0.0018146496348139945,outputs/tune_ola_mnist_noniid_unbalanced_fixed/ola_lr0p002_b64_e2_lam0p05_pinit0p01_fclip10p0
42,ola_lr0p002_b64_e2_lam0p01_pinit0p01_fclip10p0,ok,ola,0.002,64,2,0.01,0.01,1e-8,10.0,0.001,0.05,60,60,0.8358,0.8358,0.834,0.6781879593849182,0.6781879593849182,0.6926234466552734,0.2119711906850338,0.2119711906850338,0.21866503651142125,0.6781879593849182,0.960235446584685,9.900964414922289,0.001814650009876561,outputs/tune_ola_mnist_noniid_unbalanced_fixed/ola_lr0p002_b64_e2_lam0p01_pinit0p01_fclip10p0
43,ola_lr0p001_b32_e2_lam0p001_pinit0p001_fclip10p0,ok,ola,0.001,32,2,0.001,0.001,1e-8,10.0,0.001,0.05,60,60,0.8355,0.8355,0.8204,0.6787960782527923,0.6787960782527923,0.7676853671073913,0.21229556876569988,0.21229556876569988,0.24828303304612634,0.6787960782527923,0.9514956143367568,29.441203309602468,0.0006092690257072338,outputs/tune_ola_mnist_noniid_unbalanced_fixed/ola_lr0p001_b32_e2_lam0p001_pinit0p001_fclip10p0
44,ola_lr0p001_b32_e2_lam0p01_pinit0p001_fclip10p0,ok,ola,0.001,32,2,0.01,0.001,1e-8,10.0,0.001,0.05,60,60,0.8355,0.8355,0.8204,0.6787960782527923,0.6787960782527923,0.7676853671073913,0.21229556876569988,0.21229556876569988,0.24828303304612634,0.6787960782527923,0.9514956143367568,29.441203309602468,0.0006092690257072338,outputs/tune_ola_mnist_noniid_unbalanced_fixed/ola_lr0p001_b32_e2_lam0p01_pinit0p001_fclip10p0
45,ola_lr0p001_b32_e2_lam0p05_pinit0p001_fclip10p0,ok,ola,0.001,32,2,0.05,0.001,1e-8,10.0,0.001,0.05,60,60,0.8355,0.8355,0.8204,0.6787960826873779,0.6787960826873779,0.7676853683471679,0.21229557069242003,0.21229557069242003,0.24828303538858895,0.6787960826873779,0.9514956143367568,29.441203294873787,0.0006092690257072338,outputs/tune_ola_mnist_noniid_unbalanced_fixed/ola_lr0p001_b32_e2_lam0p05_pinit0p001_fclip10p0
46,ola_lr0p001_b32_e2_lam0p01_pinit0p01_fclip10p0,ok,ola,0.001,32,2,0.01,0.01,1e-8,10.0,0.001,0.05,60,60,0.8342,0.8342,0.8331,0.6924109983444214,0.6924109983444214,0.7060445104598999,0.2191668613061309,0.2191668613061309,0.22645738195031886,0.6924109983444214,0.9514956143367567,9.893157522969107,0.001816407499588868,outputs/tune_ola_mnist_noniid_unbalanced_fixed/ola_lr0p001_b32_e2_lam0p01_pinit0p01_fclip10p0
47,ola_lr0p001_b32_e2_lam0p001_pinit0p01_fclip10p0,ok,ola,0.001,32,2,0.001,0.01,1e-8,10.0,0.001,0.05,60,60,0.8342,0.8342,0.8331,0.6924110000610352,0.6924110000610352,0.7060445114135743,0.21916686305552718,0.21916686305552718,0.22645738457590348,0.6924110000610352,0.9514956143367568,9.893157522884769,0.001816407499588868,outputs/tune_ola_mnist_noniid_unbalanced_fixed/ola_lr0p001_b32_e2_lam0p001_pinit0p01_fclip10p0
48,ola_lr0p001_b32_e2_lam0p05_pinit0p01_fclip10p0,ok,ola,0.001,32,2,0.05,0.01,1e-8,10.0,0.001,0.05,60,60,0.8342,0.8342,0.8331,0.6924110014915467,0.6924110014915467,0.7060445139884949,0.21916686350256204,0.21916686350256204,0.22645738417804243,0.6924110014915467,0.9514956143367568,9.89315752291991,0.0018164076861194166,outputs/tune_ola_mnist_noniid_unbalanced_fixed/ola_lr0p001_b32_e2_lam0p05_pinit0p01_fclip10p0
49,ola_lr0p002_b64_e1_lam0p001_pinit0p001_fclip10p0,ok,ola,0.002,64,1,0.001,0.001,1e-8,10.0,0.001,0.05,60,60,0.7983,0.7983,0.7702,0.95256355342865,0.95256355342865,1.0670956695556642,0.32663706568330525,0.32663706568330525,0.3464345434755087,0.95256355342865,0.9207334322909304,29.151088840832372,0.0006143764584300331,outputs/tune_ola_mnist_noniid_unbalanced_fixed/ola_lr0p002_b64_e1_lam0p001_pinit0p001_fclip10p0
50,ola_lr0p002_b64_e1_lam0p01_pinit0p001_fclip10p0,ok,ola,0.002,64,1,0.01,0.001,1e-8,10.0,0.001,0.05,60,60,0.7983,0.7983,0.7702,0.95256355342865,0.95256355342865,1.0670956695556642,0.32663706568330525,0.32663706568330525,0.3464345434755087,0.95256355342865,0.9207334322909305,29.151088840832372,0.0006143764584300331,outputs/tune_ola_mnist_noniid_unbalanced_fixed/ola_lr0p002_b64_e1_lam0p01_pinit0p001_fclip10p0
51,ola_lr0p002_b64_e1_lam0p05_pinit0p001_fclip10p0,ok,ola,0.002,64,1,0.05,0.001,1e-8,10.0,0.001,0.05,60,60,0.7983,0.7983,0.7702,0.95256355342865,0.95256355342865,1.0670956695556642,0.32663706568330525,0.32663706568330525,0.3464345434755087,0.95256355342865,0.9207334322909304,29.151088840832372,0.0006143764584300331,outputs/tune_ola_mnist_noniid_unbalanced_fixed/ola_lr0p002_b64_e1_lam0p05_pinit0p001_fclip10p0
52,ola_lr0p001_b64_e2_lam0p001_pinit0p001_fclip10p0,ok,ola,0.001,64,2,0.001,0.001,1e-8,10.0,0.001,0.05,60,60,0.798,0.798,0.7715,0.953330910205841,0.953330910205841,1.0678405372619628,0.3268801245525479,0.3268801245525479,0.3483425361067057,0.953330910205841,0.9207334322909304,29.16867526905399,0.0006138448591863079,outputs/tune_ola_mnist_noniid_unbalanced_fixed/ola_lr0p001_b64_e2_lam0p001_pinit0p001_fclip10p0
53,ola_lr0p001_b64_e2_lam0p01_pinit0p001_fclip10p0,ok,ola,0.001,64,2,0.01,0.001,1e-8,10.0,0.001,0.05,60,60,0.798,0.798,0.7715,0.953330910205841,0.953330910205841,1.0678405372619628,0.3268801245525479,0.3268801245525479,0.3483425361067057,0.953330910205841,0.9207334322909304,29.16867526905399,0.0006138448591863079,outputs/tune_ola_mnist_noniid_unbalanced_fixed/ola_lr0p001_b64_e2_lam0p01_pinit0p001_fclip10p0
54,ola_lr0p001_b64_e2_lam0p05_pinit0p001_fclip10p0,ok,ola,0.001,64,2,0.05,0.001,1e-8,10.0,0.001,0.05,60,60,0.798,0.798,0.7715,0.953330910205841,0.953330910205841,1.0678405372619628,0.3268801245525479,0.3268801245525479,0.3483425361067057,0.953330910205841,0.9207334322909304,29.16867526905399,0.0006138448591863079,outputs/tune_ola_mnist_noniid_unbalanced_fixed/ola_lr0p001_b64_e2_lam0p05_pinit0p001_fclip10p0
55,ola_lr0p001_b32_e1_lam0p001_pinit0p001_fclip10p0,ok,ola,0.001,32,1,0.001,0.001,1e-8,10.0,0.001,0.05,60,60,0.7953,0.7953,0.7705,0.9757574939727783,0.9757574939727783,1.0862110916137695,0.3355909214183688,0.3355909214183688,0.3564134550854563,0.9757574939727783,0.9207334322909304,29.014214733059962,0.000617088301431745,outputs/tune_ola_mnist_noniid_unbalanced_fixed/ola_lr0p001_b32_e1_lam0p001_pinit0p001_fclip10p0
56,ola_lr0p001_b32_e1_lam0p01_pinit0p001_fclip10p0,ok,ola,0.001,32,1,0.01,0.001,1e-8,10.0,0.001,0.05,60,60,0.7953,0.7953,0.7705,0.9757574939727783,0.9757574939727783,1.0862110916137695,0.3355909214183688,0.3355909214183688,0.3564134550854563,0.9757574939727783,0.9207334322909304,29.014214733059962,0.000617088301431745,outputs/tune_ola_mnist_noniid_unbalanced_fixed/ola_lr0p001_b32_e1_lam0p01_pinit0p001_fclip10p0
57,ola_lr0p001_b32_e1_lam0p05_pinit0p001_fclip10p0,ok,ola,0.001,32,1,0.05,0.001,1e-8,10.0,0.001,0.05,60,60,0.7953,0.7953,0.7705,0.9757574939727783,0.9757574939727783,1.0862110916137695,0.3355909214183688,0.3355909214183688,0.3564134550854563,0.9757574939727783,0.9207334322909304,29.014214733059962,0.000617088301431745,outputs/tune_ola_mnist_noniid_unbalanced_fixed/ola_lr0p001_b32_e1_lam0p05_pinit0p001_fclip10p0
58,ola_lr0p002_b64_e1_lam0p05_pinit0p01_fclip10p0,ok,ola,0.002,64,1,0.05,0.01,1e-8,10.0,0.001,0.05,60,60,0.795,0.795,0.7923,0.9778752161026001,0.9778752161026001,0.998820555973053,0.33553950729966164,0.33553950729966164,0.34206056832373144,0.9778752161026001,0.9207334322909305,9.877681633366505,0.0018189668575546534,outputs/tune_ola_mnist_noniid_unbalanced_fixed/ola_lr0p002_b64_e1_lam0p05_pinit0p01_fclip10p0
59,ola_lr0p002_b64_e1_lam0p001_pinit0p01_fclip10p0,ok,ola,0.002,64,1,0.001,0.01,1e-8,10.0,0.001,0.05,60,60,0.795,0.795,0.7923,0.9778752168655396,0.9778752168655396,0.9988205586433411,0.3355395086094737,0.3355395086094737,0.34206057030558584,0.9778752168655396,0.9207334322909304,9.87768163331028,0.0018189667706159257,outputs/tune_ola_mnist_noniid_unbalanced_fixed/ola_lr0p002_b64_e1_lam0p001_pinit0p01_fclip10p0
60,ola_lr0p002_b64_e1_lam0p01_pinit0p01_fclip10p0,ok,ola,0.002,64,1,0.01,0.01,1e-8,10.0,0.001,0.05,60,60,0.795,0.795,0.7923,0.9778752168655396,0.9778752168655396,0.9988205586433411,0.3355395086094737,0.3355395086094737,0.34206057030558584,0.9778752168655396,0.9207334322909304,9.87768163331028,0.0018189667706159257,outputs/tune_ola_mnist_noniid_unbalanced_fixed/ola_lr0p002_b64_e1_lam0p01_pinit0p01_fclip10p0
61,ola_lr0p001_b64_e2_lam0p001_pinit0p01_fclip10p0,ok,ola,0.001,64,2,0.001,0.01,1e-8,10.0,0.001,0.05,60,60,0.7948,0.7948,0.7924,0.9784478892326355,0.9784478892326355,0.9992847334861755,0.33583047905862334,0.33583047905862334,0.34260526882112036,0.9784478892326355,0.9207334322909304,9.878649509237736,0.0018185027613977912,outputs/tune_ola_mnist_noniid_unbalanced_fixed/ola_lr0p001_b64_e2_lam0p001_pinit0p01_fclip10p0
62,ola_lr0p001_b64_e2_lam0p01_pinit0p01_fclip10p0,ok,ola,0.001,64,2,0.01,0.01,1e-8,10.0,0.001,0.05,60,60,0.7948,0.7948,0.7924,0.9784478892326355,0.9784478892326355,0.9992847334861755,0.33583047905862334,0.33583047905862334,0.34260526882112036,0.9784478892326355,0.9207334322909303,9.878649509237736,0.0018185027613977912,outputs/tune_ola_mnist_noniid_unbalanced_fixed/ola_lr0p001_b64_e2_lam0p01_pinit0p01_fclip10p0
63,ola_lr0p001_b64_e2_lam0p05_pinit0p01_fclip10p0,ok,ola,0.001,64,2,0.05,0.01,1e-8,10.0,0.001,0.05,60,60,0.7948,0.7948,0.7924,0.9784478892326355,0.9784478892326355,0.9992847334861755,0.33583047905862334,0.33583047905862334,0.34260526882112036,0.9784478892326355,0.9207334322909303,9.878649509237736,0.0018185027613977912,outputs/tune_ola_mnist_noniid_unbalanced_fixed/ola_lr0p001_b64_e2_lam0p05_pinit0p01_fclip10p0
64,ola_lr0p001_b32_e1_lam0p05_pinit0p01_fclip10p0,ok,ola,0.001,32,1,0.05,0.01,1e-8,10.0,0.001,0.05,60,60,0.7924,0.7924,0.7898,1.000494750213623,1.000494750213623,1.0202857929229736,0.3443560315594077,0.3443560315594077,0.35067290952056646,1.000494750213623,0.9156780639712385,9.870471312543598,0.0018204071357931285,outputs/tune_ola_mnist_noniid_unbalanced_fixed/ola_lr0p001_b32_e1_lam0p05_pinit0p01_fclip10p0
65,ola_lr0p001_b32_e1_lam0p001_pinit0p01_fclip10p0,ok,ola,0.001,32,1,0.001,0.01,1e-8,10.0,0.001,0.05,60,60,0.7924,0.7924,0.7898,1.000494751548767,1.000494751548767,1.0202857919692994,0.34435603259354836,0.34435603259354836,0.35067291014939556,1.000494751548767,0.9156780639712385,9.870471312604508,0.0018204071357931285,outputs/tune_ola_mnist_noniid_unbalanced_fixed/ola_lr0p001_b32_e1_lam0p001_pinit0p01_fclip10p0
66,ola_lr0p001_b32_e1_lam0p01_pinit0p01_fclip10p0,ok,ola,0.001,32,1,0.01,0.01,1e-8,10.0,0.001,0.05,60,60,0.7924,0.7924,0.7898,1.000494751548767,1.000494751548767,1.0202857919692994,0.34435603259354836,0.34435603259354836,0.35067291014939556,1.000494751548767,0.9156780639712386,9.870471312604508,0.0018204071357931285,outputs/tune_ola_mnist_noniid_unbalanced_fixed/ola_lr0p001_b32_e1_lam0p01_pinit0p01_fclip10p0
67,ola_lr0p001_b64_e1_lam0p001_pinit0p001_fclip10p0,ok,ola,0.001,64,1,0.001,0.001,1e-8,10.0,0.001,0.05,60,60,0.7391,0.7391,0.6551,1.4377721256256104,1.4377721256256104,1.5529246864318849,0.4624696548484265,0.4624696548484265,0.4015646627642214,1.4377721256256104,0.8798214469522752,29.019821507572086,0.0006180053628237545,outputs/tune_ola_mnist_noniid_unbalanced_fixed/ola_lr0p001_b64_e1_lam0p001_pinit0p001_fclip10p0
68,ola_lr0p001_b64_e1_lam0p01_pinit0p001_fclip10p0,ok,ola,0.001,64,1,0.01,0.001,1e-8,10.0,0.001,0.05,60,60,0.7391,0.7391,0.6551,1.4377721256256104,1.4377721256256104,1.5529246864318849,0.4624696548484265,0.4624696548484265,0.4015646627642214,1.4377721256256104,0.879821446952275,29.019821507572086,0.0006180053628237545,outputs/tune_ola_mnist_noniid_unbalanced_fixed/ola_lr0p001_b64_e1_lam0p01_pinit0p001_fclip10p0
69,ola_lr0p001_b64_e1_lam0p05_pinit0p001_fclip10p0,ok,ola,0.001,64,1,0.05,0.001,1e-8,10.0,0.001,0.05,60,60,0.7391,0.7391,0.6551,1.4377721256256104,1.4377721256256104,1.5529246864318849,0.4624696548484265,0.4624696548484265,0.4015646627642214,1.4377721256256104,0.879821446952275,29.019821507572086,0.0006180053628237545,outputs/tune_ola_mnist_noniid_unbalanced_fixed/ola_lr0p001_b64_e1_lam0p05_pinit0p001_fclip10p0
70,ola_lr0p001_b64_e1_lam0p001_pinit0p01_fclip10p0,ok,ola,0.001,64,1,0.001,0.01,1e-8,10.0,0.001,0.05,60,60,0.7334,0.7334,0.7194,1.4690555030822754,1.4690555030822754,1.4931692739486695,0.4660149562880397,0.4660149562880397,0.4577316684432327,1.4690555030822754,0.8754629339147463,9.872858053822409,0.001819186238782152,outputs/tune_ola_mnist_noniid_unbalanced_fixed/ola_lr0p001_b64_e1_lam0p001_pinit0p01_fclip10p0
71,ola_lr0p001_b64_e1_lam0p01_pinit0p01_fclip10p0,ok,ola,0.001,64,1,0.01,0.01,1e-8,10.0,0.001,0.05,60,60,0.7334,0.7334,0.7194,1.4690555030822754,1.4690555030822754,1.4931692739486695,0.4660149562880397,0.4660149562880397,0.4577316684432327,1.4690555030822754,0.8754629339147463,9.872858053822409,0.001819186238782152,outputs/tune_ola_mnist_noniid_unbalanced_fixed/ola_lr0p001_b64_e1_lam0p01_pinit0p01_fclip10p0
72,ola_lr0p001_b64_e1_lam0p05_pinit0p01_fclip10p0,ok,ola,0.001,64,1,0.05,0.01,1e-8,10.0,0.001,0.05,60,60,0.7334,0.7334,0.7194,1.4690555030822754,1.4690555030822754,1.4931692739486695,0.4660149562880397,0.4660149562880397,0.4577316684432327,1.4690555030822754,0.8754629339147464,9.872858053822409,0.001819186238782152,outputs/tune_ola_mnist_noniid_unbalanced_fixed/ola_lr0p001_b64_e1_lam0p05_pinit0p01_fclip10p0
