rank,run_label,status,method,vi_lr,batch_size,local_epochs,client_fraction,num_rounds,final_round,final_global_accuracy,final_global_loss,final_global_ece,final_global_nll,final_local_accuracy_weighted,final_posterior_sigma_mean,final_posterior_snr_raw_p50,output_dir
1,vi_lr0p002_b128_e5,ok,vi,0.002,128,5,0.05,60,60,0.8086,0.6901062373161316,0.1528147747993469,0.6901062373161316,0.9733061589940184,0.06767305887395851,0.35259000510682725,outputs/tune_vi_mnist_noniid_unbalanced/vi_lr0p002_b128_e5
2,vi_lr0p001_b128_e5,ok,vi,0.001,128,5,0.05,60,60,0.7903,0.7848387189865113,0.19443207580298186,0.7848387189865113,0.9600980062095537,0.05847738553898278,0.3364117151809643,outputs/tune_vi_mnist_noniid_unbalanced/vi_lr0p001_b128_e5
3,vi_lr0p002_b64_e5,ok,vi,0.002,64,5,0.05,60,60,0.7777,0.7614108520507813,0.14587970486730334,0.7614108520507813,0.9734666468771833,0.07203936811642339,0.33214821530013783,outputs/tune_vi_mnist_noniid_unbalanced/vi_lr0p002_b64_e5
4,vi_lr0p002_b128_e2,ok,vi,0.002,128,2,0.05,60,60,0.7651,0.8612995066642761,0.1975398964986205,0.8612995066642761,0.9514063203265747,0.06086196342674058,0.36301021373889486,outputs/tune_vi_mnist_noniid_unbalanced/vi_lr0p002_b128_e2
5,vi_lr0p001_b64_e5,ok,vi,0.001,64,5,0.05,60,60,0.7613,0.8314983900070191,0.17354843378663062,0.8314983900070191,0.968924839783619,0.06075907746574974,0.3283297384637346,outputs/tune_vi_mnist_noniid_unbalanced/vi_lr0p001_b64_e5
6,vi_lr0p0005_b128_e5,ok,vi,0.0005,128,5,0.05,60,60,0.7467,0.9859260969161987,0.2557127345189452,0.9859260969161987,0.9338641982307383,0.054146955074654404,0.3367452983294008,outputs/tune_vi_mnist_noniid_unbalanced/vi_lr0p0005_b128_e5
7,vi_lr0p002_b64_e2,ok,vi,0.002,64,2,0.05,60,60,0.7423,0.8903807729721069,0.17957849439531562,0.8903807729721069,0.9514063203265747,0.06525237602470454,0.3563325105702286,outputs/tune_vi_mnist_noniid_unbalanced/vi_lr0p002_b64_e2
8,vi_lr0p002_b32_e5,ok,vi,0.002,32,5,0.05,60,60,0.7348,0.8753856820106506,0.15006136476546525,0.8753856820106506,0.9691334740317331,0.07503147673938368,0.31501393148232537,outputs/tune_vi_mnist_noniid_unbalanced/vi_lr0p002_b32_e5
9,vi_lr0p001_b32_e5,ok,vi,0.001,32,5,0.05,60,60,0.7302,0.9154384969711303,0.1755303000047803,0.9154384969711303,0.9646398133031182,0.06286433721388576,0.3184440669198916,outputs/tune_vi_mnist_noniid_unbalanced/vi_lr0p001_b32_e5
10,vi_lr0p0005_b64_e5,ok,vi,0.0005,64,5,0.05,60,60,0.7187,1.0066010630607605,0.22019601823687548,1.0066010630607605,0.9383586554252747,0.05529946397173331,0.3324997491045873,outputs/tune_vi_mnist_noniid_unbalanced/vi_lr0p0005_b64_e5
11,vi_lr0p002_b32_e2,ok,vi,0.002,32,2,0.05,60,60,0.7132,0.9675263244628907,0.17360731872916224,0.9675263244628907,0.9557808821524201,0.07005793471967348,0.33660907637524173,outputs/tune_vi_mnist_noniid_unbalanced/vi_lr0p002_b32_e2
12,vi_lr0p001_b128_e2,ok,vi,0.001,128,2,0.05,60,60,0.7082,1.1006122486114502,0.259981077079475,1.1006122486114502,0.9067981755864156,0.05524334076667911,0.3380733819043587,outputs/tune_vi_mnist_noniid_unbalanced/vi_lr0p001_b128_e2
13,vi_lr0p0005_b32_e5,ok,vi,0.0005,32,5,0.05,60,60,0.701,1.0491830808639526,0.21717335105240346,1.0491830808639526,0.9382370225032971,0.05648301335418987,0.3279871620014715,outputs/tune_vi_mnist_noniid_unbalanced/vi_lr0p0005_b32_e5
14,vi_lr0p002_b128_e1,ok,vi,0.002,128,1,0.05,60,60,0.6925,1.1233873712539673,0.24762285828292369,1.1233873712539673,0.9023575696685584,0.05683328669777762,0.35141014571933415,outputs/tune_vi_mnist_noniid_unbalanced/vi_lr0p002_b128_e1
15,vi_lr0p001_b64_e2,ok,vi,0.001,64,2,0.05,60,60,0.6866,1.0971563364982604,0.22643065477907662,1.0971563364982604,0.9288088299110464,0.05733099170040145,0.3350850960313353,outputs/tune_vi_mnist_noniid_unbalanced/vi_lr0p001_b64_e2
16,vi_lr0p001_b32_e2,ok,vi,0.001,32,2,0.05,60,60,0.6769,1.1245850625991822,0.2230355888560414,1.1245850625991822,0.9112470725348609,0.0597212439124923,0.3280136794776336,outputs/tune_vi_mnist_noniid_unbalanced/vi_lr0p001_b32_e2
17,vi_lr0p001_b16_e5,ok,vi,0.001,16,5,0.05,60,60,0.6737,1.0888142076015472,0.19399534443914887,1.0888142076015472,0.9689729861485684,0.06409341654741829,0.3107287024515442,outputs/tune_vi_mnist_noniid_unbalanced/vi_lr0p001_b16_e5
18,vi_lr0p002_b16_e5,ok,vi,0.002,16,5,0.05,60,60,0.6674,1.0686363542556763,0.16102828975915912,1.0686363542556763,0.9645686194301353,0.07459364742146056,0.31353594194308443,outputs/tune_vi_mnist_noniid_unbalanced/vi_lr0p002_b16_e5
19,vi_lr0p002_b64_e1,ok,vi,0.002,64,1,0.05,60,60,0.6667,1.114449363040924,0.19946748529225583,1.114449363040924,0.8936430776127086,0.06036914666032755,0.3599534164474621,outputs/tune_vi_mnist_noniid_unbalanced/vi_lr0p002_b64_e1
20,vi_lr0p0005_b16_e5,ok,vi,0.0005,16,5,0.05,60,60,0.6627,1.1874891015052795,0.23746650465130806,1.1874891015052795,0.9192898378083685,0.05749117272263679,0.32165247256217305,outputs/tune_vi_mnist_noniid_unbalanced/vi_lr0p0005_b16_e5
21,vi_lr0p002_b32_e1,ok,vi,0.002,32,1,0.05,60,60,0.6608,1.1346042589187622,0.19790724814683197,1.1346042589187622,0.9067075581253418,0.06487541982674014,0.3544325499115245,outputs/tune_vi_mnist_noniid_unbalanced/vi_lr0p002_b32_e1
22,vi_lr0p002_b16_e2,ok,vi,0.002,16,2,0.05,60,60,0.6468,1.1541007095336915,0.17230739608854054,1.1541007095336915,0.9470250011161752,0.0739767033851655,0.31894179126748046,outputs/tune_vi_mnist_noniid_unbalanced/vi_lr0p002_b16_e2
23,vi_lr0p001_b16_e2,ok,vi,0.001,16,2,0.05,60,60,0.6321,1.2639246454238893,0.22457987498193982,1.2639246454238893,0.9194140864921089,0.06205732365298701,0.31928831962413073,outputs/tune_vi_mnist_noniid_unbalanced/vi_lr0p001_b16_e2
24,vi_lr0p002_b16_e1,ok,vi,0.002,16,1,0.05,60,60,0.6202,1.26060476064682,0.1984573035344482,1.26060476064682,0.8978719065357182,0.06979024145414327,0.33511065067852924,outputs/tune_vi_mnist_noniid_unbalanced/vi_lr0p002_b16_e1
25,vi_lr0p0002_b128_e5,ok,vi,0.0002,128,5,0.05,60,60,0.6108,1.4762258953094483,0.3114395266629756,1.4762258953094483,0.8445466539779464,0.05163742881855773,0.34861215473036844,outputs/tune_vi_mnist_noniid_unbalanced/vi_lr0p0002_b128_e5
26,vi_lr0p0005_b128_e2,ok,vi,0.0005,128,2,0.05,60,60,0.6038,1.4869539474487306,0.30499742834493515,1.4869539474487306,0.8533600545254582,0.05257597624705778,0.3429048962943829,outputs/tune_vi_mnist_noniid_unbalanced/vi_lr0p0005_b128_e2
27,vi_lr0p001_b128_e1,ok,vi,0.001,128,1,0.05,60,60,0.5987,1.4994439460754394,0.3023369784720242,1.4994439460754394,0.8584407630372287,0.053333396810283824,0.3409991019687418,outputs/tune_vi_mnist_noniid_unbalanced/vi_lr0p001_b128_e1
28,vi_lr0p0002_b32_e5,ok,vi,0.0002,32,5,0.05,60,60,0.5984,1.4554759954452514,0.28251194624900816,1.4554759954452514,0.8619274917246966,0.05260048052688631,0.3432902333874225,outputs/tune_vi_mnist_noniid_unbalanced/vi_lr0p0002_b32_e5
29,vi_lr0p0002_b64_e5,ok,vi,0.0002,64,5,0.05,60,60,0.5931,1.4631514167785644,0.27865755675584075,1.4631514167785644,0.8532358058417177,0.052099474263475866,0.3455577468707657,outputs/tune_vi_mnist_noniid_unbalanced/vi_lr0p0002_b64_e5
30,vi_lr0p0005_b32_e2,ok,vi,0.0005,32,2,0.05,60,60,0.592,1.4577958353042602,0.2734575672894715,1.4577958353042602,0.8573263979236744,0.05477572914893429,0.3317572476103837,outputs/tune_vi_mnist_noniid_unbalanced/vi_lr0p0005_b32_e2
31,vi_lr0p0002_b16_e5,ok,vi,0.0002,16,5,0.05,60,60,0.5863,1.5175343845367433,0.2908391342908145,1.5175343845367433,0.8656658069296123,0.05309851095384197,0.33915585883852334,outputs/tune_vi_mnist_noniid_unbalanced/vi_lr0p0002_b16_e5
32,vi_lr0p0005_b64_e2,ok,vi,0.0005,64,2,0.05,60,60,0.585,1.4692908580780029,0.270174237537384,1.4692908580780029,0.861902151532618,0.05359173508076744,0.33721925101093964,outputs/tune_vi_mnist_noniid_unbalanced/vi_lr0p0005_b64_e2
33,vi_lr0p001_b32_e1,ok,vi,0.001,32,1,0.05,60,60,0.5788,1.4607815046310424,0.25320674012154337,1.4607815046310424,0.8661278913056609,0.05715751078851368,0.3332083323505799,outputs/tune_vi_mnist_noniid_unbalanced/vi_lr0p001_b32_e1
34,vi_lr0p001_b64_e1,ok,vi,0.001,64,1,0.05,60,60,0.5728,1.4765464862823485,0.254908965370059,1.4765464862823485,0.8668754269719814,0.055014810922392826,0.3366989110078747,outputs/tune_vi_mnist_noniid_unbalanced/vi_lr0p001_b64_e1
35,vi_lr0p0005_b16_e2,ok,vi,0.0005,16,2,0.05,60,60,0.5701,1.529403490257263,0.2699083089672028,1.529403490257263,0.8656744132529126,0.05601785501760421,0.32801886683805004,outputs/tune_vi_mnist_noniid_unbalanced/vi_lr0p0005_b16_e2
36,vi_lr0p001_b16_e1,ok,vi,0.001,16,1,0.05,60,60,0.5669,1.5143755714416505,0.2557891072586179,1.5143755714416505,0.8662782766474015,0.05959731160549684,0.32680806380138394,outputs/tune_vi_mnist_noniid_unbalanced/vi_lr0p001_b16_e1
37,vi_lr0p0005_b128_e1,ok,vi,0.0005,128,1,0.05,60,60,0.4432,1.8535837717056274,0.2328262563459575,1.8535837717056274,0.7556681762360745,0.05164620924905386,0.3485943953190387,outputs/tune_vi_mnist_noniid_unbalanced/vi_lr0p0005_b128_e1
38,vi_lr0p0005_b32_e1,ok,vi,0.0005,32,1,0.05,60,60,0.4367,1.8299213148117066,0.212431465420872,1.8299213148117066,0.768561343815747,0.05350820211294833,0.3368685748489699,outputs/tune_vi_mnist_noniid_unbalanced/vi_lr0p0005_b32_e1
39,vi_lr0p0005_b16_e1,ok,vi,0.0005,16,1,0.05,60,60,0.4354,1.8364077505111693,0.21182569328993564,1.8364077505111693,0.7906879635785355,0.054715995292444766,0.33107242056738084,outputs/tune_vi_mnist_noniid_unbalanced/vi_lr0p0005_b16_e1
40,vi_lr0p0005_b64_e1,ok,vi,0.0005,64,1,0.05,60,60,0.4264,1.8463244701385497,0.20610426428839565,1.8463244701385497,0.7601087821539317,0.052465531711218705,0.34320115070224755,outputs/tune_vi_mnist_noniid_unbalanced/vi_lr0p0005_b64_e1
41,vi_lr0p0002_b16_e2,ok,vi,0.0002,16,2,0.05,60,60,0.3895,1.9240478370666505,0.1841124417833984,1.9240478370666505,0.710106154265526,0.052400592618935864,0.3440269215596538,outputs/tune_vi_mnist_noniid_unbalanced/vi_lr0p0002_b16_e2
42,vi_lr0p0002_b32_e2,ok,vi,0.0002,32,2,0.05,60,60,0.388,1.9192360389709473,0.181913772700727,1.9192360389709473,0.7415095210209949,0.05188897015270473,0.3467571817362386,outputs/tune_vi_mnist_noniid_unbalanced/vi_lr0p0002_b32_e2
43,vi_lr0p0002_b128_e2,ok,vi,0.0002,128,2,0.05,60,60,0.3869,1.9336350311279298,0.1888331060007214,1.9336350311279298,0.7289989085991548,0.05101948586717457,0.3531807213957827,outputs/tune_vi_mnist_noniid_unbalanced/vi_lr0p0002_b128_e2
44,vi_lr0p0002_b64_e2,ok,vi,0.0002,64,2,0.05,60,60,0.3754,1.9339734352111817,0.1700088535711169,1.9339734352111817,0.7334851268627537,0.05141898379139064,0.34954257402019806,outputs/tune_vi_mnist_noniid_unbalanced/vi_lr0p0002_b64_e2
45,vi_lr0p0002_b16_e1,ok,vi,0.0002,16,1,0.05,60,60,0.2541,2.102850626373291,0.0693161227323115,2.102850626373291,0.594081369216183,0.05186556732829104,0.3464940999108196,outputs/tune_vi_mnist_noniid_unbalanced/vi_lr0p0002_b16_e1
46,vi_lr0p0002_b32_e1,ok,vi,0.0002,32,1,0.05,60,60,0.2471,2.1141663536071778,0.06422585155293345,2.1141663536071778,0.580610751267708,0.05138627554567188,0.3500195953418572,outputs/tune_vi_mnist_noniid_unbalanced/vi_lr0p0002_b32_e1
47,vi_lr0p0002_b128_e1,ok,vi,0.0002,128,1,0.05,60,60,0.2449,2.120195218658447,0.06616606250405312,2.120195218658447,0.5945667331533063,0.05065358833113254,0.3550625469015557,outputs/tune_vi_mnist_noniid_unbalanced/vi_lr0p0002_b128_e1
48,vi_lr0p0002_b64_e1,ok,vi,0.0002,64,1,0.05,60,60,0.2404,2.1251327507019044,0.058099118702113615,2.1251327507019044,0.589344592954099,0.0509762049076748,0.35334726155813695,outputs/tune_vi_mnist_noniid_unbalanced/vi_lr0p0002_b64_e1
