run_id,experiment,condition,method,realization,seed,round,logical_round,physical_round,phase,num_clients,labels_per_client,mean_samples_per_client,local_epochs,batch_size,optimizer,momentum,weight_decay,lr_scheduler,min_learning_rate,learning_rate,power_dbm,noise_dbm,num_subchannels,path_loss_exponent,path_loss_reference_m,gamma_db,power_control_mode,deterministic_payload_mode,deterministic_reference_power_mode,sparse_enabled,sparse_selection,sparse_keep_ratio,sparse_kept_coordinates,accuracy,nll,ece,posterior_predictive_accuracy,posterior_predictive_nll,posterior_predictive_ece,posterior_mean_accuracy,posterior_mean_nll,posterior_mean_ece,train_loss,phase1_train_loss,phase2_train_loss,posterior_variance,posterior_precision_mean,posterior_precision_min,posterior_precision_max,posterior_precision_std,posterior_precision_offset_l2,posterior_precision_offset_max_abs,global_mean_update_l2,global_mean_update_max_abs,global_model_update_l2,ideal_model_update_l2,received_model_update_l2,global_precision_update_l2,global_precision_update_max_abs,channel_uses_round,channel_uses_cumulative,ofdm_symbols_round,ofdm_symbols_cumulative,aircomp_nmse,aircomp_distortion_nmse,aircomp_clipped_fraction,aircomp_average_symbol_power_watts,aircomp_maximum_symbol_power_watts,aircomp_noise_l2,aircomp_ideal_l2,aircomp_received_l2,aircomp_delta_bar,aircomp_retained_magnitude_ratio,aircomp_distorted_to_ideal_norm_ratio,precision_aircomp_nmse,precision_aircomp_distortion_nmse,precision_aircomp_clipped_fraction,precision_aircomp_average_symbol_power_watts,precision_aircomp_maximum_symbol_power_watts,precision_aircomp_noise_l2,precision_aircomp_ideal_l2,precision_aircomp_received_l2,precision_aircomp_delta_bar,precision_aircomp_retained_magnitude_ratio,precision_aircomp_distorted_to_ideal_norm_ratio,mean_aircomp_nmse,mean_aircomp_distortion_nmse,mean_aircomp_clipped_fraction,mean_aircomp_average_symbol_power_watts,mean_aircomp_maximum_symbol_power_watts,mean_aircomp_noise_l2,mean_aircomp_ideal_l2,mean_aircomp_received_l2,mean_aircomp_delta_bar,mean_aircomp_retained_magnitude_ratio,mean_aircomp_distorted_to_ideal_norm_ratio,wall_time_sec
fig2_default_fedavg_rep00_seed12025,fig2,default,fedavg,0,12025,0,0,0,model,40,2,50,1,256,sgd,0.9,0.0,cosine,0.0001,0.06,23.0,-74,1024,4,1000.0,10,paper_reference_kkt,update,coordinated_aggregate,False,,1.0,78042,0.1,2.383307631720962,0.09506036027520895,0.0,0.0,0.0,0.1,2.383307631720962,0.09506036027520895,nan,0.0,0.0,0.0,0.0,0.0,0.0,0.0,0.0,0.0,0.0,0.0,0.0,0.0,0.0,0.0,0.0,0,0,0,0,0.0,0.0,0.0,0.0,0.0,0.0,0.0,0.0,0.0,1.0,1.0,0.0,0.0,0.0,0.0,0.0,0.0,0.0,0.0,0.0,1.0,1.0,0.0,0.0,0.0,0.0,0.0,0.0,0.0,0.0,0.0,1.0,1.0,6.158442216925323
fig2_default_fedavg_rep00_seed12025,fig2,default,fedavg,0,12025,1,1,1,model,40,2,50,1,256,sgd,0.9,0.0,cosine,0.0001,0.06,23.0,-74,1024,4,1000.0,10,paper_reference_kkt,update,coordinated_aggregate,False,,1.0,78042,0.0961,2.38489207604466,0.07912004004865883,0.0,0.0,0.0,0.0961,2.38489207604466,0.07912004004865883,2.42955276136602,0.0,2.42955276136602,0.0,0.0,0.0,0.0,0.0,0.0,0.0,0.16692200285486922,0.014324955642223358,0.16692200285486922,0.16251962260680952,0.16692200329341766,0.0,0.0,78042,78042,77,77,0.05039109873788749,0.0,0.0,2.63278804158278e-11,4.576214746905375e-09,0.036482342742529136,0.16251962260680952,0.16692200317768752,3.384411948983853e-07,1.0,1.0,0.0,0.0,0.0,0.0,0.0,0.0,0.0,0.0,0.0,1.0,1.0,0.05039109873788749,0.0,0.0,2.63278804158278e-11,4.576214746905375e-09,0.036482342742529136,0.16251962260680952,0.16692200317768752,3.384411948983853e-07,1.0,1.0,14.890440551098436
fig2_default_fedavg_rep00_seed12025,fig2,default,fedavg,0,12025,2,2,2,model,40,2,50,1,256,sgd,0.9,0.0,cosine,0.0001,0.05998492144437639,23.0,-74,1024,4,1000.0,10,paper_reference_kkt,update,coordinated_aggregate,False,,1.0,78042,0.1189,2.3300130260375393,0.027627047628164286,0.0,0.0,0.0,0.1189,2.3300130260375393,0.027627047628164286,2.2786349256429155,0.0,2.2786349256429155,0.0,0.0,0.0,0.0,0.0,0.0,0.0,0.05735312478358887,0.0059419311583042145,0.05735312478358887,0.0559974695027803,0.05735312467616949,0.0,0.0,78042,156084,77,154,0.04949845887038679,0.0,0.0,2.2557557767104646e-10,1.414107551269685e-07,0.012458456513336092,0.0559974695027803,0.057353124718039564,4.017985944382268e-08,1.0,1.0,0.0,0.0,0.0,0.0,0.0,0.0,0.0,0.0,0.0,1.0,1.0,0.04949845887038679,0.0,0.0,2.2557557767104646e-10,1.414107551269685e-07,0.012458456513336092,0.0559974695027803,0.057353124718039564,4.017985944382268e-08,1.0,1.0,19.37843035394326
fig2_default_fedavg_rep00_seed12025,fig2,default,fedavg,0,12025,3,3,3,model,40,2,50,1,256,sgd,0.9,0.0,cosine,0.0001,0.05993970096033294,23.0,-74,1024,4,1000.0,10,paper_reference_kkt,update,coordinated_aggregate,False,,1.0,78042,0.1018,2.3395242006332397,0.0536500713184476,0.0,0.0,0.0,0.1018,2.3395242006332397,0.0536500713184476,2.251370863293582,0.0,2.251370863293582,0.0,0.0,0.0,0.0,0.0,0.0,0.0,0.03100256682210866,0.0030468255281448364,0.03100256682210866,0.030239404838238275,0.031002569951373054,0.0,0.0,78042,234126,77,231,0.049817432870890244,0.0,0.0,4.487841917874609e-10,7.283188809210708e-08,0.006749380484261348,0.030239404838238275,0.03100256994260367,1.1717044731950339e-08,1.0,1.0,0.0,0.0,0.0,0.0,0.0,0.0,0.0,0.0,0.0,1.0,1.0,0.049817432870890244,0.0,0.0,4.487841917874609e-10,7.283188809210708e-08,0.006749380484261348,0.030239404838238275,0.03100256994260367,1.1717044731950339e-08,1.0,1.0,23.693877052981406
fig2_default_fedavg_rep00_seed12025,fig2,default,fedavg,0,12025,4,4,4,model,40,2,50,1,256,sgd,0.9,0.0,cosine,0.0001,0.059864384081063884,23.0,-74,1024,4,1000.0,10,paper_reference_kkt,update,coordinated_aggregate,False,,1.0,78042,0.1146,2.3208414139083473,0.03320496329665186,0.0,0.0,0.0,0.1146,2.3208414139083473,0.03320496329665186,2.2458706791621617,0.0,2.2458706791621617,0.0,0.0,0.0,0.0,0.0,0.0,0.0,0.03972415869861933,0.0024247951805591583,0.03972415869861933,0.03879479378214347,0.03972415750814733,0.0,0.0,78042,312168,77,308,0.0499107570404258,0.0,0.0,2.9469021010134467e-10,6.239653462791113e-08,0.008667034519421904,0.03879479378214347,0.03972415749921588,1.928494944515822e-08,1.0,1.0,0.0,0.0,0.0,0.0,0.0,0.0,0.0,0.0,0.0,1.0,1.0,0.0499107570404258,0.0,0.0,2.9469021010134467e-10,6.239653462791113e-08,0.008667034519421904,0.03879479378214347,0.03972415749921588,1.928494944515822e-08,1.0,1.0,27.644208873156458
fig2_default_fedavg_rep00_seed12025,fig2,default,fedavg,0,12025,5,5,5,model,40,2,50,1,256,sgd,0.9,0.0,cosine,0.0001,0.05975904664428232,23.0,-74,1024,4,1000.0,10,paper_reference_kkt,update,coordinated_aggregate,False,,1.0,78042,0.0967,2.355464175723511,0.0793291660517454,0.0,0.0,0.0,0.0967,2.355464175723511,0.0793291660517454,2.2442670256536106,0.0,2.2442670256536106,0.0,0.0,0.0,0.0,0.0,0.0,0.0,0.057839865285631856,0.003699585795402527,0.057839865285631856,0.05644407825769603,0.057839864791394684,0.0,0.0,78042,390210,77,385,0.04986911294940516,0.0,0.0,4.235825997808769e-10,8.339967432688084e-07,0.012604749145352923,0.05644407825769603,0.057839864827138404,4.08233255216539e-08,1.0,1.0,0.0,0.0,0.0,0.0,0.0,0.0,0.0,0.0,0.0,1.0,1.0,0.04986911294940516,0.0,0.0,4.235825997808769e-10,8.339967432688084e-07,0.012604749145352923,0.05644407825769603,0.057839864827138404,4.08233255216539e-08,1.0,1.0,31.589225728064775
fig2_default_fedavg_rep00_seed12025,fig2,default,fedavg,0,12025,6,6,6,model,40,2,50,1,256,sgd,0.9,0.0,cosine,0.0001,0.059623794715858006,23.0,-74,1024,4,1000.0,10,paper_reference_kkt,update,coordinated_aggregate,False,,1.0,78042,0.1176,2.3261051005994555,0.043495382446050654,0.0,0.0,0.0,0.1176,2.3261051005994555,0.043495382446050654,2.250278071493729,0.0,2.250278071493729,0.0,0.0,0.0,0.0,0.0,0.0,0.0,0.08634952327574215,0.005727171897888184,0.08634952327574215,0.08433543658645541,0.08634952255801605,0.0,0.0,78042,468252,77,462,0.050045867786693926,0.0,0.0,4.8936127736695785e-11,5.738727264930943e-09,0.01886662466575647,0.08433543658645541,0.08634952261166744,9.113638635898674e-08,1.0,1.0,0.0,0.0,0.0,0.0,0.0,0.0,0.0,0.0,0.0,1.0,1.0,0.050045867786693926,0.0,0.0,4.8936127736695785e-11,5.738727264930943e-09,0.01886662466575647,0.08433543658645541,0.08634952261166744,9.113638635898674e-08,1.0,1.0,35.2185838338919
fig2_default_fedavg_rep00_seed12025,fig2,default,fedavg,0,12025,7,7,7,model,40,2,50,1,256,sgd,0.9,0.0,cosine,0.0001,0.05945876448301806,23.0,-74,1024,4,1000.0,10,paper_reference_kkt,update,coordinated_aggregate,False,,1.0,78042,0.0956,2.3646633248826068,0.09521362021267413,0.0,0.0,0.0,0.0956,2.3646633248826068,0.09521362021267413,2.265016266555049,0.0,2.265016266555049,0.0,0.0,0.0,0.0,0.0,0.0,0.0,0.10432296259243178,0.007353544235229492,0.10432296259243178,0.10174232487718386,0.10432295898106816,0.0,0.0,78042,546294,77,539,0.05019478085174076,0.0,0.0,3.995033942915892e-11,9.750561237885153e-09,0.022794545568804274,0.10174232487718386,0.1043229589495686,1.32640125463397e-07,1.0,1.0,0.0,0.0,0.0,0.0,0.0,0.0,0.0,0.0,0.0,1.0,1.0,0.05019478085174076,0.0,0.0,3.995033942915892e-11,9.750561237885153e-09,0.022794545568804274,0.10174232487718386,0.1043229589495686,1.32640125463397e-07,1.0,1.0,38.84051846712828
fig2_default_fedavg_rep00_seed12025,fig2,default,fedavg,0,12025,8,8,8,model,40,2,50,1,256,sgd,0.9,0.0,cosine,0.0001,0.05926412211721794,23.0,-74,1024,4,1000.0,10,paper_reference_kkt,update,coordinated_aggregate,False,,1.0,78042,0.1188,2.3047317144137365,0.03322563310712574,0.0,0.0,0.0,0.1188,2.3047317144137365,0.03322563310712574,2.2556425913304308,0.0,2.2556425913304308,0.0,0.0,0.0,0.0,0.0,0.0,0.0,0.10314833458995744,0.00854155421257019,0.10314833458995744,0.10061489232259387,0.10314833460389515,0.0,0.0,78042,624336,77,616,0.05008732734902248,0.0,0.0,3.235234771816138e-11,2.644382396291035e-09,0.022517812365895975,0.10061489232259387,0.10314833464008166,1.2971677503251016e-07,1.0,1.0,0.0,0.0,0.0,0.0,0.0,0.0,0.0,0.0,0.0,1.0,1.0,0.05008732734902248,0.0,0.0,3.235234771816138e-11,2.644382396291035e-09,0.022517812365895975,0.10061489232259387,0.10314833464008166,1.2971677503251016e-07,1.0,1.0,43.762978395912796
fig2_default_fedavg_rep00_seed12025,fig2,default,fedavg,0,12025,9,9,9,model,40,2,50,1,256,sgd,0.9,0.0,cosine,0.0001,0.05904006360682087,23.0,-74,1024,4,1000.0,10,paper_reference_kkt,update,coordinated_aggregate,False,,1.0,78042,0.0992,2.3144685030295684,0.07432516494095326,0.0,0.0,0.0,0.0992,2.3144685030295684,0.07432516494095326,2.2422667643546084,0.0,2.2422667643546084,0.0,0.0,0.0,0.0,0.0,0.0,0.0,0.08630446593706184,0.007440477609634399,0.08630446593706184,0.0841698651425834,0.0863044666498443,0.0,0.0,78042,702378,77,693,0.05009887087236918,0.0,0.0,5.886998995720454e-11,1.3152127735770934e-08,0.01883955326291999,0.0841698651425834,0.08630446667339202,9.077889082956199e-08,1.0,1.0,0.0,0.0,0.0,0.0,0.0,0.0,0.0,0.0,0.0,1.0,1.0,0.05009887087236918,0.0,0.0,5.886998995720454e-11,1.3152127735770934e-08,0.01883955326291999,0.0841698651425834,0.08630446667339202,9.077889082956199e-08,1.0,1.0,48.63403225224465
fig2_default_fedavg_rep00_seed12025,fig2,default,fedavg,0,12025,10,10,10,model,40,2,50,1,256,sgd,0.9,0.0,cosine,0.0001,0.058786814559754194,23.0,-74,1024,4,1000.0,10,paper_reference_kkt,update,coordinated_aggregate,False,,1.0,78042,0.1714,2.273952897495716,0.021986675117909926,0.0,0.0,0.0,0.1714,2.273952897495716,0.021986675117909926,2.215631261846905,0.0,2.215631261846905,0.0,0.0,0.0,0.0,0.0,0.0,0.0,0.07001373978031081,0.005176469683647156,0.07001373978031081,0.06836789717697714,0.07001373996894202,0.0,0.0,78042,780420,77,770,0.05028843706386364,0.0,0.0,5.1498061420194104e-11,4.223326819157799e-09,0.015331558039141205,0.06836789717697714,0.07001373997056753,5.989299818561438e-08,1.0,1.0,0.0,0.0,0.0,0.0,0.0,0.0,0.0,0.0,0.0,1.0,1.0,0.05028843706386364,0.0,0.0,5.1498061420194104e-11,4.223326819157799e-09,0.015331558039141205,0.06836789717697714,0.07001373997056753,5.989299818561438e-08,1.0,1.0,52.8791045169346
fig2_default_fedavg_rep00_seed12025,fig2,default,fedavg,0,12025,11,11,11,model,40,2,50,1,256,sgd,0.9,0.0,cosine,0.0001,0.05850462997634131,23.0,-74,1024,4,1000.0,10,paper_reference_kkt,update,coordinated_aggregate,False,,1.0,78042,0.1054,2.2938820622552765,0.06846240501850842,0.0,0.0,0.0,0.1054,2.2938820622552765,0.06846240501850842,2.2037259892068826,0.0,2.2037259892068826,0.0,0.0,0.0,0.0,0.0,0.0,0.0,0.07079998570278942,0.005027979612350464,0.07079998570278942,0.06913230427230474,0.07079998702720512,0.0,0.0,78042,858462,77,847,0.049887896774631,0.0,0.0,8.555983765228688e-11,1.600011983824036e-08,0.015441114030474679,0.06913230427230474,0.07079998708949532,6.123978747339285e-08,1.0,1.0,0.0,0.0,0.0,0.0,0.0,0.0,0.0,0.0,0.0,1.0,1.0,0.049887896774631,0.0,0.0,8.555983765228688e-11,1.600011983824036e-08,0.015441114030474679,0.06913230427230474,0.07079998708949532,6.123978747339285e-08,1.0,1.0,57.398696596268564
fig2_default_fedavg_rep00_seed12025,fig2,default,fedavg,0,12025,12,12,12,model,40,2,50,1,256,sgd,0.9,0.0,cosine,0.0001,0.058193793992537955,23.0,-74,1024,4,1000.0,10,paper_reference_kkt,update,coordinated_aggregate,False,,1.0,78042,0.1551,2.2603591527288818,0.019144290769845248,0.0,0.0,0.0,0.1551,2.2603591527288818,0.019144290769845248,2.1958758832236884,0.0,2.1958758832236884,0.0,0.0,0.0,0.0,0.0,0.0,0.0,0.08182092247251925,0.005014866590499878,0.08182092247251925,0.07996556372950676,0.08182092198286123,0.0,0.0,78042,936504,77,924,0.04992159900185464,0.0,0.0,6.440209706874801e-11,2.315851551014477e-08,0.01786681937620304,0.07996556372950676,0.08182092192177204,8.19365390761104e-08,1.0,1.0,0.0,0.0,0.0,0.0,0.0,0.0,0.0,0.0,0.0,1.0,1.0,0.04992159900185464,0.0,0.0,6.440209706874801e-11,2.315851551014477e-08,0.01786681937620304,0.07996556372950676,0.08182092192177204,8.19365390761104e-08,1.0,1.0,61.41592119820416
fig2_default_fedavg_rep00_seed12025,fig2,default,fedavg,0,12025,13,13,13,model,40,2,50,1,256,sgd,0.9,0.0,cosine,0.0001,0.05785461959383137,23.0,-74,1024,4,1000.0,10,paper_reference_kkt,update,coordinated_aggregate,False,,1.0,78042,0.101,2.3224235295457545,0.08257158308923244,0.0,0.0,0.0,0.101,2.3224235295457545,0.08257158308923244,2.1989145996248003,0.0,2.1989145996248003,0.0,0.0,0.0,0.0,0.0,0.0,0.0,0.10458561559459617,0.00615711510181427,0.10458561559459617,0.10206923725354976,0.10458562110270399,0.0,0.0,78042,1014546,77,1001,0.05001419185871158,0.0,0.0,2.260462597092275e-11,1.8976634195887636e-09,0.02282661412241476,0.10206923725354976,0.10458562104438163,1.3349387757260745e-07,1.0,1.0,0.0,0.0,0.0,0.0,0.0,0.0,0.0,0.0,0.0,1.0,1.0,0.05001419185871158,0.0,0.0,2.260462597092275e-11,1.8976634195887636e-09,0.02282661412241476,0.10206923725354976,0.10458562104438163,1.3349387757260745e-07,1.0,1.0,65.44570545526221
fig2_default_fedavg_rep00_seed12025,fig2,default,fedavg,0,12025,14,14,14,model,40,2,50,1,256,sgd,0.9,0.0,cosine,0.0001,0.05748744830009048,23.0,-74,1024,4,1000.0,10,paper_reference_kkt,update,coordinated_aggregate,False,,1.0,78042,0.1364,2.266044257791443,0.06736916572228073,0.0,0.0,0.0,0.1364,2.266044257791443,0.06736916572228073,2.2166945965826086,0.0,2.2166945965826086,0.0,0.0,0.0,0.0,0.0,0.0,0.0,0.12129172189373245,0.0068743242882192135,0.12129172189373245,0.11815447481850312,0.12129172461657721,0.0,0.0,78042,1092588,77,1078,0.04982178603178471,0.0,0.0,1.873069306075799e-11,1.6848383606777873e-09,0.026373017336989452,0.11815447481850312,0.1212917246068894,1.7888418953430574e-07,1.0,1.0,0.0,0.0,0.0,0.0,0.0,0.0,0.0,0.0,0.0,1.0,1.0,0.04982178603178471,0.0,0.0,1.873069306075799e-11,1.6848383606777873e-09,0.026373017336989452,0.11815447481850312,0.1212917246068894,1.7888418953430574e-07,1.0,1.0,69.17509113205597
fig2_default_fedavg_rep00_seed12025,fig2,default,fedavg,0,12025,15,15,15,model,40,2,50,1,256,sgd,0.9,0.0,cosine,0.0001,0.057092649821684306,23.0,-74,1024,4,1000.0,10,paper_reference_kkt,update,coordinated_aggregate,False,,1.0,78042,0.1128,2.2952959553794843,0.06517282785028218,0.0,0.0,0.0,0.1128,2.2952959553794843,0.06517282785028218,2.2086298368712045,0.0,2.2086298368712045,0.0,0.0,0.0,0.0,0.0,0.0,0.0,0.11708113393420766,0.007280284073203802,0.11708113393420766,0.11421487958897779,0.117081136076154,0.0,0.0,78042,1170630,77,1155,0.050076267529836536,0.0,0.0,1.6015593455441994e-10,9.133768535736316e-08,0.025558694193092004,0.11421487958897779,0.11708113603688856,1.6715408010461925e-07,1.0,1.0,0.0,0.0,0.0,0.0,0.0,0.0,0.0,0.0,0.0,1.0,1.0,0.050076267529836536,0.0,0.0,1.6015593455441994e-10,9.133768535736316e-08,0.025558694193092004,0.11421487958897779,0.11708113603688856,1.6715408010461925e-07,1.0,1.0,74.03721689013764
fig2_default_fedavg_rep00_seed12025,fig2,default,fedavg,0,12025,16,16,16,model,40,2,50,1,256,sgd,0.9,0.0,cosine,0.0001,0.056670621687214956,23.0,-74,1024,4,1000.0,10,paper_reference_kkt,update,coordinated_aggregate,False,,1.0,78042,0.1769,2.229650447353077,0.01615281804725528,0.0,0.0,0.0,0.1769,2.229650447353077,0.01615281804725528,2.1903899577602606,0.0,2.1903899577602606,0.0,0.0,0.0,0.0,0.0,0.0,0.0,0.09786615667804287,0.006280712317675352,0.09786615667804287,0.09555166714002487,0.0978661561596226,0.0,0.0,78042,1248672,77,1232,0.04974269197295987,0.0,0.0,3.933064056070944e-11,7.084085750392372e-09,0.021310954957879456,0.09555166714002487,0.09786615620273649,1.1698983999946324e-07,1.0,1.0,0.0,0.0,0.0,0.0,0.0,0.0,0.0,0.0,0.0,1.0,1.0,0.04974269197295987,0.0,0.0,3.933064056070944e-11,7.084085750392372e-09,0.021310954957879456,0.09555166714002487,0.09786615620273649,1.1698983999946324e-07,1.0,1.0,78.44589824508876
fig2_default_fedavg_rep00_seed12025,fig2,default,fedavg,0,12025,17,17,17,model,40,2,50,1,256,sgd,0.9,0.0,cosine,0.0001,0.05622178884324006,23.0,-74,1024,4,1000.0,10,paper_reference_kkt,update,coordinated_aggregate,False,,1.0,78042,0.1419,2.237082508496638,0.028633887720853093,0.0,0.0,0.0,0.1419,2.237082508496638,0.028633887720853093,2.160980864192074,0.0,2.160980864192074,0.0,0.0,0.0,0.0,0.0,0.0,0.0,0.0813096547079247,0.004792000167071819,0.0813096547079247,0.07927376469448393,0.08130965644228969,0.0,0.0,78042,1326714,77,1309,0.050453613808706575,0.0,0.0,5.5926764770724787e-11,1.0362027543682408e-08,0.017806379396256563,0.07927376469448393,0.08130965644732019,8.052497077005209e-08,1.0,1.0,0.0,0.0,0.0,0.0,0.0,0.0,0.0,0.0,0.0,1.0,1.0,0.050453613808706575,0.0,0.0,5.5926764770724787e-11,1.0362027543682408e-08,0.017806379396256563,0.07927376469448393,0.08130965644732019,8.052497077005209e-08,1.0,1.0,82.83250843826681
fig2_default_fedavg_rep00_seed12025,fig2,default,fedavg,0,12025,18,18,18,model,40,2,50,1,256,sgd,0.9,0.0,cosine,0.0001,0.05574660322638756,23.0,-74,1024,4,1000.0,10,paper_reference_kkt,update,coordinated_aggregate,False,,1.0,78042,0.1701,2.203850007522793,0.033460405911505224,0.0,0.0,0.0,0.1701,2.203850007522793,0.033460405911505224,2.1458643749432063,0.0,2.1458643749432063,0.0,0.0,0.0,0.0,0.0,0.0,0.0,0.08194589233015039,0.0049823736771941185,0.08194589233015039,0.07989689774994047,0.08194589262330111,0.0,0.0,78042,1404756,77,1386,0.049977721067920075,0.0,0.0,4.138394041765836e-11,5.539176506011717e-09,0.017861508772283718,0.07989689774994047,0.08194589261545794,8.179588260250177e-08,1.0,1.0,0.0,0.0,0.0,0.0,0.0,0.0,0.0,0.0,0.0,1.0,1.0,0.049977721067920075,0.0,0.0,4.138394041765836e-11,5.539176506011717e-09,0.017861508772283718,0.07989689774994047,0.08194589261545794,8.179588260250177e-08,1.0,1.0,87.50567913707346
fig2_default_fedavg_rep00_seed12025,fig2,default,fedavg,0,12025,19,19,19,model,40,2,50,1,256,sgd,0.9,0.0,cosine,0.0001,0.05524554330829388,23.0,-74,1024,4,1000.0,10,paper_reference_kkt,update,coordinated_aggregate,False,,1.0,78042,0.1344,2.2576220788448738,0.04048845120295883,0.0,0.0,0.0,0.1344,2.2576220788448738,0.04048845120295883,2.143364958578791,0.0,2.143364958578791,0.0,0.0,0.0,0.0,0.0,0.0,0.0,0.09886066575432098,0.005571485497057438,0.09886066575432098,0.09647223963248361,0.09886066799145343,0.0,0.0,78042,1482798,77,1463,0.04973602799118732,0.0,0.0,2.8168141870988212e-11,2.9904756199760313e-09,0.02151482957727414,0.09647223963248361,0.09886066793121771,1.1925492708679096e-07,1.0,1.0,0.0,0.0,0.0,0.0,0.0,0.0,0.0,0.0,0.0,1.0,1.0,0.04973602799118732,0.0,0.0,2.8168141870988212e-11,2.9904756199760313e-09,0.02151482957727414,0.09647223963248361,0.09886066793121771,1.1925492708679096e-07,1.0,1.0,91.75115848518908
fig2_default_fedavg_rep00_seed12025,fig2,default,fedavg,0,12025,20,20,20,model,40,2,50,1,256,sgd,0.9,0.0,cosine,0.0001,0.05471911361382349,23.0,-74,1024,4,1000.0,10,paper_reference_kkt,update,coordinated_aggregate,False,,1.0,78042,0.1526,2.223237116445186,0.0416965193502605,0.0,0.0,0.0,0.1526,2.223237116445186,0.0416965193502605,2.1606300683618196,0.0,2.1606300683618196,0.0,0.0,0.0,0.0,0.0,0.0,0.0,0.1177792627773569,0.0064206477254629135,0.1177792627773569,0.11510123773705006,0.11777925677681342,0.0,0.0,78042,1560840,77,1540,0.05012662377136428,0.0,0.0,4.0950655143569256e-11,1.8347404779461935e-08,0.025769988271205163,0.11510123773705006,0.11777925678164905,1.697585265446928e-07,1.0,1.0,0.0,0.0,0.0,0.0,0.0,0.0,0.0,0.0,0.0,1.0,1.0,0.05012662377136428,0.0,0.0,4.0950655143569256e-11,1.8347404779461935e-08,0.025769988271205163,0.11510123773705006,0.11777925678164905,1.697585265446928e-07,1.0,1.0,95.48281148588285
fig2_default_fedavg_rep00_seed12025,fig2,default,fedavg,0,12025,21,21,21,model,40,2,50,1,256,sgd,0.9,0.0,cosine,0.0001,0.054167844213055205,23.0,-74,1024,4,1000.0,10,paper_reference_kkt,update,coordinated_aggregate,False,,1.0,78042,0.1309,2.2627369103321118,0.048206442251801505,0.0,0.0,0.0,0.1309,2.2627369103321118,0.048206442251801505,2.165136766943054,0.0,2.165136766943054,0.0,0.0,0.0,0.0,0.0,0.0,0.0,0.1261285162277704,0.008178435266017914,0.1261285162277704,0.12310353749942629,0.12612851330067362,0.0,0.0,78042,1638882,77,1617,0.05004656299138668,0.0,0.0,1.9081933821552697e-11,2.4833577780279287e-09,0.02753960212510955,0.12310353749942629,0.1261285132134827,1.9418365681136636e-07,1.0,1.0,0.0,0.0,0.0,0.0,0.0,0.0,0.0,0.0,0.0,1.0,1.0,0.05004656299138668,0.0,0.0,1.9081933821552697e-11,2.4833577780279287e-09,0.02753960212510955,0.12310353749942629,0.1261285132134827,1.9418365681136636e-07,1.0,1.0,99.44353311415762
fig2_default_fedavg_rep00_seed12025,fig2,default,fedavg,0,12025,22,22,22,model,40,2,50,1,256,sgd,0.9,0.0,cosine,0.0001,0.053592290187546486,23.0,-74,1024,4,1000.0,10,paper_reference_kkt,update,coordinated_aggregate,False,,1.0,78042,0.18,2.197762146479711,0.02283897177129985,0.0,0.0,0.0,0.18,2.197762146479711,0.02283897177129985,2.161409039645326,0.0,2.161409039645326,0.0,0.0,0.0,0.0,0.0,0.0,0.0,0.1112501663057353,0.006872257217764854,0.1112501663057353,0.10856677571565697,0.11125017172202296,0.0,0.0,78042,1716924,77,1694,0.04946568274849185,0.0,0.0,2.9328139510466496e-11,1.734048266847058e-08,0.024146208364557876,0.10856677571565697,0.11125017172295076,1.510307884125697e-07,1.0,1.0,0.0,0.0,0.0,0.0,0.0,0.0,0.0,0.0,0.0,1.0,1.0,0.04946568274849185,0.0,0.0,2.9328139510466496e-11,1.734048266847058e-08,0.024146208364557876,0.10856677571565697,0.11125017172295076,1.510307884125697e-07,1.0,1.0,103.63338130805641
fig2_default_fedavg_rep00_seed12025,fig2,default,fedavg,0,12025,23,23,23,model,40,2,50,1,256,sgd,0.9,0.0,cosine,0.0001,0.052993031071413385,23.0,-74,1024,4,1000.0,10,paper_reference_kkt,update,coordinated_aggregate,False,,1.0,78042,0.1694,2.1905298317732442,0.014350085763633258,0.0,0.0,0.0,0.1694,2.1905298317732442,0.014350085763633258,2.126155866975096,0.0,2.126155866975096,0.0,0.0,0.0,0.0,0.0,0.0,0.0,0.08536732322706733,0.005194965284317732,0.08536732322706733,0.08338992523467442,0.08536732813905971,0.0,0.0,78042,1794966,77,1771,0.05015353316375758,0.0,0.0,2.916518513953732e-11,2.140462148435682e-09,0.018675160847294238,0.08338992523467442,0.08536732814949866,8.910432370575574e-08,1.0,1.0,0.0,0.0,0.0,0.0,0.0,0.0,0.0,0.0,0.0,1.0,1.0,0.05015353316375758,0.0,0.0,2.916518513953732e-11,2.140462148435682e-09,0.018675160847294238,0.08338992523467442,0.08536732814949866,8.910432370575574e-08,1.0,1.0,108.1646724510938
fig2_default_fedavg_rep00_seed12025,fig2,default,fedavg,0,12025,24,24,24,model,40,2,50,1,256,sgd,0.9,0.0,cosine,0.0001,0.052370670267788855,23.0,-74,1024,4,1000.0,10,paper_reference_kkt,update,coordinated_aggregate,False,,1.0,78042,0.1889,2.1585330424229587,0.009098449920117867,0.0,0.0,0.0,0.1889,2.1585330424229587,0.009098449920117867,2.1041880060188163,0.0,2.1041880060188163,0.0,0.0,0.0,0.0,0.0,0.0,0.0,0.07411317699675458,0.004381958395242691,0.07411317699675458,0.07232422275782108,0.07411317714886405,0.0,0.0,78042,1873008,77,1848,0.0500728659499157,0.0,0.0,6.11888194851611e-11,4.3939529535047426e-08,0.016183967578789087,0.07232422275782108,0.07411317718746666,6.702536067147079e-08,1.0,1.0,0.0,0.0,0.0,0.0,0.0,0.0,0.0,0.0,0.0,1.0,1.0,0.0500728659499157,0.0,0.0,6.11888194851611e-11,4.3939529535047426e-08,0.016183967578789087,0.07232422275782108,0.07411317718746666,6.702536067147079e-08,1.0,1.0,112.93849088810384
fig2_default_fedavg_rep00_seed12025,fig2,default,fedavg,0,12025,25,25,25,model,40,2,50,1,256,sgd,0.9,0.0,cosine,0.0001,0.05172583444124685,23.0,-74,1024,4,1000.0,10,paper_reference_kkt,update,coordinated_aggregate,False,,1.0,78042,0.1776,2.1861312601522913,0.020840484569966806,0.0,0.0,0.0,0.1776,2.1861312601522913,0.020840484569966806,2.094702699237777,0.0,2.094702699237777,0.0,0.0,0.0,0.0,0.0,0.0,0.0,0.0779009922027195,0.004292411729693413,0.0779009922027195,0.07593258669824879,0.07790099040294811,0.0,0.0,78042,1951050,77,1925,0.049958608479628006,0.0,0.0,3.720152268979014e-11,6.718950585615091e-09,0.016972013217533,0.07593258669824879,0.07790099043193922,7.388018916336163e-08,1.0,1.0,0.0,0.0,0.0,0.0,0.0,0.0,0.0,0.0,0.0,1.0,1.0,0.049958608479628006,0.0,0.0,3.720152268979014e-11,6.718950585615091e-09,0.016972013217533,0.07593258669824879,0.07790099043193922,7.388018916336163e-08,1.0,1.0,117.40140879014507
fig2_default_fedavg_rep00_seed12025,fig2,default,fedavg,0,12025,26,26,26,model,40,2,50,1,256,sgd,0.9,0.0,cosine,0.0001,0.05105917288680432,23.0,-74,1024,4,1000.0,10,paper_reference_kkt,update,coordinated_aggregate,False,,1.0,78042,0.177,2.165744356374176,0.03435323904901743,0.0,0.0,0.0,0.177,2.165744356374176,0.03435323904901743,2.0972375588402503,0.0,2.0972375588402503,0.0,0.0,0.0,0.0,0.0,0.0,0.0,0.0897782593173082,0.00462346663698554,0.0897782593173082,0.08773845823458175,0.08977826650673523,0.0,0.0,78042,2029092,77,2002,0.04987284991713803,0.0,0.0,2.7553840873930106e-11,2.0262746505611623e-09,0.019593954338516264,0.08773845823458175,0.0897782665000979,9.863966906770003e-08,1.0,1.0,0.0,0.0,0.0,0.0,0.0,0.0,0.0,0.0,0.0,1.0,1.0,0.04987284991713803,0.0,0.0,2.7553840873930106e-11,2.0262746505611623e-09,0.019593954338516264,0.08773845823458175,0.0897782665000979,9.863966906770003e-08,1.0,1.0,121.76441582711414
fig2_default_fedavg_rep00_seed12025,fig2,default,fedavg,0,12025,27,27,27,model,40,2,50,1,256,sgd,0.9,0.0,cosine,0.0001,0.05037135687613611,23.0,-74,1024,4,1000.0,10,paper_reference_kkt,update,coordinated_aggregate,False,,1.0,78042,0.1629,2.2160413987713734,0.03454899738132955,0.0,0.0,0.0,0.1629,2.2160413987713734,0.03454899738132955,2.104988606875935,0.0,2.104988606875935,0.0,0.0,0.0,0.0,0.0,0.0,0.0,0.10690995073721041,0.006312431301921606,0.10690995073721041,0.10415760139676682,0.1069099520759248,0.0,0.0,78042,2107134,77,2079,0.049858649956952925,0.0,0.0,2.1675652864994635e-11,3.2570486527395333e-09,0.023257403493325585,0.10415760139676682,0.10690995200048264,1.390124026643059e-07,1.0,1.0,0.0,0.0,0.0,0.0,0.0,0.0,0.0,0.0,0.0,1.0,1.0,0.049858649956952925,0.0,0.0,2.1675652864994635e-11,3.2570486527395333e-09,0.023257403493325585,0.10415760139676682,0.10690995200048264,1.390124026643059e-07,1.0,1.0,125.6466340799816
fig2_default_fedavg_rep00_seed12025,fig2,default,fedavg,0,12025,28,28,28,model,40,2,50,1,256,sgd,0.9,0.0,cosine,0.0001,0.04966307898166129,23.0,-74,1024,4,1000.0,10,paper_reference_kkt,update,coordinated_aggregate,False,,1.0,78042,0.1763,2.173860693370052,0.03825052164345981,0.0,0.0,0.0,0.1763,2.173860693370052,0.03825052164345981,2.120676036162391,0.0,2.120676036162391,0.0,0.0,0.0,0.0,0.0,0.0,0.0,0.11331603758065667,0.005863131023943424,0.11331603758065667,0.11060088395464028,0.11331604282555811,0.0,0.0,78042,2185176,77,2156,0.04983521058876633,0.0,0.0,2.4668756537115045e-11,1.5693175598123372e-08,0.024690321604901453,0.11060088395464028,0.11331604278814109,1.5674323481648096e-07,1.0,1.0,0.0,0.0,0.0,0.0,0.0,0.0,0.0,0.0,0.0,1.0,1.0,0.04983521058876633,0.0,0.0,2.4668756537115045e-11,1.5693175598123372e-08,0.024690321604901453,0.11060088395464028,0.11331604278814109,1.5674323481648096e-07,1.0,1.0,129.92708183825016
fig2_default_fedavg_rep00_seed12025,fig2,default,fedavg,0,12025,29,29,29,model,40,2,50,1,256,sgd,0.9,0.0,cosine,0.0001,0.04893505237918145,23.0,-74,1024,4,1000.0,10,paper_reference_kkt,update,coordinated_aggregate,False,,1.0,78042,0.1734,2.182990120732101,0.02337225708961489,0.0,0.0,0.0,0.1734,2.182990120732101,0.02337225708961489,2.1071625351905823,0.0,2.1071625351905823,0.0,0.0,0.0,0.0,0.0,0.0,0.0,0.1026923994556861,0.006261310074478388,0.1026923994556861,0.10024695747212752,0.10269239958023268,0.0,0.0,78042,2263218,77,2233,0.04984607758992308,0.0,0.0,2.81430989763957e-11,3.5242257347754975e-09,0.022381371454289384,0.10024695747212752,0.10269239953553264,1.287697968070852e-07,1.0,1.0,0.0,0.0,0.0,0.0,0.0,0.0,0.0,0.0,0.0,1.0,1.0,0.04984607758992308,0.0,0.0,2.81430989763957e-11,3.5242257347754975e-09,0.022381371454289384,0.10024695747212752,0.10269239953553264,1.287697968070852e-07,1.0,1.0,133.9897045120597
fig2_default_fedavg_rep00_seed12025,fig2,default,fedavg,0,12025,30,30,30,model,40,2,50,1,256,sgd,0.9,0.0,cosine,0.0001,0.04818801012977311,23.0,-74,1024,4,1000.0,10,paper_reference_kkt,update,coordinated_aggregate,False,,1.0,78042,0.194,2.140594852369717,0.013323781661689273,0.0,0.0,0.0,0.194,2.140594852369717,0.013323781661689273,2.0911340561306,0.0,2.0911340561306,0.0,0.0,0.0,0.0,0.0,0.0,0.0,0.08720586721870913,0.004926896188408136,0.08720586721870913,0.08507158280237558,0.08720586457628045,0.0,0.0,78042,2341260,77,2310,0.050264853953707875,0.0,0.0,3.1788573659704176e-11,3.5091308790279326e-09,0.019072899733017727,0.08507158280237558,0.08720586458686007,9.273435074064533e-08,1.0,1.0,0.0,0.0,0.0,0.0,0.0,0.0,0.0,0.0,0.0,1.0,1.0,0.050264853953707875,0.0,0.0,3.1788573659704176e-11,3.5091308790279326e-09,0.019072899733017727,0.08507158280237558,0.08720586458686007,9.273435074064533e-08,1.0,1.0,138.80780747300014
fig2_default_fedavg_rep00_seed12025,fig2,default,fedavg,0,12025,31,31,31,model,40,2,50,1,256,sgd,0.9,0.0,cosine,0.0001,0.04742270444165739,23.0,-74,1024,4,1000.0,10,paper_reference_kkt,update,coordinated_aggregate,False,,1.0,78042,0.1967,2.1479018464255835,0.015412030999362466,0.0,0.0,0.0,0.1967,2.1479018464255835,0.015412030999362466,2.0717049068861306,0.0,2.0717049068861306,0.0,0.0,0.0,0.0,0.0,0.0,0.0,0.07377296425340028,0.004157725255936384,0.07377296425340028,0.07193050631872407,0.0737729638266697,0.0,0.0,78042,2419302,77,2387,0.05001209879990877,0.0,0.0,6.134960885681283e-11,1.812958128489617e-08,0.01608609604990521,0.07193050631872407,0.07377296384385239,6.629760563886117e-08,1.0,1.0,0.0,0.0,0.0,0.0,0.0,0.0,0.0,0.0,0.0,1.0,1.0,0.05001209879990877,0.0,0.0,6.134960885681283e-11,1.812958128489617e-08,0.01608609604990521,0.07193050631872407,0.07377296384385239,6.629760563886117e-08,1.0,1.0,143.3727368079126
fig2_default_fedavg_rep00_seed12025,fig2,default,fedavg,0,12025,32,32,32,model,40,2,50,1,256,sgd,0.9,0.0,cosine,0.0001,0.046639905912790006,23.0,-74,1024,4,1000.0,10,paper_reference_kkt,update,coordinated_aggregate,False,,1.0,78042,0.1997,2.121842568944636,0.011295492506027226,0.0,0.0,0.0,0.1997,2.121842568944636,0.011295492506027226,2.0612620137715267,0.0,2.0612620137715267,0.0,0.0,0.0,0.0,0.0,0.0,0.0,0.0670544801746002,0.0038226768374443054,0.0670544801746002,0.06553149594771694,0.06705448011801793,0.0,0.0,78042,2497344,77,2464,0.04992715153536419,0.0,0.0,4.622407809219619e-11,1.1278488604521262e-08,0.014642609374325849,0.06553149594771694,0.06705448012629761,5.5026485240583805e-08,1.0,1.0,0.0,0.0,0.0,0.0,0.0,0.0,0.0,0.0,0.0,1.0,1.0,0.04992715153536419,0.0,0.0,4.622407809219619e-11,1.1278488604521262e-08,0.014642609374325849,0.06553149594771694,0.06705448012629761,5.5026485240583805e-08,1.0,1.0,148.02828063210472
fig2_default_fedavg_rep00_seed12025,fig2,default,fedavg,0,12025,33,33,33,model,40,2,50,1,256,sgd,0.9,0.0,cosine,0.0001,0.04584040275493455,23.0,-74,1024,4,1000.0,10,paper_reference_kkt,update,coordinated_aggregate,False,,1.0,78042,0.203,2.1360310202541744,0.015847156417369834,0.0,0.0,0.0,0.203,2.1360310202541744,0.015847156417369834,2.053194429054629,0.0,2.053194429054629,0.0,0.0,0.0,0.0,0.0,0.0,0.0,0.0647949708504128,0.0033929517958313227,0.0647949708504128,0.06324260933309639,0.06479496490332882,0.0,0.0,78042,2575386,77,2541,0.05008511003109456,0.0,0.0,4.093127584106583e-11,5.975191371764166e-09,0.014153508052611409,0.06324260933309639,0.06479496495172261,5.1249681392822455e-08,1.0,1.0,0.0,0.0,0.0,0.0,0.0,0.0,0.0,0.0,0.0,1.0,1.0,0.05008511003109456,0.0,0.0,4.093127584106583e-11,5.975191371764166e-09,0.014153508052611409,0.06324260933309639,0.06479496495172261,5.1249681392822455e-08,1.0,1.0,152.8060605181381
fig2_default_fedavg_rep00_seed12025,fig2,default,fedavg,0,12025,34,34,34,model,40,2,50,1,256,sgd,0.9,0.0,cosine,0.0001,0.045024999999999996,23.0,-74,1024,4,1000.0,10,paper_reference_kkt,update,coordinated_aggregate,False,,1.0,78042,0.1979,2.11665345979774,0.017466197215020653,0.0,0.0,0.0,0.1979,2.11665345979774,0.017466197215020653,2.049809219999692,0.0,2.049809219999692,0.0,0.0,0.0,0.0,0.0,0.0,0.0,0.06634639466734843,0.0035694316029548645,0.06634639466734843,0.06477697818237928,0.06634638819888952,0.0,0.0,78042,2653428,77,2618,0.050238984293586066,0.0,0.0,6.627088030890857e-11,2.275254200532069e-08,0.014519147248261473,0.06477697818237928,0.06634638823078946,5.37666500402404e-08,1.0,1.0,0.0,0.0,0.0,0.0,0.0,0.0,0.0,0.0,0.0,1.0,1.0,0.050238984293586066,0.0,0.0,6.627088030890857e-11,2.275254200532069e-08,0.014519147248261473,0.06477697818237928,0.06634638823078946,5.37666500402404e-08,1.0,1.0,156.6763004269451
fig2_default_fedavg_rep00_seed12025,fig2,default,fedavg,0,12025,35,35,35,model,40,2,50,1,256,sgd,0.9,0.0,cosine,0.0001,0.04419451868944185,23.0,-74,1024,4,1000.0,10,paper_reference_kkt,update,coordinated_aggregate,False,,1.0,78042,0.2024,2.136007755447197,0.024935387063026417,0.0,0.0,0.0,0.2024,2.136007755447197,0.024935387063026417,2.047906993182484,0.0,2.047906993182484,0.0,0.0,0.0,0.0,0.0,0.0,0.0,0.06965363284796958,0.0036726200487464666,0.06965363284796958,0.0680441392402373,0.06965363480754595,0.0,0.0,78042,2731470,77,2695,0.05022364389970244,0.0,0.0,3.953514355122342e-11,6.048796868389891e-09,0.015249121830300607,0.0680441392402373,0.06965363479484078,5.932709162944059e-08,1.0,1.0,0.0,0.0,0.0,0.0,0.0,0.0,0.0,0.0,0.0,1.0,1.0,0.05022364389970244,0.0,0.0,3.953514355122342e-11,6.048796868389891e-09,0.015249121830300607,0.0680441392402373,0.06965363479484078,5.932709162944059e-08,1.0,1.0,160.97422734834254
fig2_default_fedavg_rep00_seed12025,fig2,default,fedavg,0,12025,36,36,36,model,40,2,50,1,256,sgd,0.9,0.0,cosine,0.0001,0.04334979504754294,23.0,-74,1024,4,1000.0,10,paper_reference_kkt,update,coordinated_aggregate,False,,1.0,78042,0.1973,2.11587872764403,0.021543356433510793,0.0,0.0,0.0,0.1973,2.11587872764403,0.021543356433510793,2.0479529596417994,0.0,2.0479529596417994,0.0,0.0,0.0,0.0,0.0,0.0,0.0,0.07266505359107492,0.003550015389919281,0.07266505359107492,0.07100415033695814,0.07266505124385349,0.0,0.0,78042,2809512,77,2772,0.04967672022394304,0.0,0.0,2.4343063486541026e-10,1.0517166590587802e-07,0.01582560028475241,0.07100415033695814,0.07266505121291691,6.460097594978797e-08,1.0,1.0,0.0,0.0,0.0,0.0,0.0,0.0,0.0,0.0,0.0,1.0,1.0,0.04967672022394304,0.0,0.0,2.4343063486541026e-10,1.0517166590587802e-07,0.01582560028475241,0.07100415033695814,0.07266505121291691,6.460097594978797e-08,1.0,1.0,164.68788735102862
fig2_default_fedavg_rep00_seed12025,fig2,default,fedavg,0,12025,37,37,37,model,40,2,50,1,256,sgd,0.9,0.0,cosine,0.0001,0.042491679639406504,23.0,-74,1024,4,1000.0,10,paper_reference_kkt,update,coordinated_aggregate,False,,1.0,78042,0.2016,2.1332354980141712,0.024092305186390873,0.0,0.0,0.0,0.2016,2.1332354980141712,0.024092305186390873,2.046307119505815,0.0,2.046307119505815,0.0,0.0,0.0,0.0,0.0,0.0,0.0,0.07396389221311066,0.0038090364541858435,0.07396389221311066,0.07220709143936169,0.07396388864920789,0.0,0.0,78042,2887554,77,2849,0.05010163695152197,0.0,0.0,6.031805809134359e-11,1.1388364468522955e-08,0.01616239845922408,0.07220709143936169,0.0739638886756528,6.680843717655032e-08,1.0,1.0,0.0,0.0,0.0,0.0,0.0,0.0,0.0,0.0,0.0,1.0,1.0,0.05010163695152197,0.0,0.0,6.031805809134359e-11,1.1388364468522955e-08,0.01616239845922408,0.07220709143936169,0.0739638886756528,6.680843717655032e-08,1.0,1.0,169.55157371191308
fig2_default_fedavg_rep00_seed12025,fig2,default,fedavg,0,12025,38,38,38,model,40,2,50,1,256,sgd,0.9,0.0,cosine,0.0001,0.0416210365145092,23.0,-74,1024,4,1000.0,10,paper_reference_kkt,update,coordinated_aggregate,False,,1.0,78042,0.2002,2.1094459452213528,0.01971087241023779,0.0,0.0,0.0,0.2002,2.1094459452213528,0.01971087241023779,2.0439992634956616,0.0,2.0439992634956616,0.0,0.0,0.0,0.0,0.0,0.0,0.0,0.07230905739279223,0.0035479068756103516,0.07230905739279223,0.07061216653218888,0.07230905819485689,0.0,0.0,78042,2965596,77,2926,0.04960030662035621,0.0,0.0,4.823594466442862e-11,3.592353381437162e-08,0.015726124784147002,0.07061216653218888,0.07230905820319607,6.388967558967704e-08,1.0,1.0,0.0,0.0,0.0,0.0,0.0,0.0,0.0,0.0,0.0,1.0,1.0,0.04960030662035621,0.0,0.0,4.823594466442862e-11,3.592353381437162e-08,0.015726124784147002,0.07061216653218888,0.07230905820319607,6.388967558967704e-08,1.0,1.0,173.8958913772367
fig2_default_fedavg_rep00_seed12025,fig2,default,fedavg,0,12025,39,39,39,model,40,2,50,1,256,sgd,0.9,0.0,cosine,0.0001,0.040738742336676556,23.0,-74,1024,4,1000.0,10,paper_reference_kkt,update,coordinated_aggregate,False,,1.0,78042,0.2082,2.1195529090262326,0.02267995274364948,0.0,0.0,0.0,0.2082,2.1195529090262326,0.02267995274364948,2.037957128163878,0.0,2.037957128163878,0.0,0.0,0.0,0.0,0.0,0.0,0.0,0.06783723840926592,0.0033310046419501305,0.06783723840926592,0.06613321704091187,0.06783723963509686,0.0,0.0,78042,3043638,77,3003,0.04992970491746404,0.0,0.0,4.4276001629378786e-11,8.586451896840867e-09,0.014777438109076918,0.06613321704091187,0.0678372396251383,5.604164931934543e-08,1.0,1.0,0.0,0.0,0.0,0.0,0.0,0.0,0.0,0.0,0.0,1.0,1.0,0.04992970491746404,0.0,0.0,4.4276001629378786e-11,8.586451896840867e-09,0.014777438109076918,0.06613321704091187,0.0678372396251383,5.604164931934543e-08,1.0,1.0,178.2699283650145
fig2_default_fedavg_rep00_seed12025,fig2,default,fedavg,0,12025,40,40,40,model,40,2,50,1,256,sgd,0.9,0.0,cosine,0.0001,0.03984568550135678,23.0,-74,1024,4,1000.0,10,paper_reference_kkt,update,coordinated_aggregate,False,,1.0,78042,0.2063,2.0972721920376944,0.013918095585703843,0.0,0.0,0.0,0.2063,2.0972721920376944,0.013918095585703843,2.0313580509726177,0.0,2.0313580509726177,0.0,0.0,0.0,0.0,0.0,0.0,0.0,0.06189807820083719,0.0029959380626678467,0.06189807820083719,0.060414874543310744,0.061898081335750886,0.0,0.0,78042,3121680,77,3080,0.049854862623617456,0.0,0.0,9.441496963247374e-11,1.855504403098144e-08,0.013489555519427559,0.060414874543310744,0.06189808133369724,4.67691379780628e-08,1.0,1.0,0.0,0.0,0.0,0.0,0.0,0.0,0.0,0.0,0.0,1.0,1.0,0.049854862623617456,0.0,0.0,9.441496963247374e-11,1.855504403098144e-08,0.013489555519427559,0.060414874543310744,0.06189808133369724,4.67691379780628e-08,1.0,1.0,182.6537670888938
fig2_default_fedavg_rep00_seed12025,fig2,default,fedavg,0,12025,41,41,41,model,40,2,50,1,256,sgd,0.9,0.0,cosine,0.0001,0.03894276524108183,23.0,-74,1024,4,1000.0,10,paper_reference_kkt,update,coordinated_aggregate,False,,1.0,78042,0.2166,2.10368686275255,0.01923410213440657,0.0,0.0,0.0,0.2166,2.10368686275255,0.01923410213440657,2.0237250443877666,0.0,2.0237250443877666,0.0,0.0,0.0,0.0,0.0,0.0,0.0,0.055338163810944266,0.0026315064169466496,0.055338163810944266,0.05397055472436374,0.05533816660875699,0.0,0.0,78042,3199722,77,3157,0.04986181850338387,0.0,0.0,9.949788968374352e-11,1.550442366333252e-08,0.012051495381420571,0.05397055472436374,0.05533816660010993,3.732375871012456e-08,1.0,1.0,0.0,0.0,0.0,0.0,0.0,0.0,0.0,0.0,0.0,1.0,1.0,0.04986181850338387,0.0,0.0,9.949788968374352e-11,1.550442366333252e-08,0.012051495381420571,0.05397055472436374,0.05533816660010993,3.732375871012456e-08,1.0,1.0,186.7274213139899
fig2_default_fedavg_rep00_seed12025,fig2,default,fedavg,0,12025,42,42,42,model,40,2,50,1,256,sgd,0.9,0.0,cosine,0.0001,0.038030890720016544,23.0,-74,1024,4,1000.0,10,paper_reference_kkt,update,coordinated_aggregate,False,,1.0,78042,0.211,2.086878838065493,0.017185902459919453,0.0,0.0,0.0,0.211,2.086878838065493,0.017185902459919453,2.0168922912189213,0.0,2.0168922912189213,0.0,0.0,0.0,0.0,0.0,0.0,0.0,0.0497703425551453,0.00256473571062088,0.0497703425551453,0.048611143930140745,0.049770348738273566,0.0,0.0,78042,3277764,77,3234,0.05017778996456204,0.0,0.0,5.146670547347047e-11,2.009008354602131e-08,0.010889090462335804,0.048611143930140745,0.04977034875047577,3.0279122961954574e-08,1.0,1.0,0.0,0.0,0.0,0.0,0.0,0.0,0.0,0.0,0.0,1.0,1.0,0.05017778996456204,0.0,0.0,5.146670547347047e-11,2.009008354602131e-08,0.010889090462335804,0.048611143930140745,0.04977034875047577,3.0279122961954574e-08,1.0,1.0,190.9027139688842
fig2_default_fedavg_rep00_seed12025,fig2,default,fedavg,0,12025,43,43,43,model,40,2,50,1,256,sgd,0.9,0.0,cosine,0.0001,0.03711098011850735,23.0,-74,1024,4,1000.0,10,paper_reference_kkt,update,coordinated_aggregate,False,,1.0,78042,0.2224,2.091810393912182,0.021777434347569926,0.0,0.0,0.0,0.2224,2.091810393912182,0.021777434347569926,2.0112826876334715,0.0,2.0112826876334715,0.0,0.0,0.0,0.0,0.0,0.0,0.0,0.04479603717105734,0.0021047331392765045,0.04479603717105734,0.043726205137815104,0.04479604024056933,0.0,0.0,78042,3355806,77,3311,0.050227136743722825,0.0,0.0,1.0709734364987134e-10,4.0301886886084226e-08,0.009799659786425888,0.043726205137815104,0.04479604024275434,2.4499385148436588e-08,1.0,1.0,0.0,0.0,0.0,0.0,0.0,0.0,0.0,0.0,0.0,1.0,1.0,0.050227136743722825,0.0,0.0,1.0709734364987134e-10,4.0301886886084226e-08,0.009799659786425888,0.043726205137815104,0.04479604024275434,2.4499385148436588e-08,1.0,1.0,194.8186748321168
fig2_default_fedavg_rep00_seed12025,fig2,default,fedavg,0,12025,44,44,44,model,40,2,50,1,256,sgd,0.9,0.0,cosine,0.0001,0.03618395970855246,23.0,-74,1024,4,1000.0,10,paper_reference_kkt,update,coordinated_aggregate,False,,1.0,78042,0.2152,2.0787805335212637,0.017866114769876006,0.0,0.0,0.0,0.2152,2.0787805335212637,0.017866114769876006,2.005764878111477,0.0,2.005764878111477,0.0,0.0,0.0,0.0,0.0,0.0,0.0,0.04048722139318514,0.002187587320804596,0.04048722139318514,0.039514443941700075,0.04048721634178687,0.0,0.0,78042,3433848,77,3388,0.04999874736662024,0.0,0.0,8.391766088354363e-11,6.07947446942037e-08,0.008835587595075477,0.039514443941700075,0.04048721633700368,2.000706388895413e-08,1.0,1.0,0.0,0.0,0.0,0.0,0.0,0.0,0.0,0.0,0.0,1.0,1.0,0.04999874736662024,0.0,0.0,8.391766088354363e-11,6.07947446942037e-08,0.008835587595075477,0.039514443941700075,0.04048721633700368,2.000706388895413e-08,1.0,1.0,199.7183670522645
fig2_default_fedavg_rep00_seed12025,fig2,default,fedavg,0,12025,45,45,45,model,40,2,50,1,256,sgd,0.9,0.0,cosine,0.0001,0.03525076292112457,23.0,-74,1024,4,1000.0,10,paper_reference_kkt,update,coordinated_aggregate,False,,1.0,78042,0.2257,2.082872441142648,0.026984751933813098,0.0,0.0,0.0,0.2257,2.082872441142648,0.026984751933813098,2.0014328960242134,0.0,2.0014328960242134,0.0,0.0,0.0,0.0,0.0,0.0,0.0,0.036826077665813355,0.0017432160675525665,0.036826077665813355,0.035930912000444855,0.036826077977253055,0.0,0.0,78042,3511890,77,3465,0.05027547793197637,0.0,0.0,2.2620505454478566e-10,8.010606397286088e-08,0.008056498759023024,0.035930912000444855,0.03682607797997458,1.6542764629093467e-08,1.0,1.0,0.0,0.0,0.0,0.0,0.0,0.0,0.0,0.0,0.0,1.0,1.0,0.05027547793197637,0.0,0.0,2.2620505454478566e-10,8.010606397286088e-08,0.008056498759023024,0.035930912000444855,0.03682607797997458,1.6542764629093467e-08,1.0,1.0,204.11736375605687
fig2_default_fedavg_rep00_seed12025,fig2,default,fedavg,0,12025,46,46,46,model,40,2,50,1,256,sgd,0.9,0.0,cosine,0.0001,0.0343123294062849,23.0,-74,1024,4,1000.0,10,paper_reference_kkt,update,coordinated_aggregate,False,,1.0,78042,0.2189,2.0723677207819744,0.01943716194927694,0.0,0.0,0.0,0.2189,2.0723677207819744,0.01943716194927694,1.997016275402003,0.0,1.997016275402003,0.0,0.0,0.0,0.0,0.0,0.0,0.0,0.03334807422974708,0.001816295087337494,0.03334807422974708,0.032539065663664435,0.03334807264234868,0.0,0.0,78042,3589932,77,3542,0.04985543408720776,0.0,0.0,9.754127785163307e-11,1.0033798529677084e-08,0.0072654301080930135,0.032539065663664435,0.03334807262727893,1.3566935679048024e-08,1.0,1.0,0.0,0.0,0.0,0.0,0.0,0.0,0.0,0.0,0.0,1.0,1.0,0.04985543408720776,0.0,0.0,9.754127785163307e-11,1.0033798529677084e-08,0.0072654301080930135,0.032539065663664435,0.03334807262727893,1.3566935679048024e-08,1.0,1.0,208.90117361489683
fig2_default_fedavg_rep00_seed12025,fig2,default,fedavg,0,12025,47,47,47,model,40,2,50,1,256,sgd,0.9,0.0,cosine,0.0001,0.03336960408703528,23.0,-74,1024,4,1000.0,10,paper_reference_kkt,update,coordinated_aggregate,False,,1.0,78042,0.2265,2.0752033490784663,0.03088836220949886,0.0,0.0,0.0,0.2265,2.0752033490784663,0.03088836220949886,1.9932426424016787,0.0,1.9932426424016787,0.0,0.0,0.0,0.0,0.0,0.0,0.0,0.030224405527447554,0.0014813542366027832,0.030224405527447554,0.02950223052459938,0.030224407957182647,0.0,0.0,78042,3667974,77,3619,0.0495027851707435,0.0,0.0,1.2252559883799194e-10,1.1920336619278834e-08,0.00656401657940863,0.02950223052459938,0.030224407946620794,1.115273321963306e-08,1.0,1.0,0.0,0.0,0.0,0.0,0.0,0.0,0.0,0.0,0.0,1.0,1.0,0.0495027851707435,0.0,0.0,1.2252559883799194e-10,1.1920336619278834e-08,0.00656401657940863,0.02950223052459938,0.030224407946620794,1.115273321963306e-08,1.0,1.0,213.4132181070745
fig2_default_fedavg_rep00_seed12025,fig2,default,fedavg,0,12025,48,48,48,model,40,2,50,1,256,sgd,0.9,0.0,cosine,0.0001,0.032423536207860815,23.0,-74,1024,4,1000.0,10,paper_reference_kkt,update,coordinated_aggregate,False,,1.0,78042,0.2202,2.0668097123626534,0.023036529465019707,0.0,0.0,0.0,0.2202,2.0668097123626534,0.023036529465019707,1.989477408684161,0.0,1.989477408684161,0.0,0.0,0.0,0.0,0.0,0.0,0.0,0.027243514206537343,0.0015336796641349792,0.027243514206537343,0.026590327212252508,0.02724351353925519,0.0,0.0,78042,3746016,77,3696,0.04955186278517453,0.0,0.0,2.2243891730890465e-10,9.610809309589797e-08,0.005919072702801146,0.026590327212252508,0.027243513524950504,9.059807555606675e-09,1.0,1.0,0.0,0.0,0.0,0.0,0.0,0.0,0.0,0.0,0.0,1.0,1.0,0.04955186278517453,0.0,0.0,2.2243891730890465e-10,9.610809309589797e-08,0.005919072702801146,0.026590327212252508,0.027243513524950504,9.059807555606675e-09,1.0,1.0,217.50737641891465
fig2_default_fedavg_rep00_seed12025,fig2,default,fedavg,0,12025,49,49,49,model,40,2,50,1,256,sgd,0.9,0.0,cosine,0.0001,0.031475078378921086,23.0,-74,1024,4,1000.0,10,paper_reference_kkt,update,coordinated_aggregate,False,,1.0,78042,0.2277,2.068687058030259,0.031616612730920306,0.0,0.0,0.0,0.2277,2.068687058030259,0.031616612730920306,1.9861334319759847,0.0,1.9861334319759847,0.0,0.0,0.0,0.0,0.0,0.0,0.0,0.0246262414925606,0.0011932998895645142,0.0246262414925606,0.024034992734453264,0.024626243751331527,0.0,0.0,78042,3824058,77,3773,0.05005008847195201,0.0,0.0,1.4331443668568325e-10,2.412579319277124e-08,0.005377079034159999,0.024034992734453264,0.02462624374424039,7.402179284811014e-09,1.0,1.0,0.0,0.0,0.0,0.0,0.0,0.0,0.0,0.0,0.0,1.0,1.0,0.05005008847195201,0.0,0.0,1.4331443668568325e-10,2.412579319277124e-08,0.005377079034159999,0.024034992734453264,0.02462624374424039,7.402179284811014e-09,1.0,1.0,221.84546802099794
fig2_default_fedavg_rep00_seed12025,fig2,default,fedavg,0,12025,50,50,50,model,40,2,50,1,256,sgd,0.9,0.0,cosine,0.0001,0.030525185616852496,23.0,-74,1024,4,1000.0,10,paper_reference_kkt,update,coordinated_aggregate,False,,1.0,78042,0.2227,2.061906160863142,0.02440938660800456,0.0,0.0,0.0,0.2227,2.061906160863142,0.02440938660800456,1.9829250558953073,0.0,1.9829250558953073,0.0,0.0,0.0,0.0,0.0,0.0,0.0,0.022112260355454393,0.001237325370311737,0.022112260355454393,0.021555074248381142,0.022112261955613825,0.0,0.0,78042,3902100,77,3850,0.05028111579023321,0.0,0.0,3.2862850188833926e-10,5.113387212787249e-08,0.004833391527253513,0.021555074248381142,0.022112261960452326,5.953476664529662e-09,1.0,1.0,0.0,0.0,0.0,0.0,0.0,0.0,0.0,0.0,0.0,1.0,1.0,0.05028111579023321,0.0,0.0,3.2862850188833926e-10,5.113387212787249e-08,0.004833391527253513,0.021555074248381142,0.022112261960452326,5.953476664529662e-09,1.0,1.0,225.79863877920434
fig2_default_fedavg_rep00_seed12025,fig2,default,fedavg,0,12025,51,51,51,model,40,2,50,1,256,sgd,0.9,0.0,cosine,0.0001,0.029574814383147498,23.0,-74,1024,4,1000.0,10,paper_reference_kkt,update,coordinated_aggregate,False,,1.0,78042,0.228,2.0630725627136894,0.028470095890760418,0.0,0.0,0.0,0.228,2.0630725627136894,0.028470095890760418,1.9799218839934496,0.0,1.9799218839934496,0.0,0.0,0.0,0.0,0.0,0.0,0.0,0.019750174009245388,0.0009958930313587189,0.019750174009245388,0.01925916570618589,0.01975017422354214,0.0,0.0,78042,3980142,77,3927,0.04997964325229183,0.0,0.0,2.1735170846173525e-10,2.0476147978314797e-08,0.0043056036223044,0.01925916570618589,0.019750174237345795,4.752767275291851e-09,1.0,1.0,0.0,0.0,0.0,0.0,0.0,0.0,0.0,0.0,0.0,1.0,1.0,0.04997964325229183,0.0,0.0,2.1735170846173525e-10,2.0476147978314797e-08,0.0043056036223044,0.01925916570618589,0.019750174237345795,4.752767275291851e-09,1.0,1.0,230.55395669396967
fig2_default_fedavg_rep00_seed12025,fig2,default,fedavg,0,12025,52,52,52,model,40,2,50,1,256,sgd,0.9,0.0,cosine,0.0001,0.028624921621078915,23.0,-74,1024,4,1000.0,10,paper_reference_kkt,update,coordinated_aggregate,False,,1.0,78042,0.2237,2.0576354662621212,0.028020153297483908,0.0,0.0,0.0,0.2237,2.0576354662621212,0.028020153297483908,1.9770952680831286,0.0,1.9770952680831286,0.0,0.0,0.0,0.0,0.0,0.0,0.0,0.017472563460896887,0.001042298972606659,0.017472563460896887,0.017064103612266592,0.0174725631799861,0.0,0.0,78042,4058184,77,4004,0.05021271046714355,0.0,0.0,2.414099804366091e-10,7.008900606008647e-08,0.003823757237445252,0.017064103612266592,0.0174725631979213,3.7311144267211214e-09,1.0,1.0,0.0,0.0,0.0,0.0,0.0,0.0,0.0,0.0,0.0,1.0,1.0,0.05021271046714355,0.0,0.0,2.414099804366091e-10,7.008900606008647e-08,0.003823757237445252,0.017064103612266592,0.0174725631979213,3.7311144267211214e-09,1.0,1.0,235.31586389895529
fig2_default_fedavg_rep00_seed12025,fig2,default,fedavg,0,12025,53,53,53,model,40,2,50,1,256,sgd,0.9,0.0,cosine,0.0001,0.02767646379213918,23.0,-74,1024,4,1000.0,10,paper_reference_kkt,update,coordinated_aggregate,False,,1.0,78042,0.2292,2.0580620745219633,0.029552246285974998,0.0,0.0,0.0,0.2292,2.0580620745219633,0.029552246285974998,1.9743882121777847,0.0,1.9743882121777847,0.0,0.0,0.0,0.0,0.0,0.0,0.0,0.01532410880287155,0.0008471459150314331,0.01532410880287155,0.014953408447651117,0.015324114784187477,0.0,0.0,78042,4136226,77,4081,0.049834619152308156,0.0,0.0,3.250913772353473e-10,2.224355221314458e-08,0.00333814938564648,0.014953408447651117,0.015324114785399013,2.8651805976561825e-09,1.0,1.0,0.0,0.0,0.0,0.0,0.0,0.0,0.0,0.0,0.0,1.0,1.0,0.049834619152308156,0.0,0.0,3.250913772353473e-10,2.224355221314458e-08,0.00333814938564648,0.014953408447651117,0.015324114785399013,2.8651805976561825e-09,1.0,1.0,239.96176619827747
fig2_default_fedavg_rep00_seed12025,fig2,default,fedavg,0,12025,54,54,54,model,40,2,50,1,256,sgd,0.9,0.0,cosine,0.0001,0.026730395912964718,23.0,-74,1024,4,1000.0,10,paper_reference_kkt,update,coordinated_aggregate,False,,1.0,78042,0.2277,2.053926933733706,0.027972580680251116,0.0,0.0,0.0,0.2277,2.053926933733706,0.027972580680251116,1.971883961531056,0.0,1.971883961531056,0.0,0.0,0.0,0.0,0.0,0.0,0.0,0.013347475683687484,0.0008825808763504028,0.013347475683687484,0.013024728834866557,0.01334747706729735,0.0,0.0,78042,4214268,77,4158,0.049865650475202146,0.0,0.0,3.9152357277512947e-10,2.9958404051892725e-08,0.002908502454744546,0.013024728834866557,0.0133474770728472,2.173746972422597e-09,1.0,1.0,0.0,0.0,0.0,0.0,0.0,0.0,0.0,0.0,0.0,1.0,1.0,0.049865650475202146,0.0,0.0,3.9152357277512947e-10,2.9958404051892725e-08,0.002908502454744546,0.013024728834866557,0.0133474770728472,2.173746972422597e-09,1.0,1.0,244.68490637419745
fig2_default_fedavg_rep00_seed12025,fig2,default,fedavg,0,12025,55,55,55,model,40,2,50,1,256,sgd,0.9,0.0,cosine,0.0001,0.02578767059371511,23.0,-74,1024,4,1000.0,10,paper_reference_kkt,update,coordinated_aggregate,False,,1.0,78042,0.2311,2.0536719551423093,0.027940670979022995,0.0,0.0,0.0,0.2311,2.0536719551423093,0.027940670979022995,1.969493940548397,0.0,1.969493940548397,0.0,0.0,0.0,0.0,0.0,0.0,0.0,0.011489572841301686,0.0007096678018569946,0.011489572841301686,0.011211612853162951,0.01148957582415033,0.0,0.0,78042,4292310,77,4235,0.04961685434464653,0.0,0.0,7.477029003097387e-10,1.830795953567849e-07,0.0024973689412867337,0.011211612853162951,0.01148957582797096,1.6106745440815033e-09,1.0,1.0,0.0,0.0,0.0,0.0,0.0,0.0,0.0,0.0,0.0,1.0,1.0,0.04961685434464653,0.0,0.0,7.477029003097387e-10,1.830795953567849e-07,0.0024973689412867337,0.011211612853162951,0.01148957582797096,1.6106745440815033e-09,1.0,1.0,249.0321963839233
fig2_default_fedavg_rep00_seed12025,fig2,default,fedavg,0,12025,56,56,56,model,40,2,50,1,256,sgd,0.9,0.0,cosine,0.0001,0.024849237078875434,23.0,-74,1024,4,1000.0,10,paper_reference_kkt,update,coordinated_aggregate,False,,1.0,78042,0.228,2.0506861098179394,0.030658460897207276,0.0,0.0,0.0,0.228,2.0506861098179394,0.030658460897207276,1.9672613689639922,0.0,1.9672613689639922,0.0,0.0,0.0,0.0,0.0,0.0,0.0,0.009849038501436069,0.0007405802607536316,0.009849038501436069,0.009618849734585294,0.009849040329900544,0.0,0.0,78042,4370352,77,4312,0.05015843409090139,0.0,0.0,7.180874856104613e-10,8.117554903992555e-08,0.0021542451561037492,0.009618849734585294,0.00984904032038084,1.1855445813348143e-09,1.0,1.0,0.0,0.0,0.0,0.0,0.0,0.0,0.0,0.0,0.0,1.0,1.0,0.05015843409090139,0.0,0.0,7.180874856104613e-10,8.117554903992555e-08,0.0021542451561037492,0.009618849734585294,0.00984904032038084,1.1855445813348143e-09,1.0,1.0,252.95674711605534
fig2_default_fedavg_rep00_seed12025,fig2,default,fedavg,0,12025,57,57,57,model,40,2,50,1,256,sgd,0.9,0.0,cosine,0.0001,0.02391604029144754,23.0,-74,1024,4,1000.0,10,paper_reference_kkt,update,coordinated_aggregate,False,,1.0,78042,0.2306,2.049895013986683,0.02949919019490481,0.0,0.0,0.0,0.2306,2.049895013986683,0.02949919019490481,1.9651743086890552,0.0,1.9651743086890552,0.0,0.0,0.0,0.0,0.0,0.0,0.0,0.008407913460967456,0.000579535961151123,0.008407913460967456,0.008207941048538395,0.00840791383859833,0.0,0.0,78042,4448394,77,4389,0.05021616636226838,0.0,0.0,1.0741587163319487e-09,3.345174270927999e-07,0.0018393145475096807,0.008207941048538395,0.00840791384349397,8.632569162282049e-10,1.0,1.0,0.0,0.0,0.0,0.0,0.0,0.0,0.0,0.0,0.0,1.0,1.0,0.05021616636226838,0.0,0.0,1.0741587163319487e-09,3.345174270927999e-07,0.0018393145475096807,0.008207941048538395,0.00840791384349397,8.632569162282049e-10,1.0,1.0,257.01035551400855
fig2_default_fedavg_rep00_seed12025,fig2,default,fedavg,0,12025,58,58,58,model,40,2,50,1,256,sgd,0.9,0.0,cosine,0.0001,0.022989019881492646,23.0,-74,1024,4,1000.0,10,paper_reference_kkt,update,coordinated_aggregate,False,,1.0,78042,0.2299,2.0478222983895322,0.028330137836933125,0.0,0.0,0.0,0.2299,2.0478222983895322,0.028330137836933125,1.9632119082846695,0.0,1.9632119082846695,0.0,0.0,0.0,0.0,0.0,0.0,0.0,0.007354778715979915,0.0006200969219207764,0.007354778715979915,0.007172655481074263,0.007354775375771811,0.0,0.0,78042,4526436,77,4466,0.049987532998147385,0.0,0.0,2.7398396668884957e-08,1.0567154163059379e-05,0.0016036545584480948,0.007172655481074263,0.007354775382980646,6.5922178634818e-10,1.0,1.0,0.0,0.0,0.0,0.0,0.0,0.0,0.0,0.0,0.0,1.0,1.0,0.049987532998147385,0.0,0.0,2.7398396668884957e-08,1.0567154163059379e-05,0.0016036545584480948,0.007172655481074263,0.007354775382980646,6.5922178634818e-10,1.0,1.0,261.4581852653064
fig2_default_fedavg_rep00_seed12025,fig2,default,fedavg,0,12025,59,59,59,model,40,2,50,1,256,sgd,0.9,0.0,cosine,0.0001,0.022069109279983453,23.0,-74,1024,4,1000.0,10,paper_reference_kkt,update,coordinated_aggregate,False,,1.0,78042,0.2309,2.0467613994200597,0.027572268079221248,0.0,0.0,0.0,0.2309,2.0467613994200597,0.027572268079221248,1.9613999025261413,0.0,1.9613999025261413,0.0,0.0,0.0,0.0,0.0,0.0,0.0,0.006628439662060671,0.0004888176918029785,0.006628439662060671,0.006465870006926508,0.006628438743265238,0.0,0.0,78042,4604478,77,4543,0.04971163707365808,0.0,0.0,1.1058939025535045e-09,4.6345837354490034e-07,0.0014416372711278864,0.006465870006926508,0.006628438747995364,5.357048121072218e-10,1.0,1.0,0.0,0.0,0.0,0.0,0.0,0.0,0.0,0.0,0.0,1.0,1.0,0.04971163707365808,0.0,0.0,1.1058939025535045e-09,4.6345837354490034e-07,0.0014416372711278864,0.006465870006926508,0.006628438747995364,5.357048121072218e-10,1.0,1.0,265.93855601223186
fig2_default_fedavg_rep00_seed12025,fig2,default,fedavg,0,12025,60,60,60,model,40,2,50,1,256,sgd,0.9,0.0,cosine,0.0001,0.021157234758918175,23.0,-74,1024,4,1000.0,10,paper_reference_kkt,update,coordinated_aggregate,False,,1.0,78042,0.2307,2.045177799142682,0.029128136843442908,0.0,0.0,0.0,0.2307,2.045177799142682,0.029128136843442908,1.9596847690497872,0.0,1.9596847690497872,0.0,0.0,0.0,0.0,0.0,0.0,0.0,0.006137348026663197,0.0005244538187980652,0.006137348026663197,0.005989882618572336,0.0061373441104841985,0.0,0.0,78042,4682520,77,4620,0.05001675117702263,0.0,0.0,2.670749276265486e-09,1.037307068569566e-06,0.0013396028141074766,0.005989882618572336,0.006137344114710956,4.597357036502779e-10,1.0,1.0,0.0,0.0,0.0,0.0,0.0,0.0,0.0,0.0,0.0,1.0,1.0,0.05001675117702263,0.0,0.0,2.670749276265486e-09,1.037307068569566e-06,0.0013396028141074766,0.005989882618572336,0.006137344114710956,4.597357036502779e-10,1.0,1.0,270.59853927232325
fig2_default_fedavg_rep00_seed12025,fig2,default,fedavg,0,12025,61,61,61,model,40,2,50,1,256,sgd,0.9,0.0,cosine,0.0001,0.02025431449864322,23.0,-74,1024,4,1000.0,10,paper_reference_kkt,update,coordinated_aggregate,False,,1.0,78042,0.2314,2.043988493747191,0.027918250383436687,0.0,0.0,0.0,0.2314,2.043988493747191,0.027918250383436687,1.9580611283393505,0.0,1.9580611283393505,0.0,0.0,0.0,0.0,0.0,0.0,0.0,0.005779304882327269,0.00045762956142425537,0.005779304882327269,0.005637838386412204,0.0057793067236567314,0.0,0.0,78042,4760562,77,4697,0.049727100994737906,0.0,0.0,1.4052465483791909e-09,1.7596965934022207e-07,0.0012572139548179596,0.005637838386412204,0.0057793067223499296,4.072835354207089e-10,1.0,1.0,0.0,0.0,0.0,0.0,0.0,0.0,0.0,0.0,0.0,1.0,1.0,0.049727100994737906,0.0,0.0,1.4052465483791909e-09,1.7596965934022207e-07,0.0012572139548179596,0.005637838386412204,0.0057793067223499296,4.072835354207089e-10,1.0,1.0,275.3261740813032
fig2_default_fedavg_rep00_seed12025,fig2,default,fedavg,0,12025,62,62,62,model,40,2,50,1,256,sgd,0.9,0.0,cosine,0.0001,0.019361257663323438,23.0,-74,1024,4,1000.0,10,paper_reference_kkt,update,coordinated_aggregate,False,,1.0,78042,0.2313,2.0427254400434696,0.028880352912843216,0.0,0.0,0.0,0.2313,2.0427254400434696,0.028880352912843216,1.9565089540224476,0.0,1.9565089540224476,0.0,0.0,0.0,0.0,0.0,0.0,0.0,0.005503555257466887,0.00045815110206604004,0.005503555257466887,0.005370849989290026,0.005503559404651287,0.0,0.0,78042,4838604,77,4774,0.05003955877307516,0.0,0.0,1.3106654111909285e-09,1.3665571713142236e-07,0.0012014335578433768,0.005370849989290026,0.005503559407372755,3.696218652450819e-10,1.0,1.0,0.0,0.0,0.0,0.0,0.0,0.0,0.0,0.0,0.0,1.0,1.0,0.05003955877307516,0.0,0.0,1.3106654111909285e-09,1.3665571713142236e-07,0.0012014335578433768,0.005370849989290026,0.005503559407372755,3.696218652450819e-10,1.0,1.0,279.80485023232177
fig2_default_fedavg_rep00_seed12025,fig2,default,fedavg,0,12025,63,63,63,model,40,2,50,1,256,sgd,0.9,0.0,cosine,0.0001,0.01847896348549079,23.0,-74,1024,4,1000.0,10,paper_reference_kkt,update,coordinated_aggregate,False,,1.0,78042,0.2314,2.041576518116346,0.02835089485198259,0.0,0.0,0.0,0.2314,2.041576518116346,0.02835089485198259,1.955027198803631,0.0,1.955027198803631,0.0,0.0,0.0,0.0,0.0,0.0,0.0,0.0052522044221666045,0.00042004138231277466,0.0052522044221666045,0.005122868567502365,0.005252208188454378,0.0,0.0,78042,4916646,77,4851,0.05003316989555897,0.0,0.0,1.4227720644240795e-09,3.37977218392354e-07,0.0011458881365627,0.005122868567502365,0.005252208190521423,3.3627767560933514e-10,1.0,1.0,0.0,0.0,0.0,0.0,0.0,0.0,0.0,0.0,0.0,1.0,1.0,0.05003316989555897,0.0,0.0,1.4227720644240795e-09,3.37977218392354e-07,0.0011458881365627,0.005122868567502365,0.005252208190521423,3.3627767560933514e-10,1.0,1.0,283.7774432343431
fig2_default_fedavg_rep00_seed12025,fig2,default,fedavg,0,12025,64,64,64,model,40,2,50,1,256,sgd,0.9,0.0,cosine,0.0001,0.017608320360593503,23.0,-74,1024,4,1000.0,10,paper_reference_kkt,update,coordinated_aggregate,False,,1.0,78042,0.2314,2.0404471413642167,0.027423177911341187,0.0,0.0,0.0,0.2314,2.0404471413642167,0.027423177911341187,1.9536060286441388,0.0,1.9536060286441388,0.0,0.0,0.0,0.0,0.0,0.0,0.0,0.0050115088475605465,0.00040850043296813965,0.0050115088475605465,0.004889511727837176,0.005011508543247927,0.0,0.0,78042,4994688,77,4928,0.04991190556874994,0.0,0.0,1.2961663399776472e-09,1.3063202780617125e-07,0.0010923644742666522,0.004889511727837176,0.005011508544267029,3.063392139701352e-10,1.0,1.0,0.0,0.0,0.0,0.0,0.0,0.0,0.0,0.0,0.0,1.0,1.0,0.04991190556874994,0.0,0.0,1.2961663399776472e-09,1.3063202780617125e-07,0.0010923644742666522,0.004889511727837176,0.005011508544267029,3.063392139701352e-10,1.0,1.0,288.1926558520645
fig2_default_fedavg_rep00_seed12025,fig2,default,fedavg,0,12025,65,65,65,model,40,2,50,1,256,sgd,0.9,0.0,cosine,0.0001,0.016750204952457062,23.0,-74,1024,4,1000.0,10,paper_reference_kkt,update,coordinated_aggregate,False,,1.0,78042,0.2322,2.0393420163083076,0.025550955753028407,0.0,0.0,0.0,0.2322,2.0393420163083076,0.025550955753028407,1.9522494998734943,0.0,1.9522494998734943,0.0,0.0,0.0,0.0,0.0,0.0,0.0,0.00477225767312319,0.00038332492113113403,0.00477225767312319,0.00465857503677517,0.004772260855929663,0.0,0.0,78042,5072730,77,5005,0.050077227021089535,0.0,0.0,1.099507196549001e-09,1.6224237743629507e-07,0.0010424932010778887,0.00465857503677517,0.004772260859326955,2.780851512424691e-10,1.0,1.0,0.0,0.0,0.0,0.0,0.0,0.0,0.0,0.0,0.0,1.0,1.0,0.050077227021089535,0.0,0.0,1.099507196549001e-09,1.6224237743629507e-07,0.0010424932010778887,0.00465857503677517,0.004772260859326955,2.780851512424691e-10,1.0,1.0,292.18474947614595
fig2_default_fedavg_rep00_seed12025,fig2,default,fedavg,0,12025,66,66,66,model,40,2,50,1,256,sgd,0.9,0.0,cosine,0.0001,0.015905481310558155,23.0,-74,1024,4,1000.0,10,paper_reference_kkt,update,coordinated_aggregate,False,,1.0,78042,0.2325,2.0383201600526344,0.025816260695457442,0.0,0.0,0.0,0.2325,2.0383201600526344,0.025816260695457442,1.9509517116924997,0.0,1.9509517116924997,0.0,0.0,0.0,0.0,0.0,0.0,0.0,0.004542351081528802,0.0003639981150627136,0.004542351081528802,0.004433726442927295,0.004542349286152143,0.0,0.0,78042,5150772,77,5082,0.050151300711629536,0.0,0.0,1.460126212650927e-09,4.0574587262171075e-07,0.0009929102514122962,0.004433726442927295,0.0045423492849643735,2.518891131789643e-10,1.0,1.0,0.0,0.0,0.0,0.0,0.0,0.0,0.0,0.0,0.0,1.0,1.0,0.050151300711629536,0.0,0.0,1.460126212650927e-09,4.0574587262171075e-07,0.0009929102514122962,0.004433726442927295,0.0045423492849643735,2.518891131789643e-10,1.0,1.0,297.25869945809245
fig2_default_fedavg_rep00_seed12025,fig2,default,fedavg,0,12025,67,67,67,model,40,2,50,1,256,sgd,0.9,0.0,cosine,0.0001,0.015075000000000005,23.0,-74,1024,4,1000.0,10,paper_reference_kkt,update,coordinated_aggregate,False,,1.0,78042,0.2327,2.037332905377488,0.02532430495619773,0.0,0.0,0.0,0.2327,2.037332905377488,0.02532430495619773,1.949714218187672,0.0,1.949714218187672,0.0,0.0,0.0,0.0,0.0,0.0,0.0,0.004319874368450598,0.00034217536449432373,0.004319874368450598,0.004210194062425043,0.004319871619729608,0.0,0.0,78042,5228814,77,5159,0.049755661666259964,0.0,0.0,1.251897500871816e-09,1.05386497208795e-07,0.0009391249255788607,0.004210194062425043,0.004319871620488567,2.271306994090245e-10,1.0,1.0,0.0,0.0,0.0,0.0,0.0,0.0,0.0,0.0,0.0,1.0,1.0,0.049755661666259964,0.0,0.0,1.251897500871816e-09,1.05386497208795e-07,0.0009391249255788607,0.004210194062425043,0.004319871620488567,2.271306994090245e-10,1.0,1.0,301.67685133824125
fig2_default_fedavg_rep00_seed12025,fig2,default,fedavg,0,12025,68,68,68,model,40,2,50,1,256,sgd,0.9,0.0,cosine,0.0001,0.01425959724506545,23.0,-74,1024,4,1000.0,10,paper_reference_kkt,update,coordinated_aggregate,False,,1.0,78042,0.2332,2.0364085914714716,0.025422352458536635,0.0,0.0,0.0,0.2332,2.0364085914714716,0.025422352458536635,1.94853793477236,0.0,1.94853793477236,0.0,0.0,0.0,0.0,0.0,0.0,0.0,0.0040864150635599285,0.00032132118940353394,0.0040864150635599285,0.003984561420825379,0.004086417747271382,0.0,0.0,78042,5306856,77,5236,0.05006798929111289,0.0,0.0,1.094126474811919e-09,1.1340811311610543e-07,0.0008915805815601316,0.003984561420825379,0.004086417746873778,2.034382731904611e-10,1.0,1.0,0.0,0.0,0.0,0.0,0.0,0.0,0.0,0.0,0.0,1.0,1.0,0.05006798929111289,0.0,0.0,1.094126474811919e-09,1.1340811311610543e-07,0.0008915805815601316,0.003984561420825379,0.004086417746873778,2.034382731904611e-10,1.0,1.0,306.29478530492634
fig2_default_fedavg_rep00_seed12025,fig2,default,fedavg,0,12025,69,69,69,model,40,2,50,1,256,sgd,0.9,0.0,cosine,0.0001,0.013460094087209997,23.0,-74,1024,4,1000.0,10,paper_reference_kkt,update,coordinated_aggregate,False,,1.0,78042,0.2335,2.0355323495700657,0.024921637974679476,0.0,0.0,0.0,0.2335,2.0355323495700657,0.024921637974679476,1.947421322033825,0.0,1.947421322033825,0.0,0.0,0.0,0.0,0.0,0.0,0.0,0.003856650991463767,0.000303514301776886,0.003856650991463767,0.0037627722737065055,0.0038566544117433544,0.0,0.0,78042,5384898,77,5313,0.050023589506513096,0.0,0.0,2.1118843763970763e-09,3.4301502335290464e-07,0.0008415799131155011,0.0037627722737065055,0.003856654407259896,1.8142096798870384e-10,1.0,1.0,0.0,0.0,0.0,0.0,0.0,0.0,0.0,0.0,0.0,1.0,1.0,0.050023589506513096,0.0,0.0,2.1118843763970763e-09,3.4301502335290464e-07,0.0008415799131155011,0.0037627722737065055,0.003856654407259896,1.8142096798870384e-10,1.0,1.0,310.9918627003208
fig2_default_fedavg_rep00_seed12025,fig2,default,fedavg,0,12025,70,70,70,model,40,2,50,1,256,sgd,0.9,0.0,cosine,0.0001,0.012677295558342617,23.0,-74,1024,4,1000.0,10,paper_reference_kkt,update,coordinated_aggregate,False,,1.0,78042,0.2339,2.034701403288714,0.023812177136540425,0.0,0.0,0.0,0.2339,2.034701403288714,0.023812177136540425,1.9463704175648342,0.0,1.9463704175648342,0.0,0.0,0.0,0.0,0.0,0.0,0.0,0.0036349544248275643,0.00028086453676223755,0.0036349544248275643,0.0035519075618504433,0.0036349515683654974,0.0,0.0,78042,5462940,77,5390,0.04938508279207589,0.0,0.0,1.5692976480343933e-09,2.9810971480628503e-07,0.0007893317058110542,0.0035519075618504433,0.0036349515707980807,1.6165715035404476e-10,1.0,1.0,0.0,0.0,0.0,0.0,0.0,0.0,0.0,0.0,0.0,1.0,1.0,0.04938508279207589,0.0,0.0,1.5692976480343933e-09,2.9810971480628503e-07,0.0007893317058110542,0.0035519075618504433,0.0036349515707980807,1.6165715035404476e-10,1.0,1.0,314.98657147819176
fig2_default_fedavg_rep00_seed12025,fig2,default,fedavg,0,12025,71,71,71,model,40,2,50,1,256,sgd,0.9,0.0,cosine,0.0001,0.011911989870226887,23.0,-74,1024,4,1000.0,10,paper_reference_kkt,update,coordinated_aggregate,False,,1.0,78042,0.234,2.0339265860500086,0.02385466041862964,0.0,0.0,0.0,0.234,2.0339265860500086,0.02385466041862964,1.9453714142495715,0.0,1.9453714142495715,0.0,0.0,0.0,0.0,0.0,0.0,0.0,0.0034253887708627427,0.0002598017454147339,0.0034253887708627427,0.0033413992381928805,0.0034253953927676026,0.0,0.0,78042,5540982,77,5467,0.05033292856726772,0.0,0.0,1.5809083441210708e-09,2.2368828387258966e-07,0.0007496429642705722,0.0033413992381928805,0.003425395389392023,1.4306333601132675e-10,1.0,1.0,0.0,0.0,0.0,0.0,0.0,0.0,0.0,0.0,0.0,1.0,1.0,0.05033292856726772,0.0,0.0,1.5809083441210708e-09,2.2368828387258966e-07,0.0007496429642705722,0.0033413992381928805,0.003425395389392023,1.4306333601132675e-10,1.0,1.0,319.2651674929075
fig2_default_fedavg_rep00_seed12025,fig2,default,fedavg,0,12025,72,72,72,model,40,2,50,1,256,sgd,0.9,0.0,cosine,0.0001,0.01116494762081856,23.0,-74,1024,4,1000.0,10,paper_reference_kkt,update,coordinated_aggregate,False,,1.0,78042,0.2338,2.0331942297973224,0.02448648350834846,0.0,0.0,0.0,0.2338,2.0331942297973224,0.02448648350834846,1.9444358457383888,0.0,1.9444358457383888,0.0,0.0,0.0,0.0,0.0,0.0,0.0,0.0032131546379987152,0.00024515390396118164,0.0032131546379987152,0.0031370565051185334,0.003213152903797675,0.0,0.0,78042,5619024,77,5544,0.050219241099588856,0.0,0.0,1.6769549177640531e-09,6.155873444516604e-07,0.0007030033816108071,0.0031370565051185334,0.0032131529018913346,1.2610035002058516e-10,1.0,1.0,0.0,0.0,0.0,0.0,0.0,0.0,0.0,0.0,0.0,1.0,1.0,0.050219241099588856,0.0,0.0,1.6769549177640531e-09,6.155873444516604e-07,0.0007030033816108071,0.0031370565051185334,0.0032131529018913346,1.2610035002058516e-10,1.0,1.0,323.2131314650178
fig2_default_fedavg_rep00_seed12025,fig2,default,fedavg,0,12025,73,73,73,model,40,2,50,1,256,sgd,0.9,0.0,cosine,0.0001,0.010436921018338713,23.0,-74,1024,4,1000.0,10,paper_reference_kkt,update,coordinated_aggregate,False,,1.0,78042,0.2338,2.032496103412569,0.024564660672843457,0.0,0.0,0.0,0.2338,2.032496103412569,0.024564660672843457,1.9435524137071047,0.0,1.9435524137071047,0.0,0.0,0.0,0.0,0.0,0.0,0.0,0.003014793105793484,0.0002266913652420044,0.003014793105793484,0.002937739807316556,0.0030147946183277387,0.0,0.0,78042,5697066,77,5621,0.04991550691430863,0.0,0.0,2.067962648207314e-09,3.999987083246632e-07,0.0006563433223663889,0.002937739807316556,0.003014794616886919,1.1058552030307164e-10,1.0,1.0,0.0,0.0,0.0,0.0,0.0,0.0,0.0,0.0,0.0,1.0,1.0,0.04991550691430863,0.0,0.0,2.067962648207314e-09,3.999987083246632e-07,0.0006563433223663889,0.002937739807316556,0.003014794616886919,1.1058552030307164e-10,1.0,1.0,328.1361885382794
fig2_default_fedavg_rep00_seed12025,fig2,default,fedavg,0,12025,74,74,74,model,40,2,50,1,256,sgd,0.9,0.0,cosine,0.0001,0.009728643123863893,23.0,-74,1024,4,1000.0,10,paper_reference_kkt,update,coordinated_aggregate,False,,1.0,78042,0.2342,2.0318608441610997,0.024300149691104878,0.0,0.0,0.0,0.2342,2.0318608441610997,0.024300149691104878,1.9427228767655997,0.0,1.9427228767655997,0.0,0.0,0.0,0.0,0.0,0.0,0.0,0.0028077072801108286,0.0002092123031616211,0.0028077072801108286,0.002742366303469201,0.0028077045439485137,0.0,0.0,78042,5775108,77,5698,0.050169861681656935,0.0,0.0,1.3434718872119535e-09,1.326990391136682e-07,0.0006142524760122557,0.002742366303469201,0.002807704541673899,9.636571259582443e-11,1.0,1.0,0.0,0.0,0.0,0.0,0.0,0.0,0.0,0.0,0.0,1.0,1.0,0.050169861681656935,0.0,0.0,1.3434718872119535e-09,1.326990391136682e-07,0.0006142524760122557,0.002742366303469201,0.002807704541673899,9.636571259582443e-11,1.0,1.0,332.69306854810566
fig2_default_fedavg_rep00_seed12025,fig2,default,fedavg,0,12025,75,75,75,model,40,2,50,1,256,sgd,0.9,0.0,cosine,0.0001,0.009040827113195673,23.0,-74,1024,4,1000.0,10,paper_reference_kkt,update,coordinated_aggregate,False,,1.0,78042,0.2345,2.031269417854964,0.025144049146771437,0.0,0.0,0.0,0.2345,2.031269417854964,0.025144049146771437,1.9419499499266655,0.0,1.9419499499266655,0.0,0.0,0.0,0.0,0.0,0.0,0.0,0.0026148519512591366,0.00019563734531402588,0.0026148519512591366,0.0025504470737577702,0.002614850332369604,0.0,0.0,78042,5853150,77,5775,0.05024045089064734,0.0,0.0,2.923238510420165e-09,3.3540411078846557e-06,0.0005716669432570136,0.0025504470737577702,0.0026148503349927776,8.334973829527143e-11,1.0,1.0,0.0,0.0,0.0,0.0,0.0,0.0,0.0,0.0,0.0,1.0,1.0,0.05024045089064734,0.0,0.0,2.923238510420165e-09,3.3540411078846557e-06,0.0005716669432570136,0.0025504470737577702,0.0026148503349927776,8.334973829527143e-11,1.0,1.0,337.1888161059469
fig2_default_fedavg_rep00_seed12025,fig2,default,fedavg,0,12025,76,76,76,model,40,2,50,1,256,sgd,0.9,0.0,cosine,0.0001,0.008374165558753146,23.0,-74,1024,4,1000.0,10,paper_reference_kkt,update,coordinated_aggregate,False,,1.0,78042,0.2352,2.0307167745309407,0.02415800567716361,0.0,0.0,0.0,0.2352,2.0307167745309407,0.02415800567716361,1.9412276431357265,0.0,1.9412276431357265,0.0,0.0,0.0,0.0,0.0,0.0,0.0,0.0024209866056086405,0.0001847594976425171,0.0024209866056086405,0.002362796955124607,0.0024209884466694456,0.0,0.0,78042,5931192,77,5852,0.05014704704273491,0.0,0.0,2.3766858730190715e-09,4.6285322298199524e-07,0.0005291137951114573,0.002362796955124607,0.002420988446013431,7.153596077940229e-11,1.0,1.0,0.0,0.0,0.0,0.0,0.0,0.0,0.0,0.0,0.0,1.0,1.0,0.05014704704273491,0.0,0.0,2.3766858730190715e-09,4.6285322298199524e-07,0.0005291137951114573,0.002362796955124607,0.002420988446013431,7.153596077940229e-11,1.0,1.0,341.78475588792935
fig2_default_fedavg_rep00_seed12025,fig2,default,fedavg,0,12025,77,77,77,model,40,2,50,1,256,sgd,0.9,0.0,cosine,0.0001,0.007729329732211148,23.0,-74,1024,4,1000.0,10,paper_reference_kkt,update,coordinated_aggregate,False,,1.0,78042,0.2354,2.0301998953953997,0.02371938253492118,0.0,0.0,0.0,0.2354,2.0301998953953997,0.02371938253492118,1.9405632977083038,0.0,1.9405632977083038,0.0,0.0,0.0,0.0,0.0,0.0,0.0,0.0022365225847187213,0.00016921013593673706,0.0022365225847187213,0.0021822405650792987,0.002236524150213939,0.0,0.0,78042,6009234,77,5929,0.05020794459256676,0.0,0.0,1.2164370012206992e-09,7.075859915683452e-08,0.0004889774662516626,0.0021822405650792987,0.0022365241488787758,6.102065405650313e-11,1.0,1.0,0.0,0.0,0.0,0.0,0.0,0.0,0.0,0.0,0.0,1.0,1.0,0.05020794459256676,0.0,0.0,1.2164370012206992e-09,7.075859915683452e-08,0.0004889774662516626,0.0021822405650792987,0.0022365241488787758,6.102065405650313e-11,1.0,1.0,345.97576880827546
fig2_default_fedavg_rep00_seed12025,fig2,default,fedavg,0,12025,78,78,78,model,40,2,50,1,256,sgd,0.9,0.0,cosine,0.0001,0.007106968928586611,23.0,-74,1024,4,1000.0,10,paper_reference_kkt,update,coordinated_aggregate,False,,1.0,78042,0.2351,2.029731857034655,0.02370878425985575,0.0,0.0,0.0,0.2351,2.029731857034655,0.02370878425985575,1.9399461483664333,0.0,1.9399461483664333,0.0,0.0,0.0,0.0,0.0,0.0,0.0,0.0020559676132875476,0.00015554577112197876,0.0020559676132875476,0.0020060250772757403,0.002055962904036406,0.0,0.0,78042,6087276,77,6006,0.04979030850145756,0.0,0.0,1.4540034642616081e-08,7.055077889239605e-06,0.00044761926153454165,0.0020060250772757403,0.002055962904127119,5.156372992310731e-11,1.0,1.0,0.0,0.0,0.0,0.0,0.0,0.0,0.0,0.0,0.0,1.0,1.0,0.04979030850145756,0.0,0.0,1.4540034642616081e-08,7.055077889239605e-06,0.00044761926153454165,0.0020060250772757403,0.002055962904127119,5.156372992310731e-11,1.0,1.0,350.2662501791492
fig2_default_fedavg_rep00_seed12025,fig2,default,fedavg,0,12025,79,79,79,model,40,2,50,1,256,sgd,0.9,0.0,cosine,0.0001,0.006507709812453521,23.0,-74,1024,4,1000.0,10,paper_reference_kkt,update,coordinated_aggregate,False,,1.0,78042,0.2352,2.02929518575834,0.02418764593154191,0.0,0.0,0.0,0.2352,2.02929518575834,0.02418764593154191,1.9393771800723227,0.0,1.9393771800723227,0.0,0.0,0.0,0.0,0.0,0.0,0.0,0.0018810965092336193,0.00014231353998184204,0.0018810965092336193,0.0018407504514510683,0.0018810924233433777,0.0,0.0,78042,6165318,77,6083,0.049650393051013236,0.0,0.0,1.5148744218227194e-09,1.5353454284452508e-07,0.0004101627923721142,0.0018407504514510683,0.0018810924226738545,4.341716286765219e-11,1.0,1.0,0.0,0.0,0.0,0.0,0.0,0.0,0.0,0.0,0.0,1.0,1.0,0.049650393051013236,0.0,0.0,1.5148744218227194e-09,1.5353454284452508e-07,0.0004101627923721142,0.0018407504514510683,0.0018810924226738545,4.341716286765219e-11,1.0,1.0,354.1299554291181
fig2_default_fedavg_rep00_seed12025,fig2,default,fedavg,0,12025,80,80,80,model,40,2,50,1,256,sgd,0.9,0.0,cosine,0.0001,0.005932155786944794,23.0,-74,1024,4,1000.0,10,paper_reference_kkt,update,coordinated_aggregate,False,,1.0,78042,0.2354,2.028892107799271,0.023849069854617128,0.0,0.0,0.0,0.2354,2.028892107799271,0.023849069854617128,1.9388558914314575,0.0,1.9388558914314575,0.0,0.0,0.0,0.0,0.0,0.0,0.0,0.001720814121308828,0.00012756139039993286,0.001720814121308828,0.0016793505709273061,0.0017208125371326953,0.0,0.0,78042,6243360,77,6160,0.05028957286822464,0.0,0.0,2.0576621471090707e-09,4.928901885526536e-07,0.00037660002086756234,0.0016793505709273061,0.0017208125380085142,3.613718690030841e-11,1.0,1.0,0.0,0.0,0.0,0.0,0.0,0.0,0.0,0.0,0.0,1.0,1.0,0.05028957286822464,0.0,0.0,2.0576621471090707e-09,4.928901885526536e-07,0.00037660002086756234,0.0016793505709273061,0.0017208125380085142,3.613718690030841e-11,1.0,1.0,358.8894439493306
fig2_default_fedavg_rep00_seed12025,fig2,default,fedavg,0,12025,81,81,81,model,40,2,50,1,256,sgd,0.9,0.0,cosine,0.0001,0.0053808863861765106,23.0,-74,1024,4,1000.0,10,paper_reference_kkt,update,coordinated_aggregate,False,,1.0,78042,0.2352,2.028531951765258,0.024003398276865488,0.0,0.0,0.0,0.2352,2.028531951765258,0.024003398276865488,1.938381923118176,0.0,1.938381923118176,0.0,0.0,0.0,0.0,0.0,0.0,0.0,0.0015635726586858882,0.00011607259511947632,0.0015635726586858882,0.0015242551535809112,0.0015635746347172448,0.0,0.0,78042,6321402,77,6237,0.050383299534273805,0.0,0.0,1.3934502011107053e-09,2.652569175831394e-07,0.000342137734078143,0.0015242551535809112,0.001563574635262647,2.9770556536454314e-11,1.0,1.0,0.0,0.0,0.0,0.0,0.0,0.0,0.0,0.0,0.0,1.0,1.0,0.050383299534273805,0.0,0.0,1.3934502011107053e-09,2.652569175831394e-07,0.000342137734078143,0.0015242551535809112,0.001563574635262647,2.9770556536454314e-11,1.0,1.0,363.64295069826767
fig2_default_fedavg_rep00_seed12025,fig2,default,fedavg,0,12025,82,82,82,model,40,2,50,1,256,sgd,0.9,0.0,cosine,0.0001,0.0048544566917061195,23.0,-74,1024,4,1000.0,10,paper_reference_kkt,update,coordinated_aggregate,False,,1.0,78042,0.2355,2.0282018426527153,0.02454395498037338,0.0,0.0,0.0,0.2355,2.0282018426527153,0.02454395498037338,1.93794759589561,0.0,1.93794759589561,0.0,0.0,0.0,0.0,0.0,0.0,0.0,0.0014111417612230333,0.00010435283184051514,0.0014111417612230333,0.0013761980578198521,0.001411141353679112,0.0,0.0,78042,6399444,77,6314,0.05030503791195886,0.0,0.0,1.3968293822032327e-09,1.4930978135134564e-07,0.0003086644982070195,0.0013761980578198521,0.0014111413533150357,2.4267972301416327e-11,1.0,1.0,0.0,0.0,0.0,0.0,0.0,0.0,0.0,0.0,0.0,1.0,1.0,0.05030503791195886,0.0,0.0,1.3968293822032327e-09,1.4930978135134564e-07,0.0003086644982070195,0.0013761980578198521,0.0014111413533150357,2.4267972301416327e-11,1.0,1.0,367.82155437907204
fig2_default_fedavg_rep00_seed12025,fig2,default,fedavg,0,12025,83,83,83,model,40,2,50,1,256,sgd,0.9,0.0,cosine,0.0001,0.004353396773612437,23.0,-74,1024,4,1000.0,10,paper_reference_kkt,update,coordinated_aggregate,False,,1.0,78042,0.2355,2.027904801916168,0.024072276109457023,0.0,0.0,0.0,0.2355,2.027904801916168,0.024072276109457023,1.937556585727121,0.0,1.937556585727121,0.0,0.0,0.0,0.0,0.0,0.0,0.0,0.0012627981056551158,9.438395500183105e-05,0.0012627981056551158,0.0012335733774130964,0.0012627951429893562,0.0,0.0,78042,6477486,77,6391,0.049516649035012426,0.0,0.0,1.2627086858588713e-09,8.001070433895347e-08,0.00027449890186580255,0.0012335733774130964,0.0012627951433948213,1.9498517176166087e-11,1.0,1.0,0.0,0.0,0.0,0.0,0.0,0.0,0.0,0.0,0.0,1.0,1.0,0.049516649035012426,0.0,0.0,1.2627086858588713e-09,8.001070433895347e-08,0.00027449890186580255,0.0012335733774130964,0.0012627951433948213,1.9498517176166087e-11,1.0,1.0,372.49077780917287
fig2_default_fedavg_rep00_seed12025,fig2,default,fedavg,0,12025,84,84,84,model,40,2,50,1,256,sgd,0.9,0.0,cosine,0.0001,0.0038782111567599404,23.0,-74,1024,4,1000.0,10,paper_reference_kkt,update,coordinated_aggregate,False,,1.0,78042,0.2355,2.0276374213873556,0.024467799545824523,0.0,0.0,0.0,0.2355,2.0276374213873556,0.024467799545824523,1.9372047781944275,0.0,1.9372047781944275,0.0,0.0,0.0,0.0,0.0,0.0,0.0,0.0011276862179393048,8.482486009597778e-05,0.0011276862179393048,0.0010993196900313386,0.0011276846959585953,0.0,0.0,78042,6555528,77,6468,0.050550961877323164,0.0,0.0,1.4798914058895044e-09,1.3694981509660518e-07,0.0002471659939320163,0.0010993196900313386,0.0011276846942521557,1.5485299978096384e-11,1.0,1.0,0.0,0.0,0.0,0.0,0.0,0.0,0.0,0.0,0.0,1.0,1.0,0.050550961877323164,0.0,0.0,1.4798914058895044e-09,1.3694981509660518e-07,0.0002471659939320163,0.0010993196900313386,0.0011276846942521557,1.5485299978096384e-11,1.0,1.0,376.48143246630207
fig2_default_fedavg_rep00_seed12025,fig2,default,fedavg,0,12025,85,85,85,model,40,2,50,1,256,sgd,0.9,0.0,cosine,0.0001,0.0034293783127850447,23.0,-74,1024,4,1000.0,10,paper_reference_kkt,update,coordinated_aggregate,False,,1.0,78042,0.2356,2.0274026216599257,0.02459069382846355,0.0,0.0,0.0,0.2356,2.0274026216599257,0.02459069382846355,1.9368928985581153,0.0,1.9368928985581153,0.0,0.0,0.0,0.0,0.0,0.0,0.0,0.0009972667353750333,7.386505603790283e-05,0.0009972667353750333,0.0009722904199350419,0.0009972697550400815,0.0,0.0,78042,6633570,77,6545,0.050462733103174534,0.0,0.0,1.2812645347544318e-09,1.4857419766043116e-07,0.00021841446187059006,0.0009722904199350419,0.000997269756292321,1.2113332060909002e-11,1.0,1.0,0.0,0.0,0.0,0.0,0.0,0.0,0.0,0.0,0.0,1.0,1.0,0.050462733103174534,0.0,0.0,1.2812645347544318e-09,1.4857419766043116e-07,0.00021841446187059006,0.0009722904199350419,0.000997269756292321,1.2113332060909002e-11,1.0,1.0,380.92298495490104
fig2_default_fedavg_rep00_seed12025,fig2,default,fedavg,0,12025,86,86,86,model,40,2,50,1,256,sgd,0.9,0.0,cosine,0.0001,0.003007350178315699,23.0,-74,1024,4,1000.0,10,paper_reference_kkt,update,coordinated_aggregate,False,,1.0,78042,0.2355,2.027193500223352,0.02423982404321431,0.0,0.0,0.0,0.2355,2.027193500223352,0.02423982404321431,1.9366185468065413,0.0,1.9366185468065413,0.0,0.0,0.0,0.0,0.0,0.0,0.0,0.0008733136125566038,6.706267595291138e-05,0.0008733136125566038,0.000852452004452859,0.000873310256084256,0.0,0.0,78042,6711612,77,6622,0.04996341336518018,0.0,0.0,2.653706652418412e-09,5.691841174032607e-07,0.00019054431091783148,0.000852452004452859,0.0008733102554034847,9.31132492626659e-12,1.0,1.0,0.0,0.0,0.0,0.0,0.0,0.0,0.0,0.0,0.0,1.0,1.0,0.04996341336518018,0.0,0.0,2.653706652418412e-09,5.691841174032607e-07,0.00019054431091783148,0.000852452004452859,0.0008733102554034847,9.31132492626659e-12,1.0,1.0,384.7977368119173
fig2_default_fedavg_rep00_seed12025,fig2,default,fedavg,0,12025,87,87,87,model,40,2,50,1,256,sgd,0.9,0.0,cosine,0.0001,0.0026125516999095156,23.0,-74,1024,4,1000.0,10,paper_reference_kkt,update,coordinated_aggregate,False,,1.0,78042,0.2355,2.027012453332077,0.02411397710591555,0.0,0.0,0.0,0.2355,2.027012453332077,0.02411397710591555,1.9363749142459548,0.0,1.9363749142459548,0.0,0.0,0.0,0.0,0.0,0.0,0.0,0.0007594642526420719,5.710124969482422e-05,0.0007594642526420719,0.0007412530281369612,0.0007594662910158244,0.0,0.0,78042,6789654,77,6699,0.050090009209049026,0.0,0.0,1.4889238094514524e-09,1.7044378078174826e-07,0.0001658983384206528,0.0007412530281369612,0.0007594662907644592,7.040517307631974e-12,1.0,1.0,0.0,0.0,0.0,0.0,0.0,0.0,0.0,0.0,0.0,1.0,1.0,0.050090009209049026,0.0,0.0,1.4889238094514524e-09,1.7044378078174826e-07,0.0001658983384206528,0.0007412530281369612,0.0007594662907644592,7.040517307631974e-12,1.0,1.0,389.31889028614387
fig2_default_fedavg_rep00_seed12025,fig2,default,fedavg,0,12025,88,88,88,model,40,2,50,1,256,sgd,0.9,0.0,cosine,0.0001,0.0022453804061686265,23.0,-74,1024,4,1000.0,10,paper_reference_kkt,update,coordinated_aggregate,False,,1.0,78042,0.2354,2.026857213061885,0.024255010420084013,0.0,0.0,0.0,0.2354,2.026857213061885,0.024255010420084013,1.9361636826004893,0.0,1.9361636826004893,0.0,0.0,0.0,0.0,0.0,0.0,0.0,0.0006520051411387675,4.832446575164795e-05,0.0006520051411387675,0.0006370484544291282,0.0006520038383414567,0.0,0.0,78042,6867696,77,6776,0.04978292808880436,0.0,0.0,1.7027061060270042e-09,3.2057418232313856e-07,0.0001421388131779274,0.0006370484544291282,0.0006520038375716049,5.2001580340142625e-12,1.0,1.0,0.0,0.0,0.0,0.0,0.0,0.0,0.0,0.0,0.0,1.0,1.0,0.04978292808880436,0.0,0.0,1.7027061060270042e-09,3.2057418232313856e-07,0.0001421388131779274,0.0006370484544291282,0.0006520038375716049,5.2001580340142625e-12,1.0,1.0,393.7285307222046
fig2_default_fedavg_rep00_seed12025,fig2,default,fedavg,0,12025,89,89,89,model,40,2,50,1,256,sgd,0.9,0.0,cosine,0.0001,0.0019062060074620459,23.0,-74,1024,4,1000.0,10,paper_reference_kkt,update,coordinated_aggregate,False,,1.0,78042,0.2353,2.0267253629441666,0.024602054564654835,0.0,0.0,0.0,0.2353,2.0267253629441666,0.024602054564654835,1.9359823016644981,0.0,1.9359823016644981,0.0,0.0,0.0,0.0,0.0,0.0,0.0,0.0005536964376089179,4.0762126445770264e-05,0.0005536964376089179,0.00054078295103743,0.0005536985028466631,0.0,0.0,78042,6945738,77,6853,0.04993188065490318,0.0,0.0,1.2583900705140478e-09,1.485379035034812e-07,0.0001208403441033187,0.00054078295103743,0.0005536985021894527,3.747292485235532e-12,1.0,1.0,0.0,0.0,0.0,0.0,0.0,0.0,0.0,0.0,0.0,1.0,1.0,0.04993188065490318,0.0,0.0,1.2583900705140478e-09,1.485379035034812e-07,0.0001208403441033187,0.00054078295103743,0.0005536985021894527,3.747292485235532e-12,1.0,1.0,398.0404844712466
fig2_default_fedavg_rep00_seed12025,fig2,default,fedavg,0,12025,90,90,90,model,40,2,50,1,256,sgd,0.9,0.0,cosine,0.0001,0.0015953700236586875,23.0,-74,1024,4,1000.0,10,paper_reference_kkt,update,coordinated_aggregate,False,,1.0,78042,0.2353,2.0266151432563673,0.024495062085986136,0.0,0.0,0.0,0.2353,2.0266151432563673,0.024495062085986136,1.9358284612274361,0.0,1.9358284612274361,0.0,0.0,0.0,0.0,0.0,0.0,0.0,0.0004640473707606569,3.428012132644653e-05,0.0004640473707606569,0.00045277321843203516,0.00046405056264503454,0.0,0.0,78042,7023780,77,6930,0.04972893469993167,0.0,0.0,1.6392496002202242e-09,3.2343815588828734e-07,0.0001009683614185685,0.00045277321843203516,0.00046405056258529674,2.6268366690923276e-12,1.0,1.0,0.0,0.0,0.0,0.0,0.0,0.0,0.0,0.0,0.0,1.0,1.0,0.04972893469993167,0.0,0.0,1.6392496002202242e-09,3.2343815588828734e-07,0.0001009683614185685,0.00045277321843203516,0.00046405056258529674,2.6268366690923276e-12,1.0,1.0,402.56542607210577
fig2_default_fedavg_rep00_seed12025,fig2,default,fedavg,0,12025,91,91,91,model,40,2,50,1,256,sgd,0.9,0.0,cosine,0.0001,0.0013131854402458072,23.0,-74,1024,4,1000.0,10,paper_reference_kkt,update,coordinated_aggregate,False,,1.0,78042,0.235,2.0265230406804795,0.024972555240988722,0.0,0.0,0.0,0.235,2.0265230406804795,0.024972555240988722,1.935698872119461,0.0,1.935698872119461,0.0,0.0,0.0,0.0,0.0,0.0,0.0,0.000381795476501821,2.8684735298156738e-05,0.000381795476501821,0.00037273083779437347,0.0003817926859399642,0.0,0.0,78042,7101822,77,7007,0.04983793630261893,0.0,0.0,1.6614952055624592e-09,1.6755534468756028e-07,8.320996720244275e-05,0.00037273083779437347,0.00038179268621881836,1.7801732072844824e-12,1.0,1.0,0.0,0.0,0.0,0.0,0.0,0.0,0.0,0.0,0.0,1.0,1.0,0.04983793630261893,0.0,0.0,1.6614952055624592e-09,1.6755534468756028e-07,8.320996720244275e-05,0.00037273083779437347,0.00038179268621881836,1.7801732072844824e-12,1.0,1.0,406.76795067824423
fig2_default_fedavg_rep00_seed12025,fig2,default,fedavg,0,12025,92,92,92,model,40,2,50,1,256,sgd,0.9,0.0,cosine,0.0001,0.0010599363931791304,23.0,-74,1024,4,1000.0,10,paper_reference_kkt,update,coordinated_aggregate,False,,1.0,78042,0.235,2.0264492978628357,0.024954407753050332,0.0,0.0,0.0,0.235,2.0264492978628357,0.024954407753050332,1.9355938021673431,0.0,1.9355938021673431,0.0,0.0,0.0,0.0,0.0,0.0,0.0,0.00030806516322624534,2.2970139980316162e-05,0.00030806516322624534,0.00030092200236932296,0.0003080629865236153,0.0,0.0,78042,7179864,77,7084,0.05016011215982671,0.0,0.0,1.6266741392419402e-09,2.4440172941489195e-07,6.73958558092889e-05,0.00030092200236932296,0.00030806298655466625,1.160324588169996e-12,1.0,1.0,0.0,0.0,0.0,0.0,0.0,0.0,0.0,0.0,0.0,1.0,1.0,0.05016011215982671,0.0,0.0,1.6266741392419402e-09,2.4440172941489195e-07,6.73958558092889e-05,0.00030092200236932296,0.00030806298655466625,1.160324588169996e-12,1.0,1.0,410.2860185611062
fig2_default_fedavg_rep00_seed12025,fig2,default,fedavg,0,12025,93,93,93,model,40,2,50,1,256,sgd,0.9,0.0,cosine,0.0001,0.000835877882782059,23.0,-74,1024,4,1000.0,10,paper_reference_kkt,update,coordinated_aggregate,False,,1.0,78042,0.235,2.026391269010043,0.024899794211983666,0.0,0.0,0.0,0.235,2.026391269010043,0.024899794211983666,1.9355084194535521,0.0,1.9355084194535521,0.0,0.0,0.0,0.0,0.0,0.0,0.0,0.0002427342391587443,1.8052756786346436e-05,0.0002427342391587443,0.0002373116506869345,0.00024273788064711077,0.0,0.0,78042,7257906,77,7161,0.05001309159112224,0.0,0.0,1.506322655657501e-09,1.4673559454221041e-07,5.30714448113367e-05,0.0002373116506869345,0.00024273788060636417,7.216219414130546e-13,1.0,1.0,0.0,0.0,0.0,0.0,0.0,0.0,0.0,0.0,0.0,1.0,1.0,0.05001309159112224,0.0,0.0,1.506322655657501e-09,1.4673559454221041e-07,5.30714448113367e-05,0.0002373116506869345,0.00024273788060636417,7.216219414130546e-13,1.0,1.0,414.43623710330576
fig2_default_fedavg_rep00_seed12025,fig2,default,fedavg,0,12025,94,94,94,model,40,2,50,1,256,sgd,0.9,0.0,cosine,0.0001,0.0006412355169819341,23.0,-74,1024,4,1000.0,10,paper_reference_kkt,update,coordinated_aggregate,False,,1.0,78042,0.235,2.0263463908850943,0.02516852365583181,0.0,0.0,0.0,0.235,2.0263463908850943,0.02516852365583181,1.9354410541991371,0.0,1.9354410541991371,0.0,0.0,0.0,0.0,0.0,0.0,0.0,0.0001864799570261422,1.385807991027832e-05,0.0001864799570261422,0.00018207639149183915,0.00018648382652402233,0.0,0.0,78042,7335948,77,7238,0.04987669462466513,0.0,0.0,1.4161682996426106e-09,1.4794807805553967e-07,4.0663285901056004e-05,0.00018207639149183915,0.0001864838266008908,4.2479449961161257e-13,1.0,1.0,0.0,0.0,0.0,0.0,0.0,0.0,0.0,0.0,0.0,1.0,1.0,0.04987669462466513,0.0,0.0,1.4161682996426106e-09,1.4794807805553967e-07,4.0663285901056004e-05,0.00018207639149183915,0.0001864838266008908,4.2479449961161257e-13,1.0,1.0,417.92068058624864
fig2_default_fedavg_rep00_seed12025,fig2,default,fedavg,0,12025,95,95,95,model,40,2,50,1,256,sgd,0.9,0.0,cosine,0.0001,0.000476205284141991,23.0,-74,1024,4,1000.0,10,paper_reference_kkt,update,coordinated_aggregate,False,,1.0,78042,0.235,2.026313087397187,0.025160081274807455,0.0,0.0,0.0,0.235,2.026313087397187,0.025160081274807455,1.935389532441404,0.0,1.935389532441404,0.0,0.0,0.0,0.0,0.0,0.0,0.0,0.00013862659977528034,1.0363757610321045e-05,0.00013862659977528034,0.00013521302502593962,0.0001386243592186811,0.0,0.0,78042,7413990,77,7315,0.050240755819424374,0.0,0.0,1.7545718518842914e-09,3.4563888231497294e-07,3.0307255567960267e-05,0.00013521302502593962,0.0001386243591696976,2.3426567920690625e-13,1.0,1.0,0.0,0.0,0.0,0.0,0.0,0.0,0.0,0.0,0.0,1.0,1.0,0.050240755819424374,0.0,0.0,1.7545718518842914e-09,3.4563888231497294e-07,3.0307255567960267e-05,0.00013521302502593962,0.0001386243591696976,2.3426567920690625e-13,1.0,1.0,422.5311157130636
fig2_default_fedavg_rep00_seed12025,fig2,default,fedavg,0,12025,96,96,96,model,40,2,50,1,256,sgd,0.9,0.0,cosine,0.0001,0.00034095335571767956,23.0,-74,1024,4,1000.0,10,paper_reference_kkt,update,coordinated_aggregate,False,,1.0,78042,0.235,2.0262891857983782,0.025154229840636255,0.0,0.0,0.0,0.235,2.0262891857983782,0.025154229840636255,1.9353502109601324,0.0,1.9353502109601324,0.0,0.0,0.0,0.0,0.0,0.0,0.0,9.907831781989836e-05,7.249414920806885e-06,9.907831781989836e-05,9.678250868104443e-05,9.907510161536755e-05,0.0,0.0,78042,7492032,77,7392,0.05035299916889883,0.0,0.0,1.535719113476506e-09,2.875385610292966e-07,2.171748583520402e-05,9.678250868104443e-05,9.907510162111809e-05,1.200232437225653e-13,1.0,1.0,0.0,0.0,0.0,0.0,0.0,0.0,0.0,0.0,0.0,1.0,1.0,0.05035299916889883,0.0,0.0,1.535719113476506e-09,2.875385610292966e-07,2.171748583520402e-05,9.678250868104443e-05,9.907510162111809e-05,1.200232437225653e-13,1.0,1.0,427.1981211742386
fig2_default_fedavg_rep00_seed12025,fig2,default,fedavg,0,12025,97,97,97,model,40,2,50,1,256,sgd,0.9,0.0,cosine,0.0001,0.00023561591893611655,23.0,-74,1024,4,1000.0,10,paper_reference_kkt,update,coordinated_aggregate,False,,1.0,78042,0.2349,2.0262726154226987,0.02537017601430417,0.0,0.0,0.0,0.2349,2.0262726154226987,0.02537017601430417,1.9353234259182421,0.0,1.9353234259182421,0.0,0.0,0.0,0.0,0.0,0.0,0.0,6.853796355236329e-05,5.140900611877441e-06,6.853796355236329e-05,6.688460282684425e-05,6.853697625084459e-05,0.0,0.0,78042,7570074,77,7469,0.050084983304022876,0.0,0.0,1.6451856638824027e-09,3.008373857585747e-07,1.496855643784817e-05,6.688460282684425e-05,6.853697624079394e-05,5.73223404744202e-14,1.0,1.0,0.0,0.0,0.0,0.0,0.0,0.0,0.0,0.0,0.0,1.0,1.0,0.050084983304022876,0.0,0.0,1.6451856638824027e-09,3.008373857585747e-07,1.496855643784817e-05,6.688460282684425e-05,6.853697624079394e-05,5.73223404744202e-14,1.0,1.0,431.9626317443326
fig2_default_fedavg_rep00_seed12025,fig2,default,fedavg,0,12025,98,98,98,model,40,2,50,1,256,sgd,0.9,0.0,cosine,0.0001,0.00016029903966706442,23.0,-74,1024,4,1000.0,10,paper_reference_kkt,update,coordinated_aggregate,False,,1.0,78042,0.2349,2.0262613527567597,0.025367414851486688,0.0,0.0,0.0,0.2349,2.0262613527567597,0.025367414851486688,1.9353042176999493,0.0,1.9353042176999493,0.0,0.0,0.0,0.0,0.0,0.0,0.0,4.6650077149084405e-05,3.4570693969726562e-06,4.6650077149084405e-05,4.551239580953115e-05,4.6646597863721854e-05,0.0,0.0,78042,7648116,77,7546,0.05001871005279087,0.0,0.0,1.2024728870184049e-09,2.0481203204613892e-07,1.017878500662655e-05,4.551239580953115e-05,4.6646597884343915e-05,2.6541838655127086e-14,1.0,1.0,0.0,0.0,0.0,0.0,0.0,0.0,0.0,0.0,0.0,1.0,1.0,0.05001871005279087,0.0,0.0,1.2024728870184049e-09,2.0481203204613892e-07,1.017878500662655e-05,4.551239580953115e-05,4.6646597884343915e-05,2.6541838655127086e-14,1.0,1.0,436.1268691900186
fig2_default_fedavg_rep00_seed12025,fig2,default,fedavg,0,12025,99,99,99,model,40,2,50,1,256,sgd,0.9,0.0,cosine,0.0001,0.00011507855562360679,23.0,-74,1024,4,1000.0,10,paper_reference_kkt,update,coordinated_aggregate,False,,1.0,78042,0.2349,2.026253242400319,0.025365452423691752,0.0,0.0,0.0,0.2349,2.026253242400319,0.025365452423691752,1.9352920486507437,0.0,1.9352920486507437,0.0,0.0,0.0,0.0,0.0,0.0,0.0,3.343082643283723e-05,2.4884939193725586e-06,3.343082643283723e-05,3.26729673603229e-05,3.343320432882632e-05,0.0,0.0,78042,7726158,77,7623,0.04983902978436622,0.0,0.0,3.864212517758597e-09,1.908111314853866e-06,7.294127804730973e-06,3.26729673603229e-05,3.343320434207508e-05,1.3678824173249353e-14,1.0,1.0,0.0,0.0,0.0,0.0,0.0,0.0,0.0,0.0,0.0,1.0,1.0,0.04983902978436622,0.0,0.0,3.864212517758597e-09,1.908111314853866e-06,7.294127804730973e-06,3.26729673603229e-05,3.343320434207508e-05,1.3678824173249353e-14,1.0,1.0,439.88248505815864
fig2_default_fedavg_rep00_seed12025,fig2,default,fedavg,0,12025,100,100,100,model,40,2,50,1,256,sgd,0.9,0.0,cosine,0.0001,0.0001,23.0,-74,1024,4,1000.0,10,paper_reference_kkt,update,coordinated_aggregate,False,,1.0,78042,0.2349,2.02624627762606,0.025283713792264455,0.0,0.0,0.0,0.2349,2.02624627762606,0.025283713792264455,1.9352818142967576,0.0,1.9352818142967576,0.0,0.0,0.0,0.0,0.0,0.0,0.0,2.9106500137217677e-05,2.16066837310791e-06,2.9106500137217677e-05,2.8390098920921714e-05,2.909739513266283e-05,0.0,0.0,78042,7804200,77,7700,0.049991926734688004,0.0,0.0,1.6770797922032767e-09,2.861695714391152e-07,6.3477065782515435e-06,2.8390098920921714e-05,2.9097395116069192e-05,1.0327742968398047e-14,1.0,1.0,0.0,0.0,0.0,0.0,0.0,0.0,0.0,0.0,0.0,1.0,1.0,0.049991926734688004,0.0,0.0,1.6770797922032767e-09,2.861695714391152e-07,6.3477065782515435e-06,2.8390098920921714e-05,2.9097395116069192e-05,1.0327742968398047e-14,1.0,1.0,443.49903743714094
